Baris_Excel;ID_Saluran;Kode_Saluran;Nama_Saluran;Kota_Administrasi;Kecamatan;Panjang_m;Lebar_m;Tinggi_m;Status_Pencatatan;Jenis_Konstruksi;Status_Tercatat;Dimensi_Lengkap;Luas_Penampang_Proxy_m2;Catatan_Data
833;2780;BAP-17751;Sal. Jl. Bambu Apus Raya Utara;Kota Adm. Jakarta Timur;Cipayung;1200.0;0.6;0.6;Tercatat;U-ditch;True;True;0.36;
834;2781;BAP-17752;Sal. Jl. Bambu Apus Raya Utara;Kota Adm. Jakarta Timur;Cipayung;1200.0;0.6;0.6;Tercatat;U-ditch;True;True;0.36;
835;2782;BAP-17753;Sal. Jl. Mini II;Kota Adm. Jakarta Timur;Cipayung;260.0;0.2;0.2;Tercatat;Cor Beton;True;True;0.04;
836;2783;BAP-17754;Sal. Jl. Mini II;Kota Adm. Jakarta Timur;Cipayung;260.0;0.2;0.2;Tercatat;Cor Beton;True;True;0.04;
837;2784;BAP-17755;Sal. Jl. Mini III;Kota Adm. Jakarta Timur;Cipayung;898.0;0.6;0.6;Tercatat;Cor Beton;True;True;0.36;
838;2785;BAP-17756;Sal. Jl. Mini III;Kota Adm. Jakarta Timur;Cipayung;898.0;0.6;0.6;Tercatat;Cor Beton;True;True;0.36;
839;2786;BAP-17757;Sal. Jl. Mini III;Kota Adm. Jakarta Timur;Cipayung;350.0;0.3;0.5;Tercatat;Cor Beton;True;True;0.15;
840;2787;BAP-17758;Sal. Jl. Mini III;Kota Adm. Jakarta Timur;Cipayung;350.0;0.3;0.5;Tercatat;Cor Beton;True;True;0.15;
841;2788;BAP-17759;Sal. Jl. Laksamana;Kota Adm. Jakarta Timur;Cipayung;382.0;0.2;0.3;Tercatat;U-ditch;True;True;0.06;
842;2789;BAP-17760;Sal. Jl. Laksamana;Kota Adm. Jakarta Timur;Cipayung;382.0;0.2;0.3;Tercatat;U-ditch;True;True;0.06;
843;2790;BAP-17761;Sal. Jl. Laksamana II;Kota Adm. Jakarta Timur;Cipayung;221.0;0.2;0.3;Tercatat;U-ditch;True;True;0.06;
844;2791;BAP-17762;Sal. Jl. Laksamana II;Kota Adm. Jakarta Timur;Cipayung;221.0;0.2;0.3;Tercatat;U-ditch;True;True;0.06;
845;2792;BAP-17763;Sal. Jl. Shinta Raya;Kota Adm. Jakarta Timur;Cipayung;325.0;0.8;0.8;Tercatat;Cor Beton;True;True;0.64;
846;2793;BAP-17764;Sal. Jl. Shinta Raya;Kota Adm. Jakarta Timur;Cipayung;325.0;0.8;0.8;Tercatat;Cor Beton;True;True;0.64;
847;2794;BAP-17765;Sal. Jl. Shinta VII;Kota Adm. Jakarta Timur;Cipayung;186.0;0.2;0.3;Tercatat;Pasir Batu/Cor Beton;True;True;0.06;
848;2795;BAP-17766;Sal. Jl. Shinta VII;Kota Adm. Jakarta Timur;Cipayung;186.0;0.2;0.3;Tercatat;Pasir Batu/Cor Beton;True;True;0.06;
849;2796;BAP-17767;Sal. Jl. Wibisana;Kota Adm. Jakarta Timur;Cipayung;432.0;0.2;0.3;Tercatat;Cor Beton;True;True;0.06;
850;2797;BAP-17768;Sal. Jl. Wibisana;Kota Adm. Jakarta Timur;Cipayung;432.0;0.2;0.3;Tercatat;Cor Beton;True;True;0.06;
851;2798;BAP-17769;Sal. Jl. Laksamana I;Kota Adm. Jakarta Timur;Cipayung;210.0;0.2;0.3;Tercatat;Cor Beton;True;True;0.06;
852;2799;BAP-17770;Sal. Jl. Laksamana I;Kota Adm. Jakarta Timur;Cipayung;210.0;0.2;0.3;Tercatat;Cor Beton;True;True;0.06;
853;2800;BAP-17771;Sal. Jl. Laksamana;Kota Adm. Jakarta Timur;Cipayung;159.0;0.2;0.3;Tercatat;U-ditch;True;True;0.06;
854;2801;BAP-17772;Sal. Jl. Laksamana;Kota Adm. Jakarta Timur;Cipayung;159.0;0.2;0.3;Tercatat;U-ditch;True;True;0.06;
855;2802;BAP-17773;Sal. Jl. Rama;Kota Adm. Jakarta Timur;Cipayung;617.0;0.3;0.3;Tercatat;Cor Beton;True;True;0.09;
856;2803;BAP-17774;Sal. Jl. Rama;Kota Adm. Jakarta Timur;Cipayung;264.0;0.3;0.3;Tercatat;Cor Beton;True;True;0.09;
858;2805;BAP-17776;Sal. Jl. Rama;Kota Adm. Jakarta Timur;Cipayung;617.0;0.3;0.3;Tercatat;Cor Beton;True;True;0.09;
859;2806;BAP-17777;;Kota Adm. Jakarta Timur;Cipayung;;;;Tercatat;Cor Beton U-ditch;True;False;;dimensi_tidak_lengkap
860;2807;BAP-17778;;Kota Adm. Jakarta Timur;Cipayung;;;;Tercatat;Cor Beton U-ditch;True;False;;dimensi_tidak_lengkap
861;2808;BAP-17779;;Kota Adm. Jakarta Timur;Cipayung;;;;Tercatat;Cor Beton U-ditch;True;False;;dimensi_tidak_lengkap
862;2809;BAP-17780;;Kota Adm. Jakarta Timur;Cipayung;;;;Tercatat;Cor Beton U-ditch;True;False;;dimensi_tidak_lengkap
863;2810;BAP-17781;;Kota Adm. Jakarta Timur;Cipayung;;;;Tercatat;Cor Beton U-ditch;True;False;;dimensi_tidak_lengkap
864;2811;BAP-17782;;Kota Adm. Jakarta Timur;Cipayung;;;;Tercatat;Cor Beton U-ditch;True;False;;dimensi_tidak_lengkap
865;2812;BAP-17783;;Kota Adm. Jakarta Timur;Cipayung;;;;Tercatat;Cor Beton U-ditch;True;False;;dimensi_tidak_lengkap
866;2813;BAP-17784;;Kota Adm. Jakarta Timur;Cipayung;;;;Tercatat;Cor Beton U-ditch;True;False;;dimensi_tidak_lengkap
867;2814;BAP-17785;;Kota Adm. Jakarta Timur;Cipayung;;;;Tercatat;Cor Beton U-ditch;True;False;;dimensi_tidak_lengkap
868;2815;BAP-17786;;Kota Adm. Jakarta Timur;Cipayung;;;;Tercatat;Cor Beton U-ditch;True;False;;dimensi_tidak_lengkap
869;2816;BAP-17787;;Kota Adm. Jakarta Timur;Cipayung;;;;Tercatat;Cor Beton U-ditch;True;False;;dimensi_tidak_lengkap
870;2817;BAP-17788;;Kota Adm. Jakarta Timur;Cipayung;;;;Tercatat;Cor Beton U-ditch;True;False;;dimensi_tidak_lengkap
871;2818;BAP-17789;;Kota Adm. Jakarta Timur;Cipayung;;;;Tercatat;Cor Beton U-ditch;True;False;;dimensi_tidak_lengkap
872;2819;BAP-17790;;Kota Adm. Jakarta Timur;Cipayung;;;;Tercatat;Cor Beton U-ditch;True;False;;dimensi_tidak_lengkap
873;2820;BAP-17791;;Kota Adm. Jakarta Timur;Cipayung;;;;Tercatat;Cor Beton U-ditch;True;False;;dimensi_tidak_lengkap
874;2821;BAP-17792;;Kota Adm. Jakarta Timur;Cipayung;;;;Tercatat;Cor Beton U-ditch;True;False;;dimensi_tidak_lengkap
875;2822;BAP-17793;;Kota Adm. Jakarta Timur;Cipayung;;;;Tercatat;Cor Beton U-ditch;True;False;;dimensi_tidak_lengkap
876;2823;BAP-17794;;Kota Adm. Jakarta Timur;Cipayung;;;;Tercatat;Cor Beton U-ditch;True;False;;dimensi_tidak_lengkap
877;2824;BAP-17795;Sal. Jl. Swadaya Rawa Binong;Kota Adm. Jakarta Timur;Cipayung;498.0;0.6;0.6;Tercatat;U-ditch;True;True;0.36;
878;2825;BAP-17796;Sal. Jl. Swadaya Rawa Binong;Kota Adm. Jakarta Timur;Cipayung;498.0;0.6;0.6;Tercatat;U-ditch;True;True;0.36;
418;2365;BAP-18234;Sal. Jl. Raya Mabes Hankam;Kota Adm. Jakarta Timur;Cipayung;365.0;0.6;0.6;Tercatat;U-ditch;True;True;0.36;
419;2366;BAP-18235;Sal. Jl. Raya Mabes Hankam;Kota Adm. Jakarta Timur;Cipayung;113.0;0.6;0.6;Tercatat;U-ditch;True;True;0.36;
420;2367;BAP-18236;Sal. Jl. Raya Mabes Hankam;Kota Adm. Jakarta Timur;Cipayung;474.0;0.6;0.6;Tercatat;U-ditch;True;True;0.36;
421;2368;BAP-18237;Sal. Jl. Bambu Kuning Utara;Kota Adm. Jakarta Timur;Cipayung;543.0;0.2;0.2;Tercatat;U-ditch;True;True;0.04;
422;2369;BAP-18238;Sal. Jl. Bambu Kuning Utara;Kota Adm. Jakarta Timur;Cipayung;543.0;0.2;0.2;Tercatat;U-ditch;True;True;0.04;
423;2370;BAP-18239;Sal. Jl. Kramat Duri Bambu;Kota Adm. Jakarta Timur;Cipayung;457.0;0.2;0.2;Tercatat;U-ditch;True;True;0.04;
424;2371;BAP-18240;Sal. Jl. Kramat Duri Bambu;Kota Adm. Jakarta Timur;Cipayung;457.0;0.2;0.2;Tercatat;U-ditch;True;True;0.04;
425;2372;BAP-18241;Sal. Jl. Bambu Kuning Utara;Kota Adm. Jakarta Timur;Cipayung;245.0;0.2;0.2;Tercatat;U-ditch;True;True;0.04;
426;2373;BAP-18242;Sal. Jl. Bambu Kuning Utara;Kota Adm. Jakarta Timur;Cipayung;245.0;0.2;0.2;Tercatat;U-ditch;True;True;0.04;
427;2374;BAP-18243;Sal. Jl. Bambu Kuning;Kota Adm. Jakarta Timur;Cipayung;540.0;0.6;0.6;Tercatat;U-ditch;True;True;0.36;
428;2375;BAP-18244;Sal. Jl. Bambu Kuning;Kota Adm. Jakarta Timur;Cipayung;540.0;0.6;0.6;Tercatat;U-ditch;True;True;0.36;
429;2376;BAP-18245;Sal. Jl. Raya Mabes Hankam;Kota Adm. Jakarta Timur;Cipayung;368.0;0.3;0.6;Tercatat;Cor Beton/U-ditch;True;True;0.18;
430;2377;BAP-18246;Sal. Jl. Raya Mabes Hankam;Kota Adm. Jakarta Timur;Cipayung;215.0;0.3;0.6;Tercatat;Cor Beton/U-ditch;True;True;0.18;
431;2378;BAP-18247;Sal. Jl. Raya Mabes Hankam;Kota Adm. Jakarta Timur;Cipayung;259.0;0.3;0.6;Tercatat;Cor Beton/U-ditch;True;True;0.18;
432;2379;BAP-18248;Sal. Jl. Raya Mabes Hankam;Kota Adm. Jakarta Timur;Cipayung;117.0;0.3;0.6;Tercatat;Cor Beton/U-ditch;True;True;0.18;
433;2380;BAP-18249;Sal. Jl. Raya Mabes Hankam;Kota Adm. Jakarta Timur;Cipayung;117.0;0.3;0.6;Tercatat;Cor Beton/U-ditch;True;True;0.18;
434;2381;BAP-18250;Sal. Jl. Raya Mabes Hankam;Kota Adm. Jakarta Timur;Cipayung;259.0;0.3;0.6;Tercatat;Cor Beton/U-ditch;True;True;0.18;
435;2382;BAP-18251;Sal. Jl. Bambu Indah;Kota Adm. Jakarta Timur;Cipayung;149.0;0.6;0.6;Tercatat;Cor Beton;True;True;0.36;
436;2383;BAP-18252;Sal. Jl. Bambu Indah;Kota Adm. Jakarta Timur;Cipayung;149.0;0.6;0.6;Tercatat;Cor Beton;True;True;0.36;
437;2384;BAP-18253;Sal. Jl. Bambu Hijau;Kota Adm. Jakarta Timur;Cipayung;414.0;0.6;;Tercatat;U-ditch;True;False;;dimensi_tidak_lengkap, tinggi_sama_dengan_panjang_dikosongkan
438;2385;BAP-18254;Sal. Jl. Bambu Hijau;Kota Adm. Jakarta Timur;Cipayung;414.0;0.6;;Tercatat;U-ditch;True;False;;dimensi_tidak_lengkap, tinggi_sama_dengan_panjang_dikosongkan
439;2386;BAP-18255;Sal. Jl. Bambu Hijau;Kota Adm. Jakarta Timur;Cipayung;152.0;0.6;;Tercatat;U-ditch;True;False;;dimensi_tidak_lengkap, tinggi_sama_dengan_panjang_dikosongkan
440;2387;BAP-18256;Sal. Jl. Bambu Hijau;Kota Adm. Jakarta Timur;Cipayung;152.0;0.6;;Tercatat;U-ditch;True;False;;dimensi_tidak_lengkap, tinggi_sama_dengan_panjang_dikosongkan
441;2388;BAP-18257;Sal. Jl. Daman II;Kota Adm. Jakarta Timur;Cipayung;283.0;0.6;0.6;Tercatat;U-ditch;True;True;0.36;
442;2389;BAP-18258;Sal. Jl. Daman II;Kota Adm. Jakarta Timur;Cipayung;283.0;0.6;0.6;Tercatat;U-ditch;True;True;0.36;
443;2390;BAP-18259;Sal. Jl. Bambu Kuning;Kota Adm. Jakarta Timur;Cipayung;241.0;0.6;0.6;Tercatat;U-ditch;True;True;0.36;
444;2391;BAP-18260;Sal. Jl. Bambu Kuning;Kota Adm. Jakarta Timur;Cipayung;241.0;0.6;0.6;Tercatat;U-ditch;True;True;0.36;
445;2392;BAP-18261;Sal. Jl. Bambu Apus Raya Utara;Kota Adm. Jakarta Timur;Cipayung;1200.0;0.6;0.6;Tercatat;Cor Beton;True;True;0.36;
446;2393;BAP-18262;Sal. Jl. Bambu Apus Raya;Kota Adm. Jakarta Timur;Cipayung;1200.0;0.6;0.6;Tercatat;Cor Beton;True;True;0.36;
447;2394;BAP-18263;Sal. Jl. Beringin;Kota Adm. Jakarta Timur;Cipayung;200.0;0.2;0.2;Tercatat;Cor Beton;True;True;0.04;
448;2395;BAP-18264;Sal. Jl. Beringin;Kota Adm. Jakarta Timur;Cipayung;200.0;0.2;0.2;Tercatat;Cor Beton;True;True;0.04;
449;2396;BAP-18265;Sal. Jl. Beringin;Kota Adm. Jakarta Timur;Cipayung;165.0;0.2;0.2;Tercatat;Cor Beton;True;True;0.04;
450;2397;BAP-18266;Sal. Jl. Beringin;Kota Adm. Jakarta Timur;Cipayung;165.0;0.2;0.2;Tercatat;Cor Beton;True;True;0.04;
451;2398;BAP-18267;Sal. Jl. Beringin;Kota Adm. Jakarta Timur;Cipayung;276.0;0.2;0.2;Tercatat;Cor Beton;True;True;0.04;
452;2399;BAP-18268;Sal. Jl. Beringin;Kota Adm. Jakarta Timur;Cipayung;276.0;0.2;0.2;Tercatat;Cor Beton;True;True;0.04;
453;2400;BAP-18269;Sal. Jl. Bambu Apus I;Kota Adm. Jakarta Timur;Cipayung;221.0;0.6;0.6;Tercatat;U-ditch;True;True;0.36;
454;2401;BAP-18270;Sal. Jl. Bambu Apus I;Kota Adm. Jakarta Timur;Cipayung;221.0;0.6;0.6;Tercatat;U-ditch;True;True;0.36;
455;2402;BAP-18271;Sal. Jl. Bambu Wulung;Kota Adm. Jakarta Timur;Cipayung;416.0;0.6;0.6;Tercatat;U-ditch;True;True;0.36;
456;2403;BAP-18272;Sal. Jl. Bambu Wulung;Kota Adm. Jakarta Timur;Cipayung;416.0;0.6;0.6;Tercatat;U-ditch;True;True;0.36;
457;2404;BAP-18273;;Kota Adm. Jakarta Timur;Cipayung;;;;Tercatat;Cor Beton U-ditch;True;False;;dimensi_tidak_lengkap
458;2405;BAP-18274;;Kota Adm. Jakarta Timur;Cipayung;;;;Tercatat;Cor Beton U-ditch;True;False;;dimensi_tidak_lengkap
459;2406;BAP-18275;Sal. Jl. Gebang Sari Dalam;Kota Adm. Jakarta Timur;Cipayung;291.0;0.3;0.4;Tercatat;Cor Beton;True;True;0.12;
460;2407;BAP-18276;Sal. Jl. Gebang Sari Dalam;Kota Adm. Jakarta Timur;Cipayung;291.0;0.3;0.4;Tercatat;Cor Beton;True;True;0.12;
461;2408;BAP-18277;;Kota Adm. Jakarta Timur;Cipayung;;;;Tercatat;Cor Beton U-ditch;True;False;;dimensi_tidak_lengkap
462;2409;BAP-18278;;Kota Adm. Jakarta Timur;Cipayung;;;;Tercatat;Cor Beton U-ditch;True;False;;dimensi_tidak_lengkap
463;2410;BAP-18279;Sal. Jl. Gebang Sari Dalam;Kota Adm. Jakarta Timur;Cipayung;121.0;0.3;0.4;Tidak diketahui;Cor Beton;False;True;0.12;status_belum_tercatat
464;2411;BAP-18280;Sal. Jl. Gebang Sari Dalam;Kota Adm. Jakarta Timur;Cipayung;129.0;0.3;0.4;Tercatat;Cor Beton;True;True;0.12;
465;2412;BAP-18281;Sal. Jl. Gebang Sari Dalam;Kota Adm. Jakarta Timur;Cipayung;129.0;0.3;0.4;Tercatat;Cor Beton;True;True;0.12;
466;2413;BAP-18282;Sal. Jl. Gebang Sari Dalam;Kota Adm. Jakarta Timur;Cipayung;101.0;0.3;0.4;Tercatat;Cor Beton;True;True;0.12;
467;2414;BAP-18283;Sal. Jl. Gebang Sari Dalam;Kota Adm. Jakarta Timur;Cipayung;178.0;0.3;0.4;Tercatat;Cor Beton;True;True;0.12;
468;2415;BAP-18284;Sal. Jl. Gebang Sari Dalam;Kota Adm. Jakarta Timur;Cipayung;178.0;0.3;0.4;Tercatat;Cor Beton;True;True;0.12;
469;2416;BAP-18285;;Kota Adm. Jakarta Timur;Cipayung;;;;Tercatat;Cor Beton U-ditch;True;False;;dimensi_tidak_lengkap
470;2417;BAP-18286;;Kota Adm. Jakarta Timur;Cipayung;;;;Tercatat;Cor Beton U-ditch;True;False;;dimensi_tidak_lengkap
471;2418;BAP-18287;Sal. Jl. Bambu Hitam;Kota Adm. Jakarta Timur;Cipayung;358.0;0.6;0.6;Tercatat;U-ditch;True;True;0.36;
472;2419;BAP-18288;Sal. Jl. Bambu Hitam;Kota Adm. Jakarta Timur;Cipayung;358.0;0.6;0.6;Tercatat;U-ditch;True;True;0.36;
473;2420;BAP-18289;;Kota Adm. Jakarta Timur;Cipayung;;;;Tercatat;Cor Beton U-ditch;True;False;;dimensi_tidak_lengkap
474;2421;BAP-18290;;Kota Adm. Jakarta Timur;Cipayung;;;;Tercatat;Cor Beton U-ditch;True;False;;dimensi_tidak_lengkap
475;2422;BAP-18291;;Kota Adm. Jakarta Timur;Cipayung;;;;Tercatat;Cor Beton U-ditch;True;False;;dimensi_tidak_lengkap
476;2423;BAP-18292;;Kota Adm. Jakarta Timur;Cipayung;;;;Tercatat;Cor Beton U-ditch;True;False;;dimensi_tidak_lengkap
477;2424;BAP-18293;Sal. Jl. Bambu Wulung II;Kota Adm. Jakarta Timur;Cipayung;371.0;0.3;0.3;Tercatat;Cor Beton;True;True;0.09;
478;2425;BAP-18294;Sal. Jl. Bambu Wulung II;Kota Adm. Jakarta Timur;Cipayung;371.0;0.3;0.3;Tercatat;Cor Beton;True;True;0.09;
479;2426;BAP-18295;;Kota Adm. Jakarta Timur;Cipayung;;;;Tercatat;Cor Beton U-ditch;True;False;;dimensi_tidak_lengkap
481;2428;BAP-18301;;Kota Adm. Jakarta Timur;Cipayung;;;;Tercatat;Cor Beton U-ditch;True;False;;dimensi_tidak_lengkap
482;2429;BAP-18302;Sal. Jl. Bambu Wulung;Kota Adm. Jakarta Timur;Cipayung;335.0;0.6;0.6;Tercatat;U-ditch;True;True;0.36;
483;2430;BAP-18303;Sal. Jl. Bambu Wulung;Kota Adm. Jakarta Timur;Cipayung;335.0;0.6;0.6;Tercatat;U-ditch;True;True;0.36;
484;2431;BAP-18304;Sal. Jl. Gebang Sari Dalam;Kota Adm. Jakarta Timur;Cipayung;115.0;0.3;0.4;Tercatat;Cor Beton;True;True;0.12;
485;2432;BAP-18305;Sal. Jl. Gebang Sari Dalam;Kota Adm. Jakarta Timur;Cipayung;115.0;0.3;0.4;Tercatat;Cor Beton;True;True;0.12;
486;2433;BAP-18306;Sal. Jl. Gebang Sari Dalam;Kota Adm. Jakarta Timur;Cipayung;331.0;0.3;0.4;Tercatat;Cor Beton;True;True;0.12;
487;2434;BAP-18307;Sal. Jl. Gebang Sari Dalam;Kota Adm. Jakarta Timur;Cipayung;331.0;0.3;0.4;Tercatat;Cor Beton;True;True;0.12;
488;2435;BAP-18308;;Kota Adm. Jakarta Timur;Cipayung;;;;Tercatat;Cor Beton U-ditch;True;False;;dimensi_tidak_lengkap
489;2436;BAP-18309;;Kota Adm. Jakarta Timur;Cipayung;;;;Tercatat;Cor Beton U-ditch;True;False;;dimensi_tidak_lengkap
490;2437;BAP-18310;Sal. Jl. Bambu Wulung I;Kota Adm. Jakarta Timur;Cipayung;426.0;0.6;0.6;Tercatat;U-ditch;True;True;0.36;
491;2438;BAP-18313;Sal. Jl. Bambu Wulung I;Kota Adm. Jakarta Timur;Cipayung;426.0;0.6;0.6;Tercatat;U-ditch;True;True;0.36;
492;2439;BAP-18314;Sal. Jl. Bambu Wulung II;Kota Adm. Jakarta Timur;Cipayung;207.0;0.3;0.3;Tercatat;Cor Beton;True;True;0.09;
493;2440;BAP-18315;Sal. Jl. Bambu Wulung II;Kota Adm. Jakarta Timur;Cipayung;207.0;0.3;0.3;Tercatat;Cor Beton;True;True;0.09;
494;2441;BAP-18316;Sal. Jl. Bambu Wulung II;Kota Adm. Jakarta Timur;Cipayung;88.0;0.3;0.3;Tercatat;Cor Beton;True;True;0.09;
495;2442;BAP-18317;Sal. Jl. Bambu Wulung II;Kota Adm. Jakarta Timur;Cipayung;88.0;0.3;0.3;Tercatat;Cor Beton;True;True;0.09;
496;2443;BAP-18318;Sal. Jl. Bambu Wulung II;Kota Adm. Jakarta Timur;Cipayung;71.0;0.3;0.3;Tercatat;Cor Beton;True;True;0.09;
497;2444;BAP-18321;Sal. Jl. Bambu Wulung II;Kota Adm. Jakarta Timur;Cipayung;71.0;0.3;0.3;Tercatat;Cor Beton;True;True;0.09;
498;2445;BAP-18322;Sal. Jl. Bambu Petung;Kota Adm. Jakarta Timur;Cipayung;426.0;0.3;0.3;Tercatat;Cor Beton;True;True;0.09;
500;2447;BAP-18325;Sal. Jl. Bambu Hitam;Kota Adm. Jakarta Timur;Cipayung;842.0;0.6;0.6;Tercatat;U-ditch;True;True;0.36;
502;2449;BAP-18327;Sal. Jl. SMPN 283;Kota Adm. Jakarta Timur;Cipayung;181.0;0.6;0.6;Tercatat;U-ditch;True;True;0.36;
503;2450;BAP-18328;Sal. Jl. SMPN 283;Kota Adm. Jakarta Timur;Cipayung;181.0;0.6;0.6;Tercatat;U-ditch;True;True;0.36;
504;2451;BAP-18329;Sal. Jl. Swadaya II;Kota Adm. Jakarta Timur;Cipayung;515.0;0.8;0.6;Tercatat;Pasir Batu / Cor Beton;True;True;0.48;
505;2452;BAP-18330;Sal. Jl. Swadaya II;Kota Adm. Jakarta Timur;Cipayung;515.0;0.8;0.6;Tercatat;Pasir Batu / Cor Beton;True;True;0.48;
506;2453;BAP-18331;Sal. Jl. Swadaya II;Kota Adm. Jakarta Timur;Cipayung;197.0;0.8;0.6;Tercatat;Pasir Batu / Cor Beton;True;True;0.48;
507;2454;BAP-18332;Sal. Jl. Swadaya II;Kota Adm. Jakarta Timur;Cipayung;91.0;0.8;0.6;Tercatat;Pasir Batu / Cor Beton;True;True;0.48;
508;2455;BAP-18333;;Kota Adm. Jakarta Timur;Cipayung;;;;Tercatat;Cor Beton U-ditch;True;False;;dimensi_tidak_lengkap
509;2456;BAP-18334;Sal. Jl. Damai;Kota Adm. Jakarta Timur;Cipayung;410.0;0.2;0.2;Tercatat;Cor Beton;True;True;0.04;
510;2457;BAP-18335;Sal. Jl. Damai;Kota Adm. Jakarta Timur;Cipayung;410.0;0.2;0.2;Tercatat;Cor Beton;True;True;0.04;
511;2458;BAP-18336;Sal. Jl. Damai;Kota Adm. Jakarta Timur;Cipayung;167.0;0.2;0.2;Tercatat;Cor Beton;True;True;0.04;
512;2459;BAP-18337;Sal. Jl. Damai;Kota Adm. Jakarta Timur;Cipayung;167.0;0.2;0.2;Tercatat;Cor Beton;True;True;0.04;
513;2460;BAP-18338;Sal. Jl. Damai;Kota Adm. Jakarta Timur;Cipayung;135.0;0.2;0.2;Tercatat;Cor Beton;True;True;0.04;
514;2461;BAP-18339;Sal. Jl. Damai;Kota Adm. Jakarta Timur;Cipayung;135.0;0.2;0.2;Tercatat;Cor Beton;True;True;0.04;
515;2462;BAP-18341;Sal. Jl. Damai;Kota Adm. Jakarta Timur;Cipayung;154.0;0.2;0.2;Tercatat;Cor Beton;True;True;0.04;
516;2463;BAP-18342;Sal. Jl. Damai;Kota Adm. Jakarta Timur;Cipayung;154.0;0.2;0.2;Tercatat;Cor Beton;True;True;0.04;
517;2464;BAP-18343;Sal. Jl. Damai;Kota Adm. Jakarta Timur;Cipayung;124.0;0.2;0.2;Tercatat;Cor Beton;True;True;0.04;
518;2465;BAP-18344;Sal. Jl. Damai;Kota Adm. Jakarta Timur;Cipayung;124.0;0.2;0.2;Tercatat;Cor Beton;True;True;0.04;
519;2466;BAP-18345;Sal. Jl. PPA;Kota Adm. Jakarta Timur;Cipayung;237.0;0.2;0.3;Tercatat;Cor Beton;True;True;0.06;
520;2467;BAP-18346;Sal. Jl. PPA;Kota Adm. Jakarta Timur;Cipayung;237.0;0.2;0.3;Tercatat;Cor Beton;True;True;0.06;
521;2468;BAP-18347;Sal. Jl. PPA;Kota Adm. Jakarta Timur;Cipayung;317.0;0.2;0.3;Tercatat;Cor Beton;True;True;0.06;
522;2469;BAP-18348;Sal. Jl. PPA;Kota Adm. Jakarta Timur;Cipayung;317.0;0.2;0.3;Tercatat;Cor Beton;True;True;0.06;
523;2470;BAP-18349;Sal. Jl. PPA;Kota Adm. Jakarta Timur;Cipayung;265.0;0.2;0.3;Tercatat;Cor Beton;True;True;0.06;
524;2471;BAP-18350;Sal. Jl. PPA;Kota Adm. Jakarta Timur;Cipayung;265.0;0.2;0.3;Tercatat;Cor Beton;True;True;0.06;
525;2472;BAP-18351;Sal. Jl. PPA;Kota Adm. Jakarta Timur;Cipayung;197.0;0.2;0.3;Tercatat;Cor Beton;True;True;0.06;
526;2473;BAP-18352;Sal. Jl. PPA;Kota Adm. Jakarta Timur;Cipayung;197.0;0.2;0.3;Tercatat;Cor Beton;True;True;0.06;
527;2474;BAP-18353;Sal. Jl. PPA;Kota Adm. Jakarta Timur;Cipayung;203.0;0.2;0.3;Tercatat;Cor Beton;True;True;0.06;
528;2475;BAP-18354;Sal. Jl. PPA;Kota Adm. Jakarta Timur;Cipayung;203.0;0.2;0.3;Tercatat;Cor Beton;True;True;0.06;
529;2476;BAP-18355;Sal. Jl. PPA;Kota Adm. Jakarta Timur;Cipayung;60.0;0.2;0.3;Tercatat;Cor Beton;True;True;0.06;
530;2477;BAP-18356;Sal. Jl. PPA;Kota Adm. Jakarta Timur;Cipayung;60.0;0.2;0.3;Tercatat;Cor Beton;True;True;0.06;
531;2478;BAP-18357;Sal. Jl. Mandor Hasan;Kota Adm. Jakarta Timur;Cipayung;208.0;0.6;0.6;Tercatat;U-ditch;True;True;0.36;
532;2479;BAP-18358;Sal. Jl. Mandor Hasan;Kota Adm. Jakarta Timur;Cipayung;208.0;0.6;0.6;Tercatat;U-ditch;True;True;0.36;
533;2480;BAP-18359;Sal. Jl. Mandor Hasan;Kota Adm. Jakarta Timur;Cipayung;208.0;0.6;0.6;Tercatat;U-ditch;True;True;0.36;
534;2481;BAP-18360;Sal. Jl. Mandor Hasan;Kota Adm. Jakarta Timur;Cipayung;208.0;0.6;0.6;Tercatat;U-ditch;True;True;0.36;
535;2482;BAP-18361;Sal. Jl. Budi Murni III;Kota Adm. Jakarta Timur;Cipayung;228.0;0.2;0.2;Tercatat;Cor Beton;True;True;0.04;
537;2484;BAP-18363;Sal. Jl. Budi Murni III;Kota Adm. Jakarta Timur;Cipayung;103.0;0.2;0.2;Tercatat;Cor Beton;True;True;0.04;
540;2487;BAP-18366;Sal. Jl. Mandor Hasan;Kota Adm. Jakarta Timur;Cipayung;433.0;0.6;0.6;Tercatat;U-ditch;True;True;0.36;
542;2489;BAP-18368;Sal. Jl. Mandor Hasan;Kota Adm. Jakarta Timur;Cipayung;287.0;0.6;0.6;Tercatat;U-ditch;True;True;0.36;
545;2492;BAP-18371;Sal. Jl. Beringin Raya;Kota Adm. Jakarta Timur;Cipayung;131.0;0.3;0.3;Tercatat;Cor Beton;True;True;0.09;
546;2493;BAP-18372;Sal. Jl. Beringin Raya;Kota Adm. Jakarta Timur;Cipayung;207.0;0.3;0.3;Tercatat;Cor Beton;True;True;0.09;
547;2494;BAP-18373;Sal. Jl. PPA;Kota Adm. Jakarta Timur;Cipayung;242.0;0.2;0.3;Tercatat;Cor Beton;True;True;0.06;
549;2496;BAP-18375;Sal. Jl. PPA;Kota Adm. Jakarta Timur;Cipayung;179.0;0.2;0.3;Tercatat;Cor Beton;True;True;0.06;
551;2498;BAP-18377;Sal. Jl. Raya Mabes Hankam;Kota Adm. Jakarta Timur;Cipayung;365.0;1.5;2.0;Tercatat;Pasir Batu;True;True;3.0;
552;2499;BAP-18385;Sal. Jl. Gebang Sari Dalam;Kota Adm. Jakarta Timur;Cipayung;101.0;0.3;0.4;Tercatat;Cor Beton;True;True;0.12;
553;2500;BAP-18393;Sal. Jl. Bambu Apus I;Kota Adm. Jakarta Timur;Cipayung;146.0;0.6;0.6;Tercatat;U-ditch;True;True;0.36;
554;2501;BAP-18394;Sal. Jl. Bambu Apus I;Kota Adm. Jakarta Timur;Cipayung;146.0;0.6;0.6;Tercatat;U-ditch;True;True;0.36;
555;2502;BAP-18402;;Kota Adm. Jakarta Timur;Cipayung;;;;Tercatat;Cor Beton U-ditch;True;False;;dimensi_tidak_lengkap
556;2503;BAP-18403;;Kota Adm. Jakarta Timur;Cipayung;;;;Tercatat;Cor Beton U-ditch;True;False;;dimensi_tidak_lengkap
557;2504;BAP-18408;Sal. Jl. Shinta I;Kota Adm. Jakarta Timur;Cipayung;190.0;0.3;0.2;Tercatat;Cor Beton;True;True;0.06;
558;2505;BAP-18409;Sal. Jl. Shinta I;Kota Adm. Jakarta Timur;Cipayung;190.0;0.3;0.2;Tercatat;Cor Beton;True;True;0.06;
543;2490;CGR-18369;Sal. Jl. Beringin Raya;Kota Adm. Jakarta Timur;Cipayung;131.0;0.3;0.3;Tercatat;Cor Beton;True;True;0.09;
544;2491;CGR-18370;Sal. Jl. Beringin Raya;Kota Adm. Jakarta Timur;Cipayung;207.0;0.3;0.3;Tercatat;Cor Beton;True;True;0.09;
548;2495;CGR-18374;Sal. Jl. PPA;Kota Adm. Jakarta Timur;Cipayung;242.0;0.2;0.3;Tercatat;Cor Beton;True;True;0.06;
550;2497;CGR-18376;Sal. Jl. PPA;Kota Adm. Jakarta Timur;Cipayung;179.0;0.2;0.3;Tercatat;Cor Beton;True;True;0.06;
665;2612;CGR-18516;Sal. Jl. Mandor Hasan;Kota Adm. Jakarta Timur;Cipayung;424.0;0.6;0.6;Tercatat;U-ditch;True;True;0.36;
4;1951;CGR-393;Sal. Jl. Raya Mabes Hankam;Kota Adm. Jakarta Timur;Cipayung;658.0;0.6;0.6;Tidak diketahui;Tidak diketahui;False;True;0.36;status_belum_tercatat
5;1952;CGR-394;Sal. Jl. Raya Mabes Hankam;Kota Adm. Jakarta Timur;Cipayung;658.0;1.5;1.5;Tidak diketahui;Tidak diketahui;False;True;2.25;status_belum_tercatat
6;1953;CGR-397;Sal. Jl. Remaja II;Kota Adm. Jakarta Timur;Cipayung;358.0;0.6;0.6;Tidak diketahui;Tidak diketahui;False;True;0.36;status_belum_tercatat
2;1949;CGR-4;Sal. Jl. Menara 5 Kav;Kota Adm. Jakarta Timur;Cipayung;;;;Tidak diketahui;Tidak diketahui;False;False;;dimensi_tidak_lengkap, status_belum_tercatat
7;1954;CGR-458;Sal. Jl. Gg. Pisar;Kota Adm. Jakarta Timur;Cipayung;132.0;0.6;0.6;Tidak diketahui;Tidak diketahui;False;True;0.36;status_belum_tercatat
8;1955;CGR-459;Sal. Jl. Raya Ceger;Kota Adm. Jakarta Timur;Cipayung;600.0;0.8;0.8;Tidak diketahui;Tidak diketahui;False;True;0.64;status_belum_tercatat
9;1956;CGR-460;Sal. Jl. Raya Ceger;Kota Adm. Jakarta Timur;Cipayung;500.0;0.8;0.8;Tidak diketahui;Tidak diketahui;False;True;0.64;status_belum_tercatat
10;1957;CGR-461;Sal. Jl. Raya Ceger;Kota Adm. Jakarta Timur;Cipayung;600.0;0.8;0.8;Tidak diketahui;Tidak diketahui;False;True;0.64;status_belum_tercatat
11;1958;CGR-463;Sal. Jl. Nangka;Kota Adm. Jakarta Timur;Cipayung;556.0;0.2;0.2;Tidak diketahui;Tidak diketahui;False;True;0.04;status_belum_tercatat
12;1959;CGR-465;Sal. Jl. SMP 22;Kota Adm. Jakarta Timur;Cipayung;536.0;0.3;0.4;Tidak diketahui;Tidak diketahui;False;True;0.12;status_belum_tercatat
13;1960;CGR-467;Sal. Jl. Rawa Segaran;Kota Adm. Jakarta Timur;Cipayung;117.0;0.4;0.4;Tidak diketahui;Tidak diketahui;False;True;0.16;status_belum_tercatat
14;1961;CGR-468;Sal. Jl. Rawa Segaran II;Kota Adm. Jakarta Timur;Cipayung;390.0;0.2;0.2;Tidak diketahui;Tidak diketahui;False;True;0.04;status_belum_tercatat
15;1962;CGR-472;Sal. Jl. Gempol Raya;Kota Adm. Jakarta Timur;Cipayung;118.0;0.6;0.6;Tidak diketahui;Tidak diketahui;False;True;0.36;status_belum_tercatat
16;1963;CGR-473;Sal. Jl. Gempol Raya;Kota Adm. Jakarta Timur;Cipayung;827.0;0.6;0.6;Tidak diketahui;Tidak diketahui;False;True;0.36;status_belum_tercatat
17;1964;CGR-474;Sal. Jl. Perintis;Kota Adm. Jakarta Timur;Cipayung;650.0;0.6;0.6;Tidak diketahui;Tidak diketahui;False;True;0.36;status_belum_tercatat
18;1965;CGR-476;Sal. Jl. H. Siun;Kota Adm. Jakarta Timur;Cipayung;614.0;0.2;0.2;Tidak diketahui;Tidak diketahui;False;True;0.04;status_belum_tercatat
19;1966;CGR-477;Sal. Jl. H. Siun II;Kota Adm. Jakarta Timur;Cipayung;552.0;0.3;0.3;Tidak diketahui;Tidak diketahui;False;True;0.09;status_belum_tercatat
20;1967;CGR-479;;Kota Adm. Jakarta Timur;Cipayung;;;;Tidak diketahui;Tidak diketahui;False;False;;dimensi_tidak_lengkap, status_belum_tercatat
21;1968;CGR-481;Sal. Jl. Masjid Siun;Kota Adm. Jakarta Timur;Cipayung;206.0;0.3;0.3;Tidak diketahui;Tidak diketahui;False;True;0.09;status_belum_tercatat
22;1969;CGR-482;;Kota Adm. Jakarta Timur;Cipayung;;;;Tidak diketahui;Tidak diketahui;False;False;;dimensi_tidak_lengkap, status_belum_tercatat
561;2508;CLP-18412;Sal. Jl. Setu Cilangkap;Kota Adm. Jakarta Timur;Cipayung;1700.0;0.6;0.6;Tercatat;U-ditch;True;True;0.36;
563;2510;CLP-18414;Sal. Jl. Suralaya;Kota Adm. Jakarta Timur;Cipayung;163.0;0.6;0.6;Tercatat;U-ditch;True;True;0.36;
564;2511;CLP-18415;Sal. Jl. Suralaya;Kota Adm. Jakarta Timur;Cipayung;163.0;0.6;0.6;Tercatat;U-ditch;True;True;0.36;
565;2512;CLP-18416;Sal. Jl. Suralaya;Kota Adm. Jakarta Timur;Cipayung;635.0;0.6;0.6;Tercatat;U-ditch;True;True;0.36;
566;2513;CLP-18417;Sal. Jl. Suralaya;Kota Adm. Jakarta Timur;Cipayung;635.0;0.6;0.6;Tercatat;U-ditch;True;True;0.36;
567;2514;CLP-18418;Sal. Jl. Alamanda;Kota Adm. Jakarta Timur;Cipayung;100.0;1.5;2.0;Tercatat;Pasir Batu;True;True;3.0;
568;2515;CLP-18419;Sal. Jl. Alamanda;Kota Adm. Jakarta Timur;Cipayung;100.0;1.5;2.0;Tercatat;Pasir Batu;True;True;3.0;
569;2516;CLP-18420;Sal. Jl. Gg. Umi;Kota Adm. Jakarta Timur;Cipayung;144.0;0.2;0.3;Tercatat;Cor Beton;True;True;0.06;
570;2517;CLP-18421;Sal. Jl. Gg. Umi;Kota Adm. Jakarta Timur;Cipayung;144.0;0.2;0.3;Tercatat;Cor Beton;True;True;0.06;
571;2518;CLP-18422;Sal. Jl. Rawa Lindung;Kota Adm. Jakarta Timur;Cipayung;100.0;0.6;0.6;Tercatat;U-ditch;True;True;0.36;
572;2519;CLP-18423;Sal. Jl. Rawa Lindung;Kota Adm. Jakarta Timur;Cipayung;100.0;0.6;0.6;Tercatat;U-ditch;True;True;0.36;
573;2520;CLP-18424;Sal. Jl. Assyafiyah;Kota Adm. Jakarta Timur;Cipayung;752.0;0.6;0.6;Tercatat;U-ditch;True;True;0.36;
574;2521;CLP-18425;Sal. Jl. Assyafiyah;Kota Adm. Jakarta Timur;Cipayung;752.0;0.6;0.6;Tercatat;U-ditch;True;True;0.36;
575;2522;CLP-18426;Sal. Jl. Pete;Kota Adm. Jakarta Timur;Cipayung;158.0;0.6;0.6;Tercatat;U-ditch;True;True;0.36;
576;2523;CLP-18427;Sal. Jl. Pete;Kota Adm. Jakarta Timur;Cipayung;158.0;0.6;0.6;Tercatat;U-ditch;True;True;0.36;
577;2524;CLP-18428;Sal. Jl. Pete;Kota Adm. Jakarta Timur;Cipayung;82.0;0.6;0.6;Tercatat;U-ditch;True;True;0.36;
578;2525;CLP-18429;Sal. Jl. Pete;Kota Adm. Jakarta Timur;Cipayung;82.0;0.6;0.6;Tercatat;U-ditch;True;True;0.36;
579;2526;CLP-18430;Sal. Jl. Basuki;Kota Adm. Jakarta Timur;Cipayung;746.0;0.3;0.4;Tercatat;Cor Beton;True;True;0.12;
580;2527;CLP-18431;Sal. Jl. Basuki;Kota Adm. Jakarta Timur;Cipayung;746.0;0.3;0.4;Tercatat;Cor Beton;True;True;0.12;
581;2528;CLP-18432;Sal. Jl. Basuki;Kota Adm. Jakarta Timur;Cipayung;79.0;0.3;0.4;Tercatat;Cor Beton;True;True;0.12;
582;2529;CLP-18433;Sal. Jl. Basuki;Kota Adm. Jakarta Timur;Cipayung;79.0;0.3;0.4;Tercatat;Cor Beton;True;True;0.12;
583;2530;CLP-18434;Sal. Jl. Giri Kencana;Kota Adm. Jakarta Timur;Cipayung;225.0;0.3;0.5;Tercatat;Pasir Batu;True;True;0.15;
584;2531;CLP-18435;Sal. Jl. Giri Kencana;Kota Adm. Jakarta Timur;Cipayung;225.0;0.3;0.5;Tercatat;Pasir Batu;True;True;0.15;
585;2532;CLP-18436;Sal. Jl. Giri Kencana;Kota Adm. Jakarta Timur;Cipayung;100.0;0.3;0.5;Tercatat;Pasir Batu;True;True;0.15;
586;2533;CLP-18437;Sal. Jl. Giri Kencana;Kota Adm. Jakarta Timur;Cipayung;100.0;0.3;0.5;Tercatat;Pasir Batu;True;True;0.15;
587;2534;CLP-18438;Sal. Jl. Giri Kencana;Kota Adm. Jakarta Timur;Cipayung;53.0;0.3;0.3;Tercatat;Cor Beton;True;True;0.09;
588;2535;CLP-18439;Sal. Jl. Giri Kencana;Kota Adm. Jakarta Timur;Cipayung;53.0;0.3;0.3;Tercatat;Cor Beton;True;True;0.09;
589;2536;CLP-18440;Sal. Jl. Giri Kencana;Kota Adm. Jakarta Timur;Cipayung;511.0;0.3;0.3;Tercatat;Cor Beton;True;True;0.09;
590;2537;CLP-18441;Sal. Jl. Giri Kencana;Kota Adm. Jakarta Timur;Cipayung;511.0;0.3;0.3;Tercatat;Cor Beton;True;True;0.09;
591;2538;CLP-18442;Sal. Jl. Wira Kencana;Kota Adm. Jakarta Timur;Cipayung;582.0;0.3;0.3;Tercatat;Cor Beton;True;True;0.09;
592;2539;CLP-18443;Sal. Jl. Wira Kencana;Kota Adm. Jakarta Timur;Cipayung;582.0;0.3;0.3;Tercatat;Cor Beton;True;True;0.09;
593;2540;CLP-18444;Sal. Jl. Raya Cilangkap;Kota Adm. Jakarta Timur;Cipayung;945.0;0.6;0.6;Tercatat;U-ditch;True;True;0.36;
594;2541;CLP-18445;Sal. Jl. Raya Cilangkap;Kota Adm. Jakarta Timur;Cipayung;945.0;0.6;0.6;Tercatat;U-ditch;True;True;0.36;
595;2542;CLP-18446;Sal. Jl. Raya Cilangkap;Kota Adm. Jakarta Timur;Cipayung;400.0;0.6;0.6;Tercatat;U-ditch;True;True;0.36;
596;2543;CLP-18447;Sal. Jl. Raya Cilangkap;Kota Adm. Jakarta Timur;Cipayung;400.0;0.6;0.6;Tercatat;U-ditch;True;True;0.36;
597;2544;CLP-18448;Sal. Jl. Raya Cilangkap;Kota Adm. Jakarta Timur;Cipayung;355.0;0.6;0.6;Tercatat;U-ditch;True;True;0.36;
598;2545;CLP-18449;Sal. Jl. Raya Cilangkap;Kota Adm. Jakarta Timur;Cipayung;355.0;0.6;0.6;Tercatat;U-ditch;True;True;0.36;
599;2546;CLP-18450;Sal. Jl. Malaka;Kota Adm. Jakarta Timur;Cipayung;317.0;0.6;0.6;Tercatat;U-ditch;True;True;0.36;
600;2547;CLP-18451;Sal. Jl. Malaka;Kota Adm. Jakarta Timur;Cipayung;317.0;0.6;0.6;Tercatat;U-ditch;True;True;0.36;
601;2548;CLP-18452;Sal. Jl. Sepakat V;Kota Adm. Jakarta Timur;Cipayung;200.0;0.3;0.3;Tercatat;Cor Beton;True;True;0.09;
602;2549;CLP-18453;Sal. Jl. Sepakat V;Kota Adm. Jakarta Timur;Cipayung;200.0;0.3;0.3;Tercatat;Cor Beton;True;True;0.09;
603;2550;CLP-18454;Sal. Jl. Sepakat X;Kota Adm. Jakarta Timur;Cipayung;452.0;0.3;0.3;Tercatat;Cor Beton;True;True;0.09;
604;2551;CLP-18455;Sal. Jl. Sepakat X;Kota Adm. Jakarta Timur;Cipayung;452.0;0.3;0.3;Tercatat;Cor Beton;True;True;0.09;
605;2552;CLP-18456;Sal. Jl. Sepakat IX;Kota Adm. Jakarta Timur;Cipayung;383.0;0.4;0.4;Tercatat;Cor Beton;True;True;0.16;
606;2553;CLP-18457;Sal. Jl. Sepakat IX;Kota Adm. Jakarta Timur;Cipayung;383.0;0.4;0.4;Tercatat;Cor Beton;True;True;0.16;
607;2554;CLP-18458;Sal. Jl. Sepakat VIII;Kota Adm. Jakarta Timur;Cipayung;291.0;0.4;0.7;Tercatat;Cor Beton;True;True;0.28;
608;2555;CLP-18459;Sal. Jl. Sepakat VIII;Kota Adm. Jakarta Timur;Cipayung;291.0;0.4;0.7;Tercatat;Cor Beton;True;True;0.28;
609;2556;CLP-18460;Sal. Jl. Sepakat II;Kota Adm. Jakarta Timur;Cipayung;173.0;0.4;0.6;Tercatat;Cor Beton;True;True;0.24;
610;2557;CLP-18461;Sal. Jl. Sepakat II;Kota Adm. Jakarta Timur;Cipayung;173.0;0.4;0.6;Tercatat;Cor Beton;True;True;0.24;
611;2558;CLP-18462;Sal. Jl. Sepakat I;Kota Adm. Jakarta Timur;Cipayung;180.0;0.4;0.6;Tercatat;Cor Beton;True;True;0.24;
612;2559;CLP-18463;Sal. Jl. Sepakat I;Kota Adm. Jakarta Timur;Cipayung;232.0;0.4;0.6;Tercatat;Cor Beton;True;True;0.24;
613;2560;CLP-18464;Sal. Jl. Sepakat III;Kota Adm. Jakarta Timur;Cipayung;284.0;0.4;0.6;Tercatat;Cor Beton;True;True;0.24;
614;2561;CLP-18465;Sal. Jl. Sepakat VIII;Kota Adm. Jakarta Timur;Cipayung;130.0;0.2;0.2;Tercatat;Cor Beton;True;True;0.04;
615;2562;CLP-18466;Sal. Jl. Sepakat VIII;Kota Adm. Jakarta Timur;Cipayung;58.0;0.2;0.2;Tercatat;Cor Beton;True;True;0.04;
616;2563;CLP-18467;Sal. Jl. Sepakat VIII;Kota Adm. Jakarta Timur;Cipayung;58.0;0.2;0.2;Tercatat;Cor Beton;True;True;0.04;
617;2564;CLP-18468;Sal. Jl. Sepakat VIII;Kota Adm. Jakarta Timur;Cipayung;130.0;0.2;0.2;Tercatat;Cor Beton;True;True;0.04;
618;2565;CLP-18469;Sal. Jl. Sepakat VIII;Kota Adm. Jakarta Timur;Cipayung;300.0;0.2;0.2;Tercatat;Cor Beton;True;True;0.04;
619;2566;CLP-18470;Sal. Jl. Sepakat VIII;Kota Adm. Jakarta Timur;Cipayung;300.0;0.2;0.2;Tercatat;Cor Beton;True;True;0.04;
620;2567;CLP-18471;Sal. Jl. Sepakat IV;Kota Adm. Jakarta Timur;Cipayung;145.0;0.2;0.25;Tercatat;Cor Beton;True;True;0.05;
621;2568;CLP-18472;Sal. Jl. Sepakat IV;Kota Adm. Jakarta Timur;Cipayung;145.0;0.2;0.25;Tercatat;Cor Beton;True;True;0.05;
622;2569;CLP-18473;Sal. Jl. Cilangkap Baru;Kota Adm. Jakarta Timur;Cipayung;371.0;0.6;0.6;Tercatat;U-ditch;True;True;0.36;
623;2570;CLP-18474;Sal. Jl. Cilangkap Baru;Kota Adm. Jakarta Timur;Cipayung;929.0;0.6;0.6;Tercatat;U-ditch;True;True;0.36;
626;2573;CLP-18477;Sal. Jl. Raya Munjul;Kota Adm. Jakarta Timur;Cipayung;360.0;0.6;0.8;Tercatat;Cor Beton;True;True;0.48;
628;2575;CLP-18479;Sal. Jl. Cilangkap Raya;Kota Adm. Jakarta Timur;Cipayung;648.0;0.6;0.6;Tercatat;U-ditch;True;True;0.36;
630;2577;CLP-18481;Sal. Jl. Gg. Umi;Kota Adm. Jakarta Timur;Cipayung;130.0;0.2;0.3;Tercatat;Cor Beton;True;True;0.06;
631;2578;CLP-18482;Sal. Jl. Gg. Umi;Kota Adm. Jakarta Timur;Cipayung;130.0;0.2;0.3;Tercatat;Cor Beton;True;True;0.06;
677;2624;CLP-18528;Sal. Jl. 37 Raya;Kota Adm. Jakarta Timur;Cipayung;399.0;0.8;1.0;Tercatat;Cor Beton;True;True;0.8;
499;2446;CPY-18324;Sal. Jl. Bambu Petung;Kota Adm. Jakarta Timur;Cipayung;426.0;0.3;0.3;Tercatat;Cor Beton;True;True;0.09;
501;2448;CPY-18326;Sal. Jl. Bambu Hitam;Kota Adm. Jakarta Timur;Cipayung;842.0;0.6;0.6;Tercatat;U-ditch;True;True;0.36;
536;2483;CPY-18362;Sal. Jl. Budi Murni III;Kota Adm. Jakarta Timur;Cipayung;228.0;0.2;0.2;Tercatat;Cor Beton;True;True;0.04;
538;2485;CPY-18364;Sal. Jl. Budi Murni III;Kota Adm. Jakarta Timur;Cipayung;103.0;0.2;0.2;Tercatat;Cor Beton;True;True;0.04;
539;2486;CPY-18365;Sal. Jl. Mandor Hasan;Kota Adm. Jakarta Timur;Cipayung;433.0;0.6;0.6;Tercatat;U-ditch;True;True;0.36;
541;2488;CPY-18367;Sal. Jl. Mandor Hasan;Kota Adm. Jakarta Timur;Cipayung;287.0;0.6;0.6;Tercatat;U-ditch;True;True;0.36;
562;2509;CPY-18413;Sal. Jl. Setu Cilangkap;Kota Adm. Jakarta Timur;Cipayung;1700.0;0.6;0.6;Tercatat;U-ditch;True;True;0.36;
629;2576;CPY-18480;Sal. Jl. Cilangkap Raya;Kota Adm. Jakarta Timur;Cipayung;648.0;0.6;0.6;Tercatat;U-ditch;True;True;0.36;
632;2579;CPY-18483;Sal. Jl. TPU 37;Kota Adm. Jakarta Timur;Cipayung;306.0;0.3;0.3;Tercatat;Cor Beton;True;True;0.09;
633;2580;CPY-18484;Sal. Jl. TPU 37;Kota Adm. Jakarta Timur;Cipayung;313.0;0.3;0.3;Tercatat;Cor Beton;True;True;0.09;
634;2581;CPY-18485;Sal. Jl. Botin;Kota Adm. Jakarta Timur;Cipayung;290.0;0.3;0.4;Tercatat;Cor Beton;True;True;0.12;
635;2582;CPY-18486;Sal. Jl. Botin;Kota Adm. Jakarta Timur;Cipayung;290.0;0.3;0.4;Tercatat;Cor Beton;True;True;0.12;
636;2583;CPY-18487;Sal. Jl. Budi Murni 2;Kota Adm. Jakarta Timur;Cipayung;324.0;0.3;0.3;Tercatat;Cor Beton;True;True;0.09;
637;2584;CPY-18488;Sal. Jl. Budi Murni 2;Kota Adm. Jakarta Timur;Cipayung;324.0;0.3;0.3;Tercatat;Cor Beton;True;True;0.09;
638;2585;CPY-18489;Sal. Jl. Budi Murni;Kota Adm. Jakarta Timur;Cipayung;446.0;0.4;0.5;Tercatat;Cor Beton;True;True;0.2;
639;2586;CPY-18490;Sal. Jl. Budi Murni;Kota Adm. Jakarta Timur;Cipayung;446.0;0.4;0.5;Tercatat;Cor Beton;True;True;0.2;
640;2587;CPY-18491;Sal. Jl. Pinang;Kota Adm. Jakarta Timur;Cipayung;287.0;0.35;0.5;Tercatat;Cor Beton;True;True;0.175;
641;2588;CPY-18492;Sal. Jl. Pinang;Kota Adm. Jakarta Timur;Cipayung;287.0;0.35;0.5;Tercatat;Cor Beton;True;True;0.175;
642;2589;CPY-18493;Sal. Jl. Bhexman;Kota Adm. Jakarta Timur;Cipayung;292.0;0.2;0.3;Tercatat;Cor Beton;True;True;0.06;
643;2590;CPY-18494;Sal. Jl. Bhexman;Kota Adm. Jakarta Timur;Cipayung;292.0;0.2;0.3;Tercatat;Cor Beton;True;True;0.06;
644;2591;CPY-18495;Sal. Jl. Bhexman;Kota Adm. Jakarta Timur;Cipayung;110.0;0.2;0.3;Tercatat;Cor Beton;True;True;0.06;
645;2592;CPY-18496;Sal. Jl. Bambu Hitam 1;Kota Adm. Jakarta Timur;Cipayung;235.0;0.25;0.4;Tercatat;Cor Beton;True;True;0.1;
646;2593;CPY-18497;Sal. Jl. Bambu Hitam 1;Kota Adm. Jakarta Timur;Cipayung;235.0;0.25;0.4;Tercatat;Cor Beton;True;True;0.1;
647;2594;CPY-18498;Sal. Jl. Bambu Petung 1;Kota Adm. Jakarta Timur;Cipayung;233.0;0.2;0.2;Tercatat;Cor Beton;True;True;0.04;
648;2595;CPY-18499;Sal. Jl. Tugu;Kota Adm. Jakarta Timur;Cipayung;354.0;0.3;0.3;Tercatat;Cor Beton;True;True;0.09;
649;2596;CPY-18500;Sal. Jl. Tugu;Kota Adm. Jakarta Timur;Cipayung;354.0;0.3;0.3;Tercatat;Cor Beton;True;True;0.09;
650;2597;CPY-18501;Sal. Jl. Tengki;Kota Adm. Jakarta Timur;Cipayung;47.0;0.6;0.6;Tercatat;U-ditch;True;True;0.36;
651;2598;CPY-18502;Sal. Jl. Tengki;Kota Adm. Jakarta Timur;Cipayung;47.0;0.6;0.6;Tercatat;U-ditch;True;True;0.36;
652;2599;CPY-18503;Sal. Jl. Tengki;Kota Adm. Jakarta Timur;Cipayung;398.0;0.6;0.6;Tercatat;U-ditch;True;True;0.36;
653;2600;CPY-18504;Sal. Jl. Tengki;Kota Adm. Jakarta Timur;Cipayung;398.0;0.6;0.6;Tercatat;U-ditch;True;True;0.36;
654;2601;CPY-18505;Sal. Jl. Tengki;Kota Adm. Jakarta Timur;Cipayung;415.0;0.6;0.6;Tercatat;U-ditch;True;True;0.36;
655;2602;CPY-18506;Sal. Jl. Tengki;Kota Adm. Jakarta Timur;Cipayung;415.0;0.6;0.6;Tercatat;U-ditch;True;True;0.36;
656;2603;CPY-18507;Sal. Jl. Cendana;Kota Adm. Jakarta Timur;Cipayung;234.0;0.3;0.3;Tercatat;Cor Beton;True;True;0.09;
657;2604;CPY-18508;Sal. Jl. SMA 64;Kota Adm. Jakarta Timur;Cipayung;184.0;0.2;0.3;Tercatat;Cor Beton;True;True;0.06;
658;2605;CPY-18509;Sal. Jl. SMA 64;Kota Adm. Jakarta Timur;Cipayung;184.0;0.2;0.3;Tercatat;Cor Beton;True;True;0.06;
659;2606;CPY-18510;Sal. Jl. SMA 64;Kota Adm. Jakarta Timur;Cipayung;71.0;0.2;0.3;Tercatat;Cor Beton;True;True;0.06;
660;2607;CPY-18511;Sal. Jl. SMA 64;Kota Adm. Jakarta Timur;Cipayung;71.0;0.2;0.3;Tercatat;Cor Beton;True;True;0.06;
661;2608;CPY-18512;Sal. Jl. SMA 64;Kota Adm. Jakarta Timur;Cipayung;758.0;0.2;0.3;Tercatat;Cor Beton;True;True;0.06;
662;2609;CPY-18513;Sal. Jl. SMA 64;Kota Adm. Jakarta Timur;Cipayung;234.0;0.2;0.3;Tercatat;Cor Beton;True;True;0.06;
663;2610;CPY-18514;Sal. Jl. SMA 64;Kota Adm. Jakarta Timur;Cipayung;508.0;0.2;0.3;Tercatat;Cor Beton;True;True;0.06;
664;2611;CPY-18515;Sal. Jl. Mandor Hasan;Kota Adm. Jakarta Timur;Cipayung;424.0;0.6;0.6;Tercatat;U-ditch;True;True;0.36;
666;2613;CPY-18517;Sal. Jl. Masjid 3;Kota Adm. Jakarta Timur;Cipayung;375.0;0.6;0.6;Tercatat;U-ditch;True;True;0.36;
667;2614;CPY-18518;Sal. Jl. Masjid Nurul Hidayah;Kota Adm. Jakarta Timur;Cipayung;137.0;0.6;0.6;Tercatat;U-ditch;True;True;0.36;
668;2615;CPY-18519;Sal. Jl. Masjid Nurul Hidayah;Kota Adm. Jakarta Timur;Cipayung;243.0;0.6;0.6;Tercatat;U-ditch;True;True;0.36;
669;2616;CPY-18520;Sal. Jl. Masjid Nurul Hidayah;Kota Adm. Jakarta Timur;Cipayung;137.0;0.6;0.6;Tercatat;U-ditch;True;True;0.36;
670;2617;CPY-18521;Sal. Jl. Masjid Nurul Hidayah;Kota Adm. Jakarta Timur;Cipayung;243.0;0.6;0.6;Tercatat;U-ditch;True;True;0.36;
671;2618;CPY-18522;Sal. Jl. Seira Tanimbar;Kota Adm. Jakarta Timur;Cipayung;363.0;0.6;0.6;Tercatat;Cor Beton;True;True;0.36;
672;2619;CPY-18523;Sal. Jl. Seira Tanimbar;Kota Adm. Jakarta Timur;Cipayung;363.0;0.6;0.6;Tercatat;Cor Beton;True;True;0.36;
673;2620;CPY-18524;;Kota Adm. Jakarta Timur;Cipayung;;;;Tidak diketahui;Tidak diketahui;False;False;;dimensi_tidak_lengkap, status_belum_tercatat
674;2621;CPY-18525;Sal. Jl. Masjid Nurul Hidayah;Kota Adm. Jakarta Timur;Cipayung;364.0;0.6;0.6;Tercatat;U-ditch;True;True;0.36;
675;2622;CPY-18526;Sal. Jl. 37 Raya;Kota Adm. Jakarta Timur;Cipayung;801.0;0.8;1.0;Tercatat;Cor Beton;True;True;0.8;
676;2623;CPY-18527;Sal. Jl. 37 Raya;Kota Adm. Jakarta Timur;Cipayung;801.0;0.8;1.0;Tercatat;Cor Beton;True;True;0.8;
678;2625;CPY-18529;Sal. Jl. Kav. DKI 1;Kota Adm. Jakarta Timur;Cipayung;220.0;0.6;0.6;Tercatat;Cor Beton;True;True;0.36;
679;2626;CPY-18530;Sal. Jl. Kav. DKI 1;Kota Adm. Jakarta Timur;Cipayung;167.0;0.6;0.6;Tercatat;Cor Beton;True;True;0.36;
680;2627;CPY-18531;Sal. Jl. Kav. DKI 1;Kota Adm. Jakarta Timur;Cipayung;167.0;0.6;0.6;Tercatat;Cor Beton;True;True;0.36;
681;2628;CPY-18532;Sal. Jl. Kav. DKI 1;Kota Adm. Jakarta Timur;Cipayung;220.0;0.6;0.6;Tercatat;Cor Beton;True;True;0.36;
682;2629;CPY-18533;Sal. Jl. Ali Raya;Kota Adm. Jakarta Timur;Cipayung;331.0;0.6;0.6;Tercatat;Cor Beton;True;True;0.36;
683;2630;CPY-18534;Sal. Jl. Perjuangan;Kota Adm. Jakarta Timur;Cipayung;300.0;0.2;0.3;Tercatat;Cor Beton;True;True;0.06;
684;2631;CPY-18535;Sal. Jl. Perjuangan;Kota Adm. Jakarta Timur;Cipayung;300.0;0.2;0.3;Tercatat;Cor Beton;True;True;0.06;
685;2632;CPY-18536;Sal. Jl. Ali Raya;Kota Adm. Jakarta Timur;Cipayung;331.0;0.6;0.6;Tercatat;Cor Beton;True;True;0.36;
686;2633;CPY-18537;Sal. Jl. 37 Raya;Kota Adm. Jakarta Timur;Cipayung;399.0;0.8;1.0;Tercatat;Cor Beton;True;True;0.8;
687;2634;CPY-18538;Sal. Jl. Cendana;Kota Adm. Jakarta Timur;Cipayung;118.0;0.3;0.3;Tercatat;Cor Beton;True;True;0.09;
688;2635;CPY-18539;Sal. Jl. Cendana;Kota Adm. Jakarta Timur;Cipayung;116.0;0.3;0.3;Tercatat;Cor Beton;True;True;0.09;
689;2636;CPY-18540;Sal. Jl. Mahoni;Kota Adm. Jakarta Timur;Cipayung;120.0;0.2;0.3;Tercatat;Cor Beton;True;True;0.06;
690;2637;CPY-18541;Sal. Jl. Mahoni;Kota Adm. Jakarta Timur;Cipayung;120.0;0.2;0.3;Tercatat;Cor Beton;True;True;0.06;
691;2638;CPY-18542;Sal. Jl. Meranti;Kota Adm. Jakarta Timur;Cipayung;98.0;0.2;0.3;Tercatat;Cor Beton;True;True;0.06;
692;2639;CPY-18543;Sal. Jl. Meranti;Kota Adm. Jakarta Timur;Cipayung;98.0;0.2;0.3;Tercatat;Cor Beton;True;True;0.06;
693;2640;CPY-18544;Sal. Jl. Mahoni;Kota Adm. Jakarta Timur;Cipayung;85.0;0.2;0.3;Tercatat;Cor Beton;True;True;0.06;
694;2641;CPY-18545;Sal. Jl. Mahoni;Kota Adm. Jakarta Timur;Cipayung;85.0;0.2;0.3;Tercatat;Cor Beton;True;True;0.06;
695;2642;CPY-18546;Sal. Jl. Angsana;Kota Adm. Jakarta Timur;Cipayung;100.0;0.2;0.3;Tercatat;Cor Beton;True;True;0.06;
696;2643;CPY-18547;Sal. Jl. Angsana;Kota Adm. Jakarta Timur;Cipayung;100.0;0.2;0.3;Tercatat;Cor Beton;True;True;0.06;
697;2644;CPY-18548;Sal. Jl. Angsana;Kota Adm. Jakarta Timur;Cipayung;80.0;0.2;0.3;Tercatat;Cor Beton;True;True;0.06;
698;2645;CPY-18549;Sal. Jl. Angsana;Kota Adm. Jakarta Timur;Cipayung;80.0;0.2;0.3;Tercatat;Cor Beton;True;True;0.06;
699;2646;CPY-18550;Sal. Jl. Cemara;Kota Adm. Jakarta Timur;Cipayung;171.0;0.3;0.3;Tercatat;Cor Beton;True;True;0.09;
700;2647;CPY-18551;Sal. Jl. Cemara;Kota Adm. Jakarta Timur;Cipayung;171.0;0.3;0.3;Tercatat;Cor Beton;True;True;0.09;
701;2648;CPY-18552;Sal. Jl. Cemara;Kota Adm. Jakarta Timur;Cipayung;134.0;0.2;0.3;Tercatat;Cor Beton;True;True;0.06;
702;2649;CPY-18553;Sal. Jl. Cemara;Kota Adm. Jakarta Timur;Cipayung;134.0;0.2;0.3;Tercatat;Cor Beton;True;True;0.06;
703;2650;CPY-18554;Sal. Jl. Markisa;Kota Adm. Jakarta Timur;Cipayung;180.0;0.2;0.3;Tercatat;Cor Beton;True;True;0.06;
704;2651;CPY-18555;Sal. Jl. Markisa;Kota Adm. Jakarta Timur;Cipayung;124.0;0.2;0.3;Tercatat;Cor Beton;True;True;0.06;
705;2652;CPY-18556;Sal. Jl. Markisa;Kota Adm. Jakarta Timur;Cipayung;180.0;0.2;0.3;Tercatat;Cor Beton;True;True;0.06;
706;2653;CPY-18557;Sal. Jl. Markisa;Kota Adm. Jakarta Timur;Cipayung;124.0;0.2;0.3;Tercatat;Cor Beton;True;True;0.06;
707;2654;CPY-18558;Sal. Jl. Delima;Kota Adm. Jakarta Timur;Cipayung;30.0;0.6;0.6;Tercatat;Cor Beton;True;True;0.36;
708;2655;CPY-18559;Sal. Jl. Delima;Kota Adm. Jakarta Timur;Cipayung;30.0;0.6;0.6;Tercatat;Cor Beton;True;True;0.36;
709;2656;CPY-18560;Sal. Jl. Buni;Kota Adm. Jakarta Timur;Cipayung;73.0;0.3;0.3;Tercatat;Cor Beton;True;True;0.09;
710;2657;CPY-18561;Sal. Jl. Buni;Kota Adm. Jakarta Timur;Cipayung;73.0;0.3;0.3;Tercatat;Cor Beton;True;True;0.09;
711;2658;CPY-18562;Sal. Jl. Duku;Kota Adm. Jakarta Timur;Cipayung;110.0;0.2;0.3;Tercatat;Cor Beton;True;True;0.06;
712;2659;CPY-18563;Sal. Jl. Anggur;Kota Adm. Jakarta Timur;Cipayung;116.0;0.3;0.3;Tercatat;Cor Beton;True;True;0.09;
713;2660;CPY-18564;Sal. Jl. Delima;Kota Adm. Jakarta Timur;Cipayung;63.0;0.6;0.6;Tercatat;Cor Beton;True;True;0.36;
714;2661;CPY-18565;Sal. Jl. Delima;Kota Adm. Jakarta Timur;Cipayung;63.0;0.6;0.6;Tercatat;Cor Beton;True;True;0.36;
715;2662;CPY-18566;Sal. Jl. Duku;Kota Adm. Jakarta Timur;Cipayung;110.0;0.2;0.3;Tercatat;Cor Beton;True;True;0.06;
716;2663;CPY-18567;Sal. Jl. Anggur;Kota Adm. Jakarta Timur;Cipayung;116.0;0.3;0.3;Tercatat;Cor Beton;True;True;0.09;
717;2664;CPY-18568;Sal. Jl. Arbai;Kota Adm. Jakarta Timur;Cipayung;34.0;0.2;0.3;Tercatat;Cor Beton;True;True;0.06;
718;2665;CPY-18569;Sal. Jl. Arbai;Kota Adm. Jakarta Timur;Cipayung;34.0;0.2;0.3;Tercatat;Cor Beton;True;True;0.06;
719;2666;CPY-18570;Sal. Jl. Arbai;Kota Adm. Jakarta Timur;Cipayung;59.0;0.2;0.3;Tercatat;Cor Beton;True;True;0.06;
720;2667;CPY-18571;Sal. Jl. Arbai;Kota Adm. Jakarta Timur;Cipayung;59.0;0.2;0.3;Tercatat;Cor Beton;True;True;0.06;
721;2668;CPY-18572;Sal. Jl. Apel;Kota Adm. Jakarta Timur;Cipayung;84.0;0.2;0.2;Tercatat;Cor Beton;True;True;0.04;
722;2669;CPY-18573;Sal. Jl. Apel;Kota Adm. Jakarta Timur;Cipayung;84.0;0.2;0.2;Tercatat;Cor Beton;True;True;0.04;
723;2670;CPY-18574;Sal. Jl. Mangga;Kota Adm. Jakarta Timur;Cipayung;63.0;0.3;0.3;Tercatat;Cor Beton;True;True;0.09;
724;2671;CPY-18575;Sal. Jl. Mangga;Kota Adm. Jakarta Timur;Cipayung;62.0;0.3;0.3;Tercatat;Cor Beton;True;True;0.09;
725;2672;CPY-18576;Sal. Jl. Durian;Kota Adm. Jakarta Timur;Cipayung;32.0;0.6;0.6;Tercatat;Cor Beton;True;True;0.36;
726;2673;CPY-18577;Sal. Jl. Durian;Kota Adm. Jakarta Timur;Cipayung;32.0;0.6;0.6;Tercatat;Cor Beton;True;True;0.36;
727;2674;CPY-18578;Sal. Jl. Alpukat;Kota Adm. Jakarta Timur;Cipayung;152.0;0.2;0.3;Tercatat;Cor Beton;True;True;0.06;
728;2675;CPY-18579;Sal. Jl. Alpukat;Kota Adm. Jakarta Timur;Cipayung;152.0;0.2;0.3;Tercatat;Cor Beton;True;True;0.06;
729;2676;CPY-18580;Sal. Jl. Damai PBSI;Kota Adm. Jakarta Timur;Cipayung;297.0;0.6;0.6;Tercatat;Cor Beton;True;True;0.36;
730;2677;CPY-18581;Sal. Jl. Damai PBSI;Kota Adm. Jakarta Timur;Cipayung;297.0;0.6;0.6;Tercatat;Cor Beton;True;True;0.36;
731;2678;CPY-18582;Sal. Jl. Alamanda;Kota Adm. Jakarta Timur;Cipayung;169.0;0.5;0.6;Tercatat;Cor Beton;True;True;0.3;
732;2679;CPY-18583;Sal. Jl. Alamanda;Kota Adm. Jakarta Timur;Cipayung;169.0;0.5;0.6;Tercatat;Cor Beton;True;True;0.3;
733;2680;CPY-18584;Sal. Jl. Hibrida;Kota Adm. Jakarta Timur;Cipayung;199.0;0.6;0.6;Tercatat;U-ditch;True;True;0.36;
734;2681;CPY-18585;Sal. Jl. Hibrida;Kota Adm. Jakarta Timur;Cipayung;199.0;0.6;0.6;Tercatat;U-ditch;True;True;0.36;
735;2682;CPY-18586;Sal. Jl. Akustik;Kota Adm. Jakarta Timur;Cipayung;174.0;0.6;0.6;Tercatat;U-ditch;True;True;0.36;
736;2683;CPY-18587;Sal. Jl. Akustik;Kota Adm. Jakarta Timur;Cipayung;174.0;0.6;0.6;Tercatat;U-ditch;True;True;0.36;
737;2684;CPY-18588;Sal. Jl. Hibrida;Kota Adm. Jakarta Timur;Cipayung;151.0;0.6;0.6;Tercatat;U-ditch;True;True;0.36;
738;2685;CPY-18589;Sal. Jl. Hibrida;Kota Adm. Jakarta Timur;Cipayung;151.0;0.6;0.6;Tercatat;U-ditch;True;True;0.36;
739;2686;CPY-18590;Sal. Jl. Bougenvil;Kota Adm. Jakarta Timur;Cipayung;167.0;0.6;0.6;Tercatat;U-ditch;True;True;0.36;
740;2687;CPY-18591;Sal. Jl. Bougenvil;Kota Adm. Jakarta Timur;Cipayung;167.0;0.6;0.6;Tercatat;U-ditch;True;True;0.36;
741;2688;CPY-18592;Sal. Jl. Cilangkap Baru;Kota Adm. Jakarta Timur;Cipayung;139.0;0.6;0.6;Tercatat;Cor Beton;True;True;0.36;
742;2689;CPY-18593;Sal. Jl. Cilangkap Baru;Kota Adm. Jakarta Timur;Cipayung;139.0;0.6;0.6;Tercatat;Cor Beton;True;True;0.36;
743;2690;CPY-18594;Sal. Jl. Cilangkap Baru;Kota Adm. Jakarta Timur;Cipayung;173.0;0.6;0.6;Tercatat;Cor Beton;True;True;0.36;
744;2691;CPY-18595;Sal. Jl. Perjuangan;Kota Adm. Jakarta Timur;Cipayung;261.0;0.2;0.3;Tercatat;Cor Beton;True;True;0.06;
745;2692;CPY-18596;Sal. Jl. Perjuangan;Kota Adm. Jakarta Timur;Cipayung;261.0;0.2;0.3;Tercatat;Cor Beton;True;True;0.06;
746;2693;CPY-18597;Sal. Jl. Perjuangan;Kota Adm. Jakarta Timur;Cipayung;222.0;0.2;0.3;Tercatat;Cor Beton;True;True;0.06;
747;2694;CPY-18598;Sal. Jl. Perjuangan;Kota Adm. Jakarta Timur;Cipayung;222.0;0.2;0.3;Tercatat;Cor Beton;True;True;0.06;
748;2695;CPY-18599;Sal. Jl. Ali;Kota Adm. Jakarta Timur;Cipayung;198.0;0.4;0.4;Tercatat;Cor Beton;True;True;0.16;
749;2696;CPY-18600;Sal. Jl. Ali;Kota Adm. Jakarta Timur;Cipayung;198.0;0.4;0.4;Tercatat;Cor Beton;True;True;0.16;
750;2697;CPY-18601;Sal. Jl. Ali;Kota Adm. Jakarta Timur;Cipayung;297.0;0.4;0.4;Tercatat;Cor Beton;True;True;0.16;
751;2698;CPY-18602;Sal. Jl. Ali;Kota Adm. Jakarta Timur;Cipayung;297.0;0.4;0.4;Tercatat;Cor Beton;True;True;0.16;
752;2699;CPY-18603;Sal. Jl. Ali;Kota Adm. Jakarta Timur;Cipayung;128.0;0.4;0.4;Tercatat;Cor Beton;True;True;0.16;
753;2700;CPY-18604;Sal. Jl. Ali;Kota Adm. Jakarta Timur;Cipayung;128.0;0.4;0.4;Tercatat;Cor Beton;True;True;0.16;
754;2701;CPY-18605;Sal. Jl. Ali;Kota Adm. Jakarta Timur;Cipayung;421.0;0.4;0.4;Tercatat;Cor Beton;True;True;0.16;
755;2702;CPY-18606;Sal. Jl. Ali;Kota Adm. Jakarta Timur;Cipayung;421.0;0.4;0.4;Tercatat;Cor Beton;True;True;0.16;
756;2703;CPY-18607;Sal. Jl. Ali;Kota Adm. Jakarta Timur;Cipayung;201.0;0.4;0.4;Tercatat;Cor Beton;True;True;0.16;
757;2704;CPY-18608;Sal. Jl. Ali;Kota Adm. Jakarta Timur;Cipayung;201.0;0.4;0.4;Tercatat;Cor Beton;True;True;0.16;
758;2705;CPY-18609;Sal. Jl. Perjuangan;Kota Adm. Jakarta Timur;Cipayung;262.0;0.2;0.3;Tercatat;Cor Beton;True;True;0.06;
759;2706;CPY-18610;Sal. Jl. Perjuangan;Kota Adm. Jakarta Timur;Cipayung;262.0;0.2;0.3;Tercatat;Cor Beton;True;True;0.06;
760;2707;CPY-18611;Sal. Jl. Durian;Kota Adm. Jakarta Timur;Cipayung;138.0;0.6;0.6;Tercatat;Cor Beton;True;True;0.36;
761;2708;CPY-18612;Sal. Jl. Durian;Kota Adm. Jakarta Timur;Cipayung;138.0;0.6;0.6;Tercatat;Cor Beton;True;True;0.36;
3;1950;LBY-120;Sal. Jl. TMII Pintu II;Kota Adm. Jakarta Timur;Cipayung;752.0;0.8;0.5;Tercatat;Turap batu kali;True;True;0.4;
857;2804;LBY-17775;Sal. Jl. Rama;Kota Adm. Jakarta Timur;Cipayung;264.0;0.3;0.3;Tercatat;Cor Beton;True;True;0.09;
559;2506;LBY-18410;Sal. Jl. Rawa Binong;Kota Adm. Jakarta Timur;Cipayung;988.0;0.8;0.8;Tercatat;U-ditch;True;True;0.64;
560;2507;LBY-18411;Sal. Jl. Rawa Binong;Kota Adm. Jakarta Timur;Cipayung;988.0;0.8;0.8;Tercatat;U-ditch;True;True;0.64;
762;2709;LBY-18613;Sal. Jl. Mundu;Kota Adm. Jakarta Timur;Cipayung;623.0;0.8;0.8;Tercatat;Pasir Batu;True;True;0.64;
763;2710;LBY-18614;Sal. Jl. Pasar Gardu;Kota Adm. Jakarta Timur;Cipayung;437.0;0.6;0.6;Tercatat;U-ditch;True;True;0.36;
764;2711;LBY-18615;Sal. Jl. Makmur;Kota Adm. Jakarta Timur;Cipayung;219.0;0.6;0.6;Tercatat;Cor Beton;True;True;0.36;
765;2712;LBY-18616;Sal. Jl. Makmur;Kota Adm. Jakarta Timur;Cipayung;219.0;0.6;0.6;Tercatat;Cor Beton;True;True;0.36;
766;2713;LBY-18617;Sal. Jl. Makmur;Kota Adm. Jakarta Timur;Cipayung;243.0;0.6;0.6;Tercatat;Cor Beton;True;True;0.36;
767;2714;LBY-18618;Sal. Jl. Makmur;Kota Adm. Jakarta Timur;Cipayung;243.0;0.6;0.6;Tercatat;Cor Beton;True;True;0.36;
768;2715;LBY-18619;Sal. Jl. Gorda;Kota Adm. Jakarta Timur;Cipayung;158.0;0.6;0.6;Tercatat;U-ditch;True;True;0.36;
769;2716;LBY-18620;Sal. Jl. Gorda;Kota Adm. Jakarta Timur;Cipayung;158.0;0.6;0.6;Tercatat;U-ditch;True;True;0.36;
770;2717;LBY-18621;Sal. Jl. Gorda;Kota Adm. Jakarta Timur;Cipayung;154.0;0.6;0.6;Tercatat;U-ditch;True;True;0.36;
771;2718;LBY-18622;Sal. Jl. Gorda;Kota Adm. Jakarta Timur;Cipayung;154.0;0.6;0.6;Tercatat;U-ditch;True;True;0.36;
772;2719;LBY-18623;Sal. Jl. Bacang;Kota Adm. Jakarta Timur;Cipayung;512.0;0.4;0.4;Tercatat;Cor Beton;True;True;0.16;
773;2720;LBY-18624;Sal. Jl. Bacang;Kota Adm. Jakarta Timur;Cipayung;512.0;0.4;0.4;Tercatat;Cor Beton;True;True;0.16;
774;2721;LBY-18625;Sal. Jl. Bacang II;Kota Adm. Jakarta Timur;Cipayung;130.0;0.4;0.4;Tercatat;Cor Beton;True;True;0.16;
775;2722;LBY-18626;Sal. Jl. Bacang II;Kota Adm. Jakarta Timur;Cipayung;130.0;0.4;0.4;Tercatat;Cor Beton;True;True;0.16;
776;2723;LBY-18627;Sal. Jl. Makmur;Kota Adm. Jakarta Timur;Cipayung;318.0;0.3;0.3;Tercatat;Cor Beton;True;True;0.09;
777;2724;LBY-18628;Sal. Jl. Makmur;Kota Adm. Jakarta Timur;Cipayung;318.0;0.3;0.3;Tercatat;Cor Beton;True;True;0.09;
778;2725;LBY-18629;Sal. Jl. Makmur;Kota Adm. Jakarta Timur;Cipayung;354.0;0.3;0.3;Tercatat;Cor Beton;True;True;0.09;
779;2726;LBY-18630;Sal. Jl. Makmur;Kota Adm. Jakarta Timur;Cipayung;354.0;0.3;0.3;Tercatat;Cor Beton;True;True;0.09;
780;2727;LBY-18631;Sal. Jl. Gorda;Kota Adm. Jakarta Timur;Cipayung;1093.0;0.6;0.6;Tercatat;U-ditch;True;True;0.36;
781;2728;LBY-18632;Sal. Jl. Gorda;Kota Adm. Jakarta Timur;Cipayung;1093.0;0.6;0.6;Tercatat;U-ditch;True;True;0.36;
782;729;LBY-18633;Sal. Jl. Al Baido I;Kota Adm. Jakarta Timur;Cipayung;520.0;0.6;0.6;Tercatat;U-ditch;True;True;0.36;
783;2730;LBY-18634;Sal. Jl. Gorda;Kota Adm. Jakarta Timur;Cipayung;707.0;0.6;0.6;Tercatat;U-ditch;True;True;0.36;
784;2731;LBY-18635;Sal. Jl. Gorda;Kota Adm. Jakarta Timur;Cipayung;707.0;0.6;0.6;Tercatat;U-ditch;True;True;0.36;
785;2732;LBY-18636;Sal. Jl. Pintu 2 Raya;Kota Adm. Jakarta Timur;Cipayung;1100.0;0.6;0.6;Tercatat;U-ditch;True;True;0.36;
786;2733;LBY-18638;Sal. Jl. Manunggal 17;Kota Adm. Jakarta Timur;Cipayung;626.0;0.6;0.6;Tercatat;U-ditch;True;True;0.36;
787;2734;LBY-18639;Sal. Jl. Manunggal 17;Kota Adm. Jakarta Timur;Cipayung;626.0;0.6;0.6;Tercatat;U-ditch;True;True;0.36;
788;2735;LBY-18640;Sal. Jl. Baido I;Kota Adm. Jakarta Timur;Cipayung;597.0;0.6;0.6;Tercatat;U-ditch;True;True;0.36;
789;2736;LBY-18641;Sal. Jl. Baido I;Kota Adm. Jakarta Timur;Cipayung;597.0;0.6;0.6;Tercatat;U-ditch;True;True;0.36;
790;2737;LBY-18642;Sal. Jl. Baido II;Kota Adm. Jakarta Timur;Cipayung;213.0;0.6;0.6;Tercatat;Cor Beton;True;True;0.36;
791;2738;LBY-18643;Sal. Jl. Baido II;Kota Adm. Jakarta Timur;Cipayung;213.0;0.6;0.6;Tercatat;Cor Beton;True;True;0.36;
792;2739;LBY-18644;Sal. Jl. Pala;Kota Adm. Jakarta Timur;Cipayung;311.0;0.4;0.4;Tercatat;U-ditch;True;True;0.16;
793;2740;LBY-18645;Sal. Jl. Pala;Kota Adm. Jakarta Timur;Cipayung;311.0;0.4;0.4;Tercatat;U-ditch;True;True;0.16;
794;2741;LBY-18646;Sal. Jl. Rawa Binong;Kota Adm. Jakarta Timur;Cipayung;245.0;0.6;0.6;Tercatat;U-ditch;True;True;0.36;
795;2742;LBY-18647;Sal. Jl. Rawa Binong;Kota Adm. Jakarta Timur;Cipayung;245.0;0.6;0.6;Tercatat;U-ditch;True;True;0.36;
796;2743;LBY-18648;Sal. Jl. Pala;Kota Adm. Jakarta Timur;Cipayung;222.0;0.4;0.4;Tercatat;U-ditch;True;True;0.16;
797;2744;LBY-18649;Sal. Jl. Pala;Kota Adm. Jakarta Timur;Cipayung;222.0;0.4;0.4;Tercatat;U-ditch;True;True;0.16;
798;2745;LBY-18650;Sal. Jl. Baido I;Kota Adm. Jakarta Timur;Cipayung;681.0;0.6;0.6;Tercatat;U-ditch;True;True;0.36;
799;2746;LBY-18651;Sal. Jl. Gg. H. Nian;Kota Adm. Jakarta Timur;Cipayung;146.0;0.8;1.2;Tercatat;Pasir Batu;True;True;0.96;
800;2747;LBY-18652;Sal. Jl. Gg. H. Tholib;Kota Adm. Jakarta Timur;Cipayung;312.0;0.4;0.4;Tercatat;Cor Beton;True;True;0.16;
801;2748;LBY-18653;Sal. Jl. SPG 7;Kota Adm. Jakarta Timur;Cipayung;456.0;0.6;0.6;Tercatat;Cor Beton;True;True;0.36;
802;2749;LBY-18654;Sal. Jl. SPG 7;Kota Adm. Jakarta Timur;Cipayung;134.0;1.0;1.0;Tercatat;Pasir Batu;True;True;1.0;
803;2750;LBY-18655;Sal. Jl. Minharosidin;Kota Adm. Jakarta Timur;Cipayung;213.0;1.2;1.0;Tercatat;Cor Beton;True;True;1.2;
804;2751;LBY-18656;Sal. Jl. SPG 7;Kota Adm. Jakarta Timur;Cipayung;134.0;1.0;1.0;Tercatat;Pasir Batu;True;True;1.0;
805;2752;LBY-18657;Sal. Jl. SPG 7;Kota Adm. Jakarta Timur;Cipayung;280.0;0.6;0.6;Tercatat;Pasir Batu;True;True;0.36;
806;2753;LBY-18658;Sal. Jl. SPG 7;Kota Adm. Jakarta Timur;Cipayung;280.0;0.6;0.6;Tercatat;Pasir Batu;True;True;0.36;
807;2754;LBY-18659;Sal. Jl. SPG 7 Gg. Asem;Kota Adm. Jakarta Timur;Cipayung;118.0;0.4;0.4;Tercatat;U-ditch;True;True;0.16;
808;2755;LBY-18660;Sal. Jl. Rawa Binong;Kota Adm. Jakarta Timur;Cipayung;260.0;0.6;0.6;Tercatat;U-ditch;True;True;0.36;
809;2756;LBY-18661;Sal. Jl. Rawa Binong;Kota Adm. Jakarta Timur;Cipayung;260.0;0.6;0.6;Tercatat;U-ditch;True;True;0.36;
810;2757;LBY-18662;Sal. Jl. Pagelarang;Kota Adm. Jakarta Timur;Cipayung;499.0;0.6;0.6;Tercatat;U-ditch;True;True;0.36;
811;2758;LBY-18663;Sal. Jl. Gg. H. Tholib;Kota Adm. Jakarta Timur;Cipayung;84.0;1.2;1.0;Tercatat;Pasir Batu;True;True;1.2;
812;2759;LBY-18664;Sal. Jl. Gg. H. Tholib;Kota Adm. Jakarta Timur;Cipayung;;;;Tidak diketahui;U-ditch;False;False;;dimensi_tidak_lengkap, status_belum_tercatat
813;2760;LBY-18665;Sal. Jl. SPG 7;Kota Adm. Jakarta Timur;Cipayung;456.0;0.6;0.6;Tercatat;Cor Beton;True;True;0.36;
814;2761;MNJ-18668;Sal. Jl. Malaka;Kota Adm. Jakarta Timur;Cipayung;1300.0;0.6;0.6;Tercatat;U-ditch;True;True;0.36;
815;2762;MNJ-18669;Sal. Jl. Malaka;Kota Adm. Jakarta Timur;Cipayung;1300.0;0.6;0.6;Tercatat;U-ditch;True;True;0.36;
816;2763;MNJ-18670;Sal. Jl. Duren;Kota Adm. Jakarta Timur;Cipayung;199.0;0.3;0.4;Tercatat;Cor Beton;True;True;0.12;
817;2764;MNJ-18672;Sal. Jl. Duren;Kota Adm. Jakarta Timur;Cipayung;123.0;0.3;0.4;Tercatat;Cor Beton;True;True;0.12;
818;2765;MNJ-18674;Sal. Jl. Duren;Kota Adm. Jakarta Timur;Cipayung;123.0;0.3;0.4;Tercatat;Cor Beton;True;True;0.12;
819;2766;MNJ-18675;Sal. Jl. Duren;Kota Adm. Jakarta Timur;Cipayung;199.0;0.3;0.4;Tercatat;Cor Beton;True;True;0.12;
820;2767;MNJ-18681;Sal. Jl. Buni;Kota Adm. Jakarta Timur;Cipayung;473.0;0.6;0.6;Tercatat;U-ditch;True;True;0.36;
821;2768;MNJ-18682;Sal. Jl. Buni;Kota Adm. Jakarta Timur;Cipayung;473.0;0.6;0.6;Tercatat;U-ditch;True;True;0.36;
822;2769;MNJ-18683;Sal. Jl. Buni;Kota Adm. Jakarta Timur;Cipayung;356.0;0.6;0.6;Tercatat;U-ditch;True;True;0.36;
823;2770;MNJ-18684;Sal. Jl. Buni;Kota Adm. Jakarta Timur;Cipayung;356.0;0.6;0.6;Tercatat;U-ditch;True;True;0.36;
824;2771;MNJ-18685;Sal. Jl. Buni;Kota Adm. Jakarta Timur;Cipayung;471.0;0.6;0.6;Tercatat;U-ditch;True;True;0.36;
825;2772;MNJ-18687;Sal. Jl. Buni;Kota Adm. Jakarta Timur;Cipayung;471.0;0.6;0.6;Tercatat;U-ditch;True;True;0.36;
826;2773;MNJ-18691;Sal. Jl. Raya Munjul IV;Kota Adm. Jakarta Timur;Cipayung;157.0;0.8;0.8;Tercatat;Cor Beton;True;True;0.64;
827;2774;MNJ-18692;Sal. Jl. Raya Munjul IV;Kota Adm. Jakarta Timur;Cipayung;157.0;0.8;0.8;Tercatat;Cor Beton;True;True;0.64;
828;2775;MNJ-18693;Sal. Jl. Salak Raya;Kota Adm. Jakarta Timur;Cipayung;113.0;0.25;0.3;Tercatat;Cor Beton;True;True;0.075;
829;2776;MNJ-18694;Sal. Jl. Salak Raya;Kota Adm. Jakarta Timur;Cipayung;113.0;0.25;0.3;Tercatat;Cor Beton;True;True;0.075;
830;2777;MNJ-18695;Sal. Jl. Salak Raya;Kota Adm. Jakarta Timur;Cipayung;365.0;0.25;0.3;Tercatat;Cor Beton;True;True;0.075;
831;2778;MNJ-18696;Sal. Jl. Salak Raya;Kota Adm. Jakarta Timur;Cipayung;365.0;0.25;0.3;Tercatat;Cor Beton;True;True;0.075;
832;2779;MNJ-18697;Sal. Jl. Bhayangkara II;Kota Adm. Jakarta Timur;Cipayung;106.0;0.2;0.3;Tercatat;Cor Beton;True;True;0.06;
146;2093;MNJ-18699;Sal. Jl. Bhayangkara II;Kota Adm. Jakarta Timur;Cipayung;106.0;0.2;0.3;Tercatat;Cor Beton;True;True;0.06;
147;2094;MNJ-18702;Sal. Jl. Bhayangkara Raya;Kota Adm. Jakarta Timur;Cipayung;93.0;0.2;0.3;Tercatat;Cor Beton;True;True;0.06;
148;2095;MNJ-18703;Sal. Jl. Bhayangkara Raya;Kota Adm. Jakarta Timur;Cipayung;93.0;0.2;0.3;Tercatat;Cor Beton;True;True;0.06;
149;2096;MNJ-18704;Sal. Jl. Bhayangkara III;Kota Adm. Jakarta Timur;Cipayung;165.0;0.2;0.3;Tercatat;Cor Beton;True;True;0.06;
150;2097;MNJ-18707;Sal. Jl. Bhayangkara III;Kota Adm. Jakarta Timur;Cipayung;165.0;0.2;0.3;Tercatat;Cor Beton;True;True;0.06;
151;2098;MNJ-18708;Sal. Jl. Bhayangkara Raya;Kota Adm. Jakarta Timur;Cipayung;135.0;0.2;0.3;Tercatat;Cor Beton;True;True;0.06;
152;2099;MNJ-18713;Sal. Jl. Bhayangkara Raya;Kota Adm. Jakarta Timur;Cipayung;135.0;0.2;0.3;Tercatat;Cor Beton;True;True;0.06;
153;2100;MNJ-18714;Sal. Jl. Bhayangkara III;Kota Adm. Jakarta Timur;Cipayung;72.0;0.2;0.3;Tercatat;Cor Beton;True;True;0.06;
154;2101;MNJ-18715;Sal. Jl. Bhayangkara III;Kota Adm. Jakarta Timur;Cipayung;72.0;0.2;0.3;Tercatat;Cor Beton;True;True;0.06;
155;2102;MNJ-18716;Sal. Jl. Bhayangkara Raya;Kota Adm. Jakarta Timur;Cipayung;116.0;0.2;0.3;Tercatat;Cor Beton;True;True;0.06;
156;2103;MNJ-18717;Sal. Jl. Bhayangkara Raya;Kota Adm. Jakarta Timur;Cipayung;116.0;0.2;0.3;Tercatat;Cor Beton;True;True;0.06;
157;2104;MNJ-18718;Sal. Jl. Bhayangkara II;Kota Adm. Jakarta Timur;Cipayung;64.0;0.2;0.3;Tercatat;Cor Beton;True;True;0.06;
158;2105;MNJ-18719;Sal. Jl. Bhayangkara II;Kota Adm. Jakarta Timur;Cipayung;64.0;0.2;0.3;Tercatat;Cor Beton;True;True;0.06;
159;2106;MNJ-18720;Sal. Jl. Bhayangkara IV;Kota Adm. Jakarta Timur;Cipayung;56.0;0.2;0.3;Tercatat;Cor Beton;True;True;0.06;
160;2107;MNJ-18721;Sal. Jl. Bhayangkara IV;Kota Adm. Jakarta Timur;Cipayung;56.0;0.2;0.3;Tercatat;Cor Beton;True;True;0.06;
161;2108;MNJ-18722;Sal. Jl. Bhayangkara IV;Kota Adm. Jakarta Timur;Cipayung;165.0;0.2;0.3;Tercatat;Cor Beton;True;True;0.06;
162;2109;MNJ-18723;Sal. Jl. Bhayangkara IV;Kota Adm. Jakarta Timur;Cipayung;165.0;0.2;0.3;Tercatat;Cor Beton;True;True;0.06;
163;2110;MNJ-18724;Sal. Jl. Bhayangkara IV;Kota Adm. Jakarta Timur;Cipayung;80.0;0.2;0.3;Tercatat;Cor Beton;True;True;0.06;
164;2111;MNJ-18725;Sal. Jl. Bhayangkara IV;Kota Adm. Jakarta Timur;Cipayung;80.0;0.2;0.3;Tercatat;Cor Beton;True;True;0.06;
165;2112;MNJ-18726;Sal. Jl. Bhayangkara II;Kota Adm. Jakarta Timur;Cipayung;116.0;0.2;0.3;Tercatat;Cor Beton;True;True;0.06;
166;2113;MNJ-18727;Sal. Jl. Bhayangkara II;Kota Adm. Jakarta Timur;Cipayung;116.0;0.2;0.3;Tercatat;Cor Beton;True;True;0.06;
167;2114;MNJ-18728;Sal. Jl. Bhayangkara Raya;Kota Adm. Jakarta Timur;Cipayung;257.0;0.2;0.3;Tercatat;Cor Beton;True;True;0.06;
168;2115;MNJ-18729;Sal. Jl. Bhayangkara Raya;Kota Adm. Jakarta Timur;Cipayung;257.0;0.2;0.3;Tercatat;Cor Beton;True;True;0.06;
169;2116;MNJ-18730;Sal. Jl. Merpati II;Kota Adm. Jakarta Timur;Cipayung;138.0;0.3;0.3;Tercatat;Cor Beton;True;True;0.09;
170;2117;MNJ-18731;Sal. Jl. Merpati II;Kota Adm. Jakarta Timur;Cipayung;138.0;0.3;0.3;Tercatat;Cor Beton;True;True;0.09;
171;2118;MNJ-18732;Sal. Jl. Merpati II;Kota Adm. Jakarta Timur;Cipayung;95.0;0.3;0.3;Tercatat;Cor Beton;True;True;0.09;
172;2119;MNJ-18733;Sal. Jl. Merpati II;Kota Adm. Jakarta Timur;Cipayung;95.0;0.3;0.3;Tercatat;Cor Beton;True;True;0.09;
173;2120;MNJ-18734;Sal. Jl. Harimau Jawa I;Kota Adm. Jakarta Timur;Cipayung;162.0;0.2;0.2;Tercatat;Cor Beton;True;True;0.04;
174;2121;MNJ-18735;Sal. Jl. Harimau Jawa I;Kota Adm. Jakarta Timur;Cipayung;162.0;0.2;0.2;Tercatat;Cor Beton;True;True;0.04;
175;2122;MNJ-18736;Sal. Jl. Harimau Jawa III;Kota Adm. Jakarta Timur;Cipayung;283.0;0.4;0.4;Tercatat;U-ditch;True;True;0.16;
176;2123;MNJ-18737;Sal. Jl. Harimau Jawa III;Kota Adm. Jakarta Timur;Cipayung;283.0;0.4;0.4;Tercatat;U-ditch;True;True;0.16;
177;2124;MNJ-18738;Sal. Jl. Raya Munjul II;Kota Adm. Jakarta Timur;Cipayung;140.0;0.6;0.6;Tercatat;U-ditch;True;True;0.36;
178;2125;MNJ-18739;Sal. Jl. Raya Munjul II;Kota Adm. Jakarta Timur;Cipayung;140.0;0.6;0.6;Tercatat;U-ditch;True;True;0.36;
179;2126;MNJ-18740;Sal. Jl. Jankes AD;Kota Adm. Jakarta Timur;Cipayung;441.0;0.8;0.8;Tercatat;Cor Beton;True;True;0.64;
180;2127;MNJ-18741;Sal. Jl. Jankes AD;Kota Adm. Jakarta Timur;Cipayung;441.0;0.8;0.8;Tercatat;Cor Beton;True;True;0.64;
181;2128;MNJ-18742;Sal. Jl. Madjid Al-Akbar II;Kota Adm. Jakarta Timur;Cipayung;75.0;0.2;0.2;Tercatat;Cor Beton;True;True;0.04;
182;2129;MNJ-18743;Sal. Jl. Madjid Al-Akbar II;Kota Adm. Jakarta Timur;Cipayung;75.0;0.2;0.2;Tercatat;Cor Beton;True;True;0.04;
183;2130;MNJ-18744;Sal. Jl. Madjid Al-Akbar II;Kota Adm. Jakarta Timur;Cipayung;20.0;0.2;0.2;Tercatat;Cor Beton;True;True;0.04;
184;2131;MNJ-18745;Sal. Jl. Madjid Al-Akbar II;Kota Adm. Jakarta Timur;Cipayung;20.0;0.2;0.2;Tercatat;Cor Beton;True;True;0.04;
185;2132;MNJ-18746;Sal. Jl. Madjid Al-Akbar II;Kota Adm. Jakarta Timur;Cipayung;60.0;0.2;0.2;Tercatat;Cor Beton;True;True;0.04;
186;2133;MNJ-18747;Sal. Jl. Madjid Al-Akbar II;Kota Adm. Jakarta Timur;Cipayung;60.0;0.2;0.2;Tercatat;Cor Beton;True;True;0.04;
187;2134;MNJ-18748;Sal. Jl. Madjid Al-Akbar II;Kota Adm. Jakarta Timur;Cipayung;170.0;0.2;0.2;Tercatat;Cor Beton;True;True;0.04;
188;2135;MNJ-18749;Sal. Jl. Madjid Al-Akbar II;Kota Adm. Jakarta Timur;Cipayung;170.0;0.2;0.2;Tercatat;Cor Beton;True;True;0.04;
189;2136;MNJ-18750;Sal. Jl. Madjid Al-Akbar II;Kota Adm. Jakarta Timur;Cipayung;64.0;0.2;0.2;Tercatat;Cor Beton;True;True;0.04;
190;2137;MNJ-18751;Sal. Jl. Madjid Al-Akbar II;Kota Adm. Jakarta Timur;Cipayung;64.0;0.2;0.2;Tercatat;Cor Beton;True;True;0.04;
191;2138;MNJ-18752;Sal. Jl. Madjid Al-Akbar;Kota Adm. Jakarta Timur;Cipayung;384.0;0.6;0.6;Tercatat;U-ditch dan Cor Beton;True;True;0.36;
192;2139;MNJ-18753;Sal. Jl. Madjid Al-Akbar;Kota Adm. Jakarta Timur;Cipayung;384.0;0.6;0.6;Tercatat;U-ditch dan Cor Beton;True;True;0.36;
193;2140;MNJ-18754;Sal. Jl. Jankes AD II;Kota Adm. Jakarta Timur;Cipayung;400.0;0.6;0.6;Tercatat;U-ditch;True;True;0.36;
194;2141;MNJ-18755;Sal. Jl. Jankes AD II;Kota Adm. Jakarta Timur;Cipayung;400.0;0.6;0.6;Tercatat;U-ditch;True;True;0.36;
195;2142;MNJ-18756;Sal. Jl. Praga;Kota Adm. Jakarta Timur;Cipayung;109.0;0.4;0.4;Tercatat;U-ditch;True;True;0.16;
196;2143;MNJ-18757;Sal. Jl. Praga;Kota Adm. Jakarta Timur;Cipayung;91.0;0.4;0.4;Tercatat;U-ditch;True;True;0.16;
197;2144;MNJ-18758;Sal. Jl. TPU Munjul;Kota Adm. Jakarta Timur;Cipayung;30.0;0.4;0.4;Tercatat;U-ditch;True;True;0.16;
198;2145;MNJ-18759;Sal. Jl. TPU Munjul;Kota Adm. Jakarta Timur;Cipayung;30.0;0.4;0.4;Tercatat;U-ditch;True;True;0.16;
199;2146;MNJ-18760;Sal. Jl. TPU Munjul;Kota Adm. Jakarta Timur;Cipayung;66.0;0.4;0.4;Tercatat;U-ditch;True;True;0.16;
200;2147;MNJ-18761;Sal. Jl. TPU Munjul;Kota Adm. Jakarta Timur;Cipayung;66.0;0.4;0.4;Tercatat;U-ditch;True;True;0.16;
201;2148;MNJ-18762;Sal. Jl. TPU Munjul;Kota Adm. Jakarta Timur;Cipayung;85.0;0.4;0.4;Tercatat;U-ditch;True;True;0.16;
204;2151;MNJ-18765;Sal. Jl. Dalang I;Kota Adm. Jakarta Timur;Cipayung;246.0;0.6;0.6;Tercatat;Cor Beton;True;True;0.36;
205;2152;MNJ-18766;Sal. Jl. Mushola Fathul Ulum;Kota Adm. Jakarta Timur;Cipayung;280.0;0.4;0.4;Tercatat;U-ditch;True;True;0.16;
206;2153;MNJ-18767;Sal. Jl. Gg. H. Sinan;Kota Adm. Jakarta Timur;Cipayung;183.0;0.6;0.6;Tercatat;U-ditch;True;True;0.36;
207;2154;MNJ-18768;Sal. Jl. Gg. H. Djipan;Kota Adm. Jakarta Timur;Cipayung;84.0;0.4;0.4;Tercatat;U-ditch;True;True;0.16;
208;2155;MNJ-18769;Sal. Jl. Gg. H. Djipan;Kota Adm. Jakarta Timur;Cipayung;103.0;0.4;0.4;Tercatat;U-ditch;True;True;0.16;
209;2156;MNJ-18770;Sal. Jl. Raya Munjul II;Kota Adm. Jakarta Timur;Cipayung;500.0;0.6;0.6;Tercatat;U-ditch;True;True;0.36;
210;2157;MNJ-18771;Sal. Jl. Raya Munjul II;Kota Adm. Jakarta Timur;Cipayung;500.0;0.6;0.6;Tercatat;U-ditch;True;True;0.36;
211;2158;MNJ-18772;Sal. Jl. Dalang I;Kota Adm. Jakarta Timur;Cipayung;246.0;0.6;0.6;Tercatat;Cor Beton;True;True;0.36;
212;2159;MNJ-18773;Sal. Jl. Dalang I;Kota Adm. Jakarta Timur;Cipayung;246.0;0.6;0.6;Tercatat;Cor Beton;True;True;0.36;
213;2160;MNJ-18774;Sal. Jl. Dalang I;Kota Adm. Jakarta Timur;Cipayung;161.0;0.6;0.6;Tercatat;Cor Beton;True;True;0.36;
214;2161;MNJ-18775;Sal. Jl. Dalang I;Kota Adm. Jakarta Timur;Cipayung;161.0;0.6;0.6;Tercatat;Cor Beton;True;True;0.36;
215;2162;MNJ-18776;Sal. Jl. Dalang II;Kota Adm. Jakarta Timur;Cipayung;200.0;0.3;0.5;Tercatat;Cor Beton;True;True;0.15;
216;2163;MNJ-18777;Sal. Jl. Dalang II;Kota Adm. Jakarta Timur;Cipayung;200.0;0.3;0.5;Tercatat;Cor Beton;True;True;0.15;
217;2164;MNJ-18778;Sal. Jl. Dalang II;Kota Adm. Jakarta Timur;Cipayung;247.0;0.3;0.5;Tercatat;Cor Beton;True;True;0.15;
218;2165;MNJ-18779;Sal. Jl. Dalang II;Kota Adm. Jakarta Timur;Cipayung;247.0;0.3;0.5;Tercatat;Cor Beton;True;True;0.15;
219;2166;MNJ-18780;Sal. Jl. Dalang II;Kota Adm. Jakarta Timur;Cipayung;118.0;0.3;0.5;Tercatat;Cor Beton;True;True;0.15;
220;2167;MNJ-18781;Sal. Jl. Dalang II;Kota Adm. Jakarta Timur;Cipayung;118.0;0.3;0.5;Tercatat;Cor Beton;True;True;0.15;
221;2168;MNJ-18782;Sal. Jl. Semar;Kota Adm. Jakarta Timur;Cipayung;208.0;0.2;0.3;Tercatat;Cor Beton;True;True;0.06;
222;2169;MNJ-18783;Sal. Jl. Semar;Kota Adm. Jakarta Timur;Cipayung;123.0;0.2;0.3;Tercatat;Cor Beton;True;True;0.06;
223;2170;MNJ-18784;Sal. Jl. Semar;Kota Adm. Jakarta Timur;Cipayung;123.0;0.2;0.3;Tercatat;Cor Beton;True;True;0.06;
224;2171;MNJ-18785;Sal. Jl. Semar;Kota Adm. Jakarta Timur;Cipayung;248.0;0.2;0.3;Tercatat;Cor Beton;True;True;0.06;
225;2172;MNJ-18786;Sal. Jl. Semar;Kota Adm. Jakarta Timur;Cipayung;248.0;0.2;0.3;Tercatat;Cor Beton;True;True;0.06;
226;2173;MNJ-18787;Sal. Jl. Semar;Kota Adm. Jakarta Timur;Cipayung;92.0;0.2;0.3;Tercatat;Cor Beton;True;True;0.06;
227;2174;MNJ-18788;Sal. Jl. Semar;Kota Adm. Jakarta Timur;Cipayung;92.0;0.2;0.3;Tercatat;Cor Beton;True;True;0.06;
228;2175;MNJ-18789;Sal. Jl. Bhayangkara II;Kota Adm. Jakarta Timur;Cipayung;138.0;0.2;0.3;Tercatat;Cor Beton;True;True;0.06;
229;2176;MNJ-18790;Sal. Jl. Bhayangkara II;Kota Adm. Jakarta Timur;Cipayung;138.0;0.2;0.3;Tercatat;Cor Beton;True;True;0.06;
230;2177;MNJ-18791;Sal. Jl. Harimau Jawa II;Kota Adm. Jakarta Timur;Cipayung;126.0;1.0;1.3;Tercatat;Pasir Batu;True;True;1.3;
231;2178;MNJ-18792;Sal. Jl. Harimau Jawa II;Kota Adm. Jakarta Timur;Cipayung;126.0;1.0;1.3;Tercatat;Pasir Batu;True;True;1.3;
232;2179;MNJ-18793;Sal. Jl. Durian;Kota Adm. Jakarta Timur;Cipayung;119.0;0.4;0.4;Tercatat;U-ditch;True;True;0.16;
233;2180;MNJ-18794;Sal. Jl. Raya Munjul I;Kota Adm. Jakarta Timur;Cipayung;163.0;0.8;0.8;Tercatat;U-ditch;True;True;0.64;
234;2181;MNJ-18795;Sal. Jl. Raya Munjul I;Kota Adm. Jakarta Timur;Cipayung;163.0;0.8;0.8;Tercatat;U-ditch;True;True;0.64;
235;2182;MNJ-18796;Sal. Jl. TPU Munjul;Kota Adm. Jakarta Timur;Cipayung;137.0;0.4;0.4;Tercatat;U-ditch;True;True;0.16;
236;2183;MNJ-18797;Sal. Jl. Dalang I;Kota Adm. Jakarta Timur;Cipayung;30.0;0.6;0.6;Tercatat;Cor Beton;True;True;0.36;
237;2184;MNJ-18798;Sal. Jl. Dalang I;Kota Adm. Jakarta Timur;Cipayung;30.0;0.6;0.6;Tercatat;Cor Beton;True;True;0.36;
624;2571;PRG-18475;Sal. Jl. Cilangkap Baru;Kota Adm. Jakarta Timur;Cipayung;929.0;0.6;0.6;Tercatat;U-ditch;True;True;0.36;
625;2572;PRG-18476;Sal. Jl. Cilangkap Baru;Kota Adm. Jakarta Timur;Cipayung;371.0;0.6;0.6;Tercatat;U-ditch;True;True;0.36;
627;2574;PRG-18478;Sal. Jl. Raya Munjul;Kota Adm. Jakarta Timur;Cipayung;360.0;0.6;0.8;Tercatat;Cor Beton;True;True;0.48;
202;2149;PRG-18763;Sal. Jl. TPU Munjul;Kota Adm. Jakarta Timur;Cipayung;85.0;0.4;0.4;Tercatat;U-ditch;True;True;0.16;
203;2150;PRG-18764;Sal. Jl. TPU Munjul;Kota Adm. Jakarta Timur;Cipayung;137.0;0.4;0.4;Tercatat;U-ditch;True;True;0.16;
238;2185;PRG-18799;Sal. Jl. Raya Pondok Ranggon;Kota Adm. Jakarta Timur;Cipayung;712.0;0.6;0.6;Tercatat;U-ditch;True;True;0.36;
239;2186;PRG-18800;Sal. Jl. Raya Pondok Ranggon;Kota Adm. Jakarta Timur;Cipayung;712.0;0.6;0.6;Tercatat;U-ditch;True;True;0.36;
240;2187;PRG-18801;Sal. Jl. Sapi Perah;Kota Adm. Jakarta Timur;Cipayung;481.0;0.8;0.8;Tercatat;U-ditch;True;True;0.64;
241;2188;PRG-18802;Sal. Jl. Sapi Perah;Kota Adm. Jakarta Timur;Cipayung;481.0;0.8;0.8;Tercatat;U-ditch;True;True;0.64;
242;2189;PRG-18803;Sal. Jl. Raya Pondok Ranggon;Kota Adm. Jakarta Timur;Cipayung;277.0;0.6;0.6;Tercatat;U-ditch;True;True;0.36;
243;2190;PRG-18804;Sal. Jl. Raya Pondok Ranggon;Kota Adm. Jakarta Timur;Cipayung;277.0;0.6;0.6;Tercatat;U-ditch;True;True;0.36;
244;2191;PRG-18807;Sal. Jl. Raya Pondok Ranggon;Kota Adm. Jakarta Timur;Cipayung;1200.0;0.6;0.6;Tercatat;U-ditch;True;True;0.36;
245;2192;PRG-18809;Sal. Jl. Raya Pondok Ranggon;Kota Adm. Jakarta Timur;Cipayung;1200.0;0.6;0.6;Tercatat;U-ditch;True;True;0.36;
246;2193;PRG-18810;Sal. Jl. Ganceng;Kota Adm. Jakarta Timur;Cipayung;143.0;0.6;0.6;Tercatat;U-ditch;True;True;0.36;
247;2194;PRG-18811;Sal. Jl. Ganceng;Kota Adm. Jakarta Timur;Cipayung;143.0;0.6;0.6;Tercatat;U-ditch;True;True;0.36;
248;2195;PRG-18812;Sal. Jl. Kramat Ganceng;Kota Adm. Jakarta Timur;Cipayung;208.0;0.6;0.6;Tercatat;U-ditch;True;True;0.36;
249;2196;PRG-18813;Sal. Jl. Kramat Ganceng;Kota Adm. Jakarta Timur;Cipayung;208.0;0.6;0.6;Tercatat;U-ditch;True;True;0.36;
250;2197;PRG-18814;Sal. Jl. SD Lama;Kota Adm. Jakarta Timur;Cipayung;220.0;0.4;0.4;Tercatat;Cor Beton;True;True;0.16;
251;2198;PRG-18815;Sal. Jl. SD Lama;Kota Adm. Jakarta Timur;Cipayung;220.0;0.4;0.4;Tercatat;Cor Beton;True;True;0.16;
252;2199;PRG-18816;Sal. Jl. Karet;Kota Adm. Jakarta Timur;Cipayung;236.0;0.4;0.4;Tercatat;U-ditch / Cor Beton;True;True;0.16;
253;2200;PRG-18817;Sal. Jl. Karet;Kota Adm. Jakarta Timur;Cipayung;236.0;0.4;0.4;Tercatat;U-ditch / Cor Beton;True;True;0.16;
254;2201;PRG-18818;Sal. Jl. Karet;Kota Adm. Jakarta Timur;Cipayung;103.0;0.4;0.4;Tercatat;U-ditch / Cor Beton;True;True;0.16;
255;2202;PRG-18819;Sal. Jl. Karet;Kota Adm. Jakarta Timur;Cipayung;103.0;0.4;0.4;Tercatat;U-ditch / Cor Beton;True;True;0.16;
256;2203;PRG-18820;Sal. Jl. SDN 01;Kota Adm. Jakarta Timur;Cipayung;225.0;0.6;0.6;Tercatat;U-ditch;True;True;0.36;
257;2204;PRG-18822;Sal. Jl. SDN 01;Kota Adm. Jakarta Timur;Cipayung;225.0;0.6;0.6;Tercatat;U-ditch;True;True;0.36;
258;2205;PRG-18823;Sal. Jl. Kenanga;Kota Adm. Jakarta Timur;Cipayung;179.0;0.3;0.2;Tercatat;Cor Beton;True;True;0.06;
259;2206;PRG-18825;Sal. Jl. Kenanga;Kota Adm. Jakarta Timur;Cipayung;179.0;0.3;0.2;Tercatat;Cor Beton;True;True;0.06;
260;2207;PRG-18826;Sal. Jl. Kenanga;Kota Adm. Jakarta Timur;Cipayung;136.0;0.3;0.2;Tercatat;Cor Beton;True;True;0.06;
261;2208;PRG-18828;Sal. Jl. Kenanga;Kota Adm. Jakarta Timur;Cipayung;136.0;0.3;0.2;Tercatat;Cor Beton;True;True;0.06;
262;2209;PRG-18830;Sal. Jl. SDN 01;Kota Adm. Jakarta Timur;Cipayung;216.0;0.6;0.6;Tercatat;U-ditch;True;True;0.36;
263;2210;PRG-18831;Sal. Jl. SDN 01;Kota Adm. Jakarta Timur;Cipayung;216.0;0.6;0.6;Tercatat;U-ditch;True;True;0.36;
264;2211;PRG-18832;Sal. Jl. Swadaya Raya;Kota Adm. Jakarta Timur;Cipayung;357.0;0.6;0.6;Tercatat;U-ditch;True;True;0.36;
265;2212;PRG-18833;Sal. Jl. Swadaya Raya;Kota Adm. Jakarta Timur;Cipayung;357.0;0.6;0.6;Tercatat;U-ditch;True;True;0.36;
266;2213;PRG-18834;Sal. Jl. Beringin;Kota Adm. Jakarta Timur;Cipayung;208.0;0.3;0.3;Tercatat;Cor Beton;True;True;0.09;
267;2214;PRG-18835;Sal. Jl. Beringin;Kota Adm. Jakarta Timur;Cipayung;208.0;0.3;0.3;Tercatat;Cor Beton;True;True;0.09;
268;2215;PRG-18836;Sal. Jl. Swadaya Raya;Kota Adm. Jakarta Timur;Cipayung;432.0;0.6;0.6;Tercatat;U-ditch;True;True;0.36;
269;2216;PRG-18837;Sal. Jl. Swadaya Raya;Kota Adm. Jakarta Timur;Cipayung;432.0;0.6;0.6;Tercatat;U-ditch;True;True;0.36;
270;2217;PRG-18838;Sal. Jl. Masjid Nurul Fallah;Kota Adm. Jakarta Timur;Cipayung;178.0;0.6;0.6;Tercatat;Pasir Batu / U-ditch;True;True;0.36;
271;2218;PRG-18839;Sal. Jl. Masjid Nurul Fallah;Kota Adm. Jakarta Timur;Cipayung;583.0;0.6;0.6;Tercatat;Pasir Batu / U-ditch;True;True;0.36;
272;2219;PRG-18840;Sal. Jl. Salamun;Kota Adm. Jakarta Timur;Cipayung;263.0;0.2;0.2;Tercatat;Cor Beton;True;True;0.04;
273;2220;PRG-18841;Sal. Jl. Salamun;Kota Adm. Jakarta Timur;Cipayung;685.0;0.2;0.2;Tercatat;Cor Beton;True;True;0.04;
274;2221;PRG-18842;Sal. Jl. Salamun;Kota Adm. Jakarta Timur;Cipayung;821.0;0.2;0.2;Tercatat;Cor Beton;True;True;0.04;
275;2222;PRG-18843;Sal. Jl. Salamun;Kota Adm. Jakarta Timur;Cipayung;127.0;0.2;0.2;Tercatat;Cor Beton;True;True;0.04;
276;2223;PRG-18870;Sal. Jl. SMP 196;Kota Adm. Jakarta Timur;Cipayung;215.0;0.2;0.2;Tercatat;Cor Beton;True;True;0.04;
277;2224;PRG-18871;Sal. Jl. SMP 196;Kota Adm. Jakarta Timur;Cipayung;215.0;0.2;0.2;Tercatat;Cor Beton;True;True;0.04;
278;2225;PRG-18872;Sal. Jl. Gotong Royong;Kota Adm. Jakarta Timur;Cipayung;460.0;0.3;0.2;Tercatat;Cor Beton;True;True;0.06;
279;2226;PRG-18873;Sal. Jl. Gotong Royong;Kota Adm. Jakarta Timur;Cipayung;460.0;0.3;0.2;Tercatat;Cor Beton;True;True;0.06;
280;2227;PRG-18874;Sal. Jl. SMP 196;Kota Adm. Jakarta Timur;Cipayung;105.0;0.3;0.2;Tercatat;Cor Beton;True;True;0.06;
281;2228;PRG-18875;Sal. Jl. SMP 196;Kota Adm. Jakarta Timur;Cipayung;105.0;0.3;0.2;Tercatat;Cor Beton;True;True;0.06;
282;2229;PRG-18876;Sal. Jl. Gotong Royong;Kota Adm. Jakarta Timur;Cipayung;76.0;0.3;0.2;Tercatat;Cor Beton;True;True;0.06;
283;2230;PRG-18877;Sal. Jl. Gotong Royong;Kota Adm. Jakarta Timur;Cipayung;76.0;0.3;0.2;Tercatat;Cor Beton;True;True;0.06;
284;2231;PRG-18878;Sal. Jl. SMP 196;Kota Adm. Jakarta Timur;Cipayung;101.0;0.2;0.2;Tercatat;Cor Beton;True;True;0.04;
285;2232;PRG-18879;Sal. Jl. SMP 196;Kota Adm. Jakarta Timur;Cipayung;101.0;0.2;0.2;Tercatat;Cor Beton;True;True;0.04;
286;2233;PRG-18880;Sal. Jl. SMP 196;Kota Adm. Jakarta Timur;Cipayung;140.0;0.2;0.2;Tercatat;Cor Beton;True;True;0.04;
287;2234;PRG-18881;Sal. Jl. SMP 196;Kota Adm. Jakarta Timur;Cipayung;140.0;0.2;0.2;Tercatat;Cor Beton;True;True;0.04;
288;2235;PRG-18883;Sal. Jl. Warga;Kota Adm. Jakarta Timur;Cipayung;504.0;0.2;0.2;Tercatat;Cor Beton;True;True;0.04;
289;2236;PRG-18884;Sal. Jl. Warga;Kota Adm. Jakarta Timur;Cipayung;504.0;0.2;0.2;Tercatat;Cor Beton;True;True;0.04;
290;2237;PRG-18888;;Kota Adm. Jakarta Timur;Cipayung;;;;Tercatat;U-ditch Cor Beton;True;False;;dimensi_tidak_lengkap
291;2238;PRG-18889;;Kota Adm. Jakarta Timur;Cipayung;;;;Tercatat;U-ditch Cor Beton;True;False;;dimensi_tidak_lengkap
292;2239;PRG-18890;Sal. Jl. Kupu Kupu;Kota Adm. Jakarta Timur;Cipayung;337.0;0.2;0.3;Tercatat;Cor Beton;True;True;0.06;
293;2240;PRG-18891;Sal. Jl. Kupu Kupu;Kota Adm. Jakarta Timur;Cipayung;337.0;0.2;0.3;Tercatat;Cor Beton;True;True;0.06;
294;2241;PRG-18892;Sal. Jl. Kupu Kupu;Kota Adm. Jakarta Timur;Cipayung;199.0;0.2;0.3;Tercatat;Cor Beton;True;True;0.06;
295;2242;PRG-18893;Sal. Jl. Kupu Kupu;Kota Adm. Jakarta Timur;Cipayung;199.0;0.2;0.3;Tercatat;Cor Beton;True;True;0.06;
296;2243;PRG-18894;Sal. Jl. Kupu Kupu;Kota Adm. Jakarta Timur;Cipayung;222.0;0.2;0.3;Tercatat;Cor Beton;True;True;0.06;
297;2244;PRG-18895;Sal. Jl. Kupu Kupu;Kota Adm. Jakarta Timur;Cipayung;222.0;0.2;0.3;Tercatat;Cor Beton;True;True;0.06;
298;2245;PRG-18896;Sal. Jl. Kupu Kupu;Kota Adm. Jakarta Timur;Cipayung;242.0;0.2;0.3;Tercatat;Cor Beton;True;True;0.06;
299;2246;PRG-18897;Sal. Jl. Kupu Kupu;Kota Adm. Jakarta Timur;Cipayung;242.0;0.2;0.3;Tercatat;Cor Beton;True;True;0.06;
300;2247;PRG-18898;Sal. Jl. Lengkong;Kota Adm. Jakarta Timur;Cipayung;109.0;0.6;0.6;Tercatat;U-ditch;True;True;0.36;
301;2248;PRG-18899;Sal. Jl. Lengkong;Kota Adm. Jakarta Timur;Cipayung;115.0;0.6;0.6;Tercatat;U-ditch;True;True;0.36;
302;2249;PRG-18900;Sal. Jl. Lengkong;Kota Adm. Jakarta Timur;Cipayung;81.0;0.6;0.6;Tercatat;U-ditch;True;True;0.36;
303;2250;PRG-18901;Sal. Jl. Lengkong;Kota Adm. Jakarta Timur;Cipayung;87.0;0.6;0.6;Tercatat;U-ditch;True;True;0.36;
304;2251;PRG-18902;Sal. Jl. Bambu Kuning 2;Kota Adm. Jakarta Timur;Cipayung;171.0;0.2;0.2;Tercatat;Cor Beton;True;True;0.04;
305;2252;PRG-18903;Sal. Jl. Bambu Kuning 2;Kota Adm. Jakarta Timur;Cipayung;171.0;0.2;0.2;Tercatat;Cor Beton;True;True;0.04;
306;2253;PRG-18904;Sal. Jl. Bambu Kuning 2;Kota Adm. Jakarta Timur;Cipayung;73.0;0.2;0.2;Tercatat;Cor Beton;True;True;0.04;
307;2254;PRG-18905;Sal. Jl. Bambu Kuning 2;Kota Adm. Jakarta Timur;Cipayung;73.0;0.2;0.2;Tercatat;Cor Beton;True;True;0.04;
308;2255;PRG-18906;Sal. Jl. Bambu Kuning 2;Kota Adm. Jakarta Timur;Cipayung;256.0;0.2;0.2;Tercatat;Cor Beton;True;True;0.04;
309;2256;PRG-18907;Sal. Jl. Bambu Kuning 2;Kota Adm. Jakarta Timur;Cipayung;256.0;0.2;0.2;Tercatat;Cor Beton;True;True;0.04;
310;2257;PRG-18908;Sal. Jl. Swadaya;Kota Adm. Jakarta Timur;Cipayung;142.0;0.2;0.3;Tercatat;Cor Beton;True;True;0.06;
311;2258;PRG-18909;Sal. Jl. Swadaya;Kota Adm. Jakarta Timur;Cipayung;142.0;0.2;0.3;Tercatat;Cor Beton;True;True;0.06;
312;2259;PRG-18910;Sal. Jl. Bambu Kuning 2;Kota Adm. Jakarta Timur;Cipayung;398.0;0.2;0.2;Tercatat;Cor Beton;True;True;0.04;
313;2260;PRG-18911;Sal. Jl. Bambu Kuning 2;Kota Adm. Jakarta Timur;Cipayung;398.0;0.2;0.2;Tercatat;Cor Beton;True;True;0.04;
314;2261;PRG-18912;Sal. Jl. Swadaya;Kota Adm. Jakarta Timur;Cipayung;121.0;0.2;0.3;Tercatat;Cor Beton;True;True;0.06;
315;2262;PRG-18913;Sal. Jl. Swadaya;Kota Adm. Jakarta Timur;Cipayung;121.0;0.2;0.3;Tercatat;Cor Beton;True;True;0.06;
316;2263;PRG-18914;Sal. Jl. Peternakan Raya;Kota Adm. Jakarta Timur;Cipayung;587.0;0.4;0.6;Tercatat;Pasir Batu;True;True;0.24;
317;2264;PRG-18915;Sal. Jl. Peternakan Raya;Kota Adm. Jakarta Timur;Cipayung;587.0;0.4;0.6;Tercatat;Pasir Batu;True;True;0.24;
318;2265;PRG-18916;Sal. Jl. Peternakan II;Kota Adm. Jakarta Timur;Cipayung;308.0;0.2;0.4;Tercatat;Cor Beton;True;True;0.08;
319;2266;PRG-18917;Sal. Jl. Peternakan II;Kota Adm. Jakarta Timur;Cipayung;308.0;0.2;0.4;Tercatat;Cor Beton;True;True;0.08;
320;2267;PRG-18918;Sal. Jl. Peternakan III;Kota Adm. Jakarta Timur;Cipayung;23.0;0.2;0.4;Tercatat;Cor Beton;True;True;0.08;
321;2268;PRG-18919;Sal. Jl. Peternakan III;Kota Adm. Jakarta Timur;Cipayung;23.0;0.2;0.4;Tercatat;Cor Beton;True;True;0.08;
322;2269;PRG-18920;Sal. Jl. Peternakan III;Kota Adm. Jakarta Timur;Cipayung;191.0;0.2;0.4;Tercatat;Cor Beton;True;True;0.08;
323;2270;PRG-18921;Sal. Jl. Peternakan III;Kota Adm. Jakarta Timur;Cipayung;191.0;0.2;0.4;Tercatat;Cor Beton;True;True;0.08;
324;2271;PRG-18922;Sal. Jl. Peternakan I;Kota Adm. Jakarta Timur;Cipayung;237.0;0.2;0.4;Tercatat;Cor Beton;True;True;0.08;
325;2272;PRG-18923;Sal. Jl. Peternakan I;Kota Adm. Jakarta Timur;Cipayung;237.0;0.2;0.4;Tercatat;Cor Beton;True;True;0.08;
326;2273;PRG-18924;Sal. Jl. Amanah;Kota Adm. Jakarta Timur;Cipayung;260.0;0.2;0.2;Tercatat;Cor Beton;True;True;0.04;
327;2274;PRG-18925;Sal. Jl. Amanah;Kota Adm. Jakarta Timur;Cipayung;260.0;0.2;0.2;Tercatat;Cor Beton;True;True;0.04;
328;2275;PRG-18926;Sal. Jl. Amanah;Kota Adm. Jakarta Timur;Cipayung;287.0;0.2;0.2;Tercatat;Cor Beton;True;True;0.04;
329;2276;PRG-18927;Sal. Jl. Amanah;Kota Adm. Jakarta Timur;Cipayung;287.0;0.2;0.2;Tercatat;Cor Beton;True;True;0.04;
330;2277;PRG-18928;Sal. Jl. Amanah;Kota Adm. Jakarta Timur;Cipayung;89.0;0.2;0.2;Tercatat;Cor Beton;True;True;0.04;
331;2278;PRG-18932;Sal. Jl. Madrasah;Kota Adm. Jakarta Timur;Cipayung;280.0;0.2;0.2;Tercatat;Cor Beton;True;True;0.04;
332;2279;PRG-18933;Sal. Jl. Madrasah;Kota Adm. Jakarta Timur;Cipayung;280.0;0.2;0.2;Tercatat;Cor Beton;True;True;0.04;
333;2280;PRG-18934;Sal. Jl. Madrasah;Kota Adm. Jakarta Timur;Cipayung;135.0;0.2;0.2;Tercatat;Cor Beton;True;True;0.04;
334;2281;PRG-18935;Sal. Jl. Madrasah;Kota Adm. Jakarta Timur;Cipayung;135.0;0.2;0.2;Tercatat;Cor Beton;True;True;0.04;
335;2282;PRG-18937;Sal. Jl. Madrasah;Kota Adm. Jakarta Timur;Cipayung;34.0;0.2;0.2;Tercatat;Cor Beton;True;True;0.04;
336;2283;PRG-18938;Sal. Jl. Madrasah;Kota Adm. Jakarta Timur;Cipayung;34.0;0.2;0.2;Tercatat;Cor Beton;True;True;0.04;
337;2284;PRG-18942;Sal. Jl. Subur Pertamina;Kota Adm. Jakarta Timur;Cipayung;296.0;0.6;0.6;Tercatat;U-ditch;True;True;0.36;
338;2285;PRG-18943;Sal. Jl. Subur Pertamina;Kota Adm. Jakarta Timur;Cipayung;296.0;0.6;0.6;Tercatat;U-ditch;True;True;0.36;
339;2286;PRG-18944;Sal. Jl. Niran;Kota Adm. Jakarta Timur;Cipayung;117.0;0.6;0.6;Tercatat;U-ditch / Cor Beton;True;True;0.36;
340;2287;PRG-18945;Sal. Jl. Niran;Kota Adm. Jakarta Timur;Cipayung;117.0;0.6;0.6;Tercatat;U-ditch / Cor Beton;True;True;0.36;
341;2288;PRG-18946;Sal. Jl. Niran;Kota Adm. Jakarta Timur;Cipayung;78.0;0.6;0.6;Tercatat;U-ditch / Cor Beton;True;True;0.36;
342;2289;PRG-18948;Sal. Jl. Niran;Kota Adm. Jakarta Timur;Cipayung;78.0;0.6;0.6;Tercatat;U-ditch / Cor Beton;True;True;0.36;
343;2290;PRG-18950;Sal. Jl. Bunut;Kota Adm. Jakarta Timur;Cipayung;539.0;0.4;0.4;Tercatat;U-ditch;True;True;0.16;
344;2291;PRG-18951;Sal. Jl. Bunut;Kota Adm. Jakarta Timur;Cipayung;539.0;0.4;0.4;Tercatat;U-ditch;True;True;0.16;
345;2292;PRG-18952;Sal. Jl. Serut;Kota Adm. Jakarta Timur;Cipayung;292.0;0.3;0.3;Tercatat;Cor Beton;True;True;0.09;
346;2293;PRG-18953;Sal. Jl. Serut;Kota Adm. Jakarta Timur;Cipayung;292.0;0.3;0.3;Tercatat;Cor Beton;True;True;0.09;
347;2294;PRG-18954;Sal. Jl. Serut;Kota Adm. Jakarta Timur;Cipayung;104.0;0.3;0.3;Tercatat;Cor Beton;True;True;0.09;
348;2295;PRG-18955;Sal. Jl. Serut;Kota Adm. Jakarta Timur;Cipayung;104.0;0.3;0.3;Tercatat;Cor Beton;True;True;0.09;
349;2296;PRG-18956;Sal. Jl. Serut;Kota Adm. Jakarta Timur;Cipayung;650.0;0.3;0.3;Tercatat;Cor Beton;True;True;0.09;
350;2297;PRG-18957;Sal. Jl. Serut;Kota Adm. Jakarta Timur;Cipayung;650.0;0.3;0.3;Tercatat;Cor Beton;True;True;0.09;
351;2298;PRG-18960;Sal. Jl. Beringin;Kota Adm. Jakarta Timur;Cipayung;150.0;0.3;0.3;Tercatat;Cor Beton;True;True;0.09;
352;2299;PRG-18961;Sal. Jl. Beringin;Kota Adm. Jakarta Timur;Cipayung;150.0;0.3;0.3;Tercatat;Cor Beton;True;True;0.09;
353;2300;PRG-18962;Sal. Jl. Beringin;Kota Adm. Jakarta Timur;Cipayung;48.0;0.3;0.3;Tercatat;Cor Beton;True;True;0.09;
354;2301;PRG-18963;Sal. Jl. Beringin;Kota Adm. Jakarta Timur;Cipayung;48.0;0.3;0.3;Tercatat;Cor Beton;True;True;0.09;
355;2302;PRG-18965;Sal. Jl. Pangkalan;Kota Adm. Jakarta Timur;Cipayung;276.0;0.3;0.3;Tercatat;Cor Beton;True;True;0.09;
356;2303;PRG-18974;Sal. Jl. Pangkalan;Kota Adm. Jakarta Timur;Cipayung;276.0;0.3;0.3;Tercatat;Cor Beton;True;True;0.09;
357;2304;PRG-18975;Sal. Jl. Pangkalan;Kota Adm. Jakarta Timur;Cipayung;232.0;0.3;0.3;Tercatat;Cor Beton;True;True;0.09;
358;2305;PRG-18976;Sal. Jl. Pangkalan;Kota Adm. Jakarta Timur;Cipayung;232.0;0.3;0.3;Tercatat;Cor Beton;True;True;0.09;
359;2306;PRG-18977;Sal. Jl. Pangkalan;Kota Adm. Jakarta Timur;Cipayung;86.0;0.3;0.3;Tercatat;Cor Beton;True;True;0.09;
360;2307;PRG-18978;Sal. Jl. Pangkalan;Kota Adm. Jakarta Timur;Cipayung;86.0;0.3;0.3;Tercatat;Cor Beton;True;True;0.09;
361;2308;PRG-18979;Sal. Jl. Pangkalan;Kota Adm. Jakarta Timur;Cipayung;164.0;0.3;0.3;Tercatat;Cor Beton;True;True;0.09;
362;2309;PRG-18980;Sal. Jl. Pangkalan;Kota Adm. Jakarta Timur;Cipayung;164.0;0.3;0.3;Tercatat;Cor Beton;True;True;0.09;
363;2310;PRG-18981;Sal. Jl. Serut;Kota Adm. Jakarta Timur;Cipayung;97.0;0.3;0.3;Tercatat;Cor Beton;True;True;0.09;
364;2311;PRG-18982;Sal. Jl. Serut;Kota Adm. Jakarta Timur;Cipayung;97.0;0.3;0.3;Tercatat;Cor Beton;True;True;0.09;
365;2312;PRG-18983;Sal. Jl. Serut;Kota Adm. Jakarta Timur;Cipayung;205.0;0.3;0.3;Tercatat;Cor Beton;True;True;0.09;
366;2313;PRG-18984;Sal. Jl. Serut;Kota Adm. Jakarta Timur;Cipayung;205.0;0.3;0.3;Tercatat;Cor Beton;True;True;0.09;
367;2314;PRG-18985;Sal. Jl. Pangkalan;Kota Adm. Jakarta Timur;Cipayung;132.0;0.3;0.3;Tercatat;Cor Beton;True;True;0.09;
368;2315;PRG-18986;Sal. Jl. Pangkalan;Kota Adm. Jakarta Timur;Cipayung;132.0;0.3;0.3;Tercatat;Cor Beton;True;True;0.09;
369;2316;PRG-18987;Sal. Jl. Pangkalan;Kota Adm. Jakarta Timur;Cipayung;128.0;0.3;0.3;Tercatat;Cor Beton;True;True;0.09;
370;2317;PRG-18988;Sal. Jl. Pangkalan;Kota Adm. Jakarta Timur;Cipayung;128.0;0.3;0.3;Tercatat;Cor Beton;True;True;0.09;
371;2318;PRG-18989;Sal. Jl. Pangkalan;Kota Adm. Jakarta Timur;Cipayung;103.0;0.3;0.3;Tercatat;Cor Beton;True;True;0.09;
372;2319;PRG-18990;Sal. Jl. Pangkalan;Kota Adm. Jakarta Timur;Cipayung;103.0;0.3;0.3;Tercatat;Cor Beton;True;True;0.09;
373;2320;PRG-18991;Sal. Jl. Sukun;Kota Adm. Jakarta Timur;Cipayung;264.0;0.2;0.3;Tercatat;Cor Beton;True;True;0.06;
374;2321;PRG-18992;Sal. Jl. Sukun;Kota Adm. Jakarta Timur;Cipayung;264.0;0.2;0.3;Tercatat;Cor Beton;True;True;0.06;
375;2322;PRG-18993;Sal. Jl. Sukun;Kota Adm. Jakarta Timur;Cipayung;93.0;0.2;0.3;Tercatat;Cor Beton;True;True;0.06;
376;2323;PRG-18994;Sal. Jl. Sukun;Kota Adm. Jakarta Timur;Cipayung;93.0;0.2;0.3;Tercatat;Cor Beton;True;True;0.06;
377;2324;PRG-18995;Sal. Jl. Sukun;Kota Adm. Jakarta Timur;Cipayung;70.0;0.2;0.3;Tercatat;Cor Beton;True;True;0.06;
378;2325;PRG-18996;Sal. Jl. Sukun;Kota Adm. Jakarta Timur;Cipayung;70.0;0.2;0.3;Tercatat;Cor Beton;True;True;0.06;
379;2326;PRG-18997;Sal. Jl. Sukun;Kota Adm. Jakarta Timur;Cipayung;106.0;0.2;0.3;Tercatat;Cor Beton;True;True;0.06;
380;2327;PRG-18998;Sal. Jl. Sukun;Kota Adm. Jakarta Timur;Cipayung;106.0;0.2;0.3;Tercatat;Cor Beton;True;True;0.06;
381;2328;PRG-18999;Sal. Jl. Amanah;Kota Adm. Jakarta Timur;Cipayung;89.0;0.2;0.2;Tercatat;Cor Beton;True;True;0.04;
382;2329;PRG-19000;Sal. Jl. Swadaya IV;Kota Adm. Jakarta Timur;Cipayung;206.0;0.2;0.3;Tercatat;Cor Beton;True;True;0.06;
383;2330;PRG-19001;Sal. Jl. Swadaya IV;Kota Adm. Jakarta Timur;Cipayung;206.0;0.2;0.3;Tercatat;Cor Beton;True;True;0.06;
384;2331;PRG-19002;Sal. Jl. Swadaya III;Kota Adm. Jakarta Timur;Cipayung;164.0;0.2;0.3;Tercatat;Cor Beton;True;True;0.06;
385;2332;PRG-19003;Sal. Jl. Swadaya III;Kota Adm. Jakarta Timur;Cipayung;164.0;0.2;0.3;Tercatat;Cor Beton;True;True;0.06;
386;2333;PRG-19004;Sal. Jl. Swadaya;Kota Adm. Jakarta Timur;Cipayung;240.0;0.2;0.3;Tercatat;Cor Beton;True;True;0.06;
387;2334;PRG-19005;Sal. Jl. Swadaya;Kota Adm. Jakarta Timur;Cipayung;240.0;0.2;0.3;Tercatat;Cor Beton;True;True;0.06;
388;2335;PRG-19006;Sal. Jl. Swadaya;Kota Adm. Jakarta Timur;Cipayung;189.0;0.2;0.3;Tercatat;Cor Beton;True;True;0.06;
389;2336;PRG-19007;Sal. Jl. Swadaya;Kota Adm. Jakarta Timur;Cipayung;189.0;0.2;0.3;Tercatat;Cor Beton;True;True;0.06;
390;2337;PRG-19008;Sal. Jl. Swadaya;Kota Adm. Jakarta Timur;Cipayung;112.0;0.2;0.3;Tercatat;Cor Beton;True;True;0.06;
391;2338;PRG-19009;Sal. Jl. Swadaya;Kota Adm. Jakarta Timur;Cipayung;112.0;0.2;0.3;Tercatat;Cor Beton;True;True;0.06;
392;2339;PRG-19010;Sal. Jl. Swadaya;Kota Adm. Jakarta Timur;Cipayung;94.0;0.2;0.3;Tercatat;Cor Beton;True;True;0.06;
393;2340;PRG-19011;Sal. Jl. Swadaya;Kota Adm. Jakarta Timur;Cipayung;94.0;0.2;0.3;Tercatat;Cor Beton;True;True;0.06;
394;2341;PRG-19012;Sal. Jl. Swadaya I;Kota Adm. Jakarta Timur;Cipayung;404.0;0.2;0.3;Tercatat;Cor Beton;True;True;0.06;
395;2342;PRG-19013;Sal. Jl. Swadaya I;Kota Adm. Jakarta Timur;Cipayung;404.0;0.2;0.3;Tercatat;Cor Beton;True;True;0.06;
396;2343;PRG-19014;Sal. Jl. Ilan Imah;Kota Adm. Jakarta Timur;Cipayung;160.0;0.6;0.6;Tidak diketahui;U-ditch;False;True;0.36;status_belum_tercatat
397;2344;PRG-19015;Sal. Jl. Ilan Imah;Kota Adm. Jakarta Timur;Cipayung;160.0;0.6;0.6;Tidak diketahui;U-ditch;False;True;0.36;status_belum_tercatat
398;2345;PRG-19016;Sal. Jl. Jeon;Kota Adm. Jakarta Timur;Cipayung;71.0;0.6;0.6;Tercatat;U-ditch;True;True;0.36;
399;2346;PRG-19017;Sal. Jl. Jeon;Kota Adm. Jakarta Timur;Cipayung;71.0;0.6;0.6;Tercatat;U-ditch;True;True;0.36;
400;2347;PRG-19018;Sal. Jl. Ilan Imah;Kota Adm. Jakarta Timur;Cipayung;140.0;0.6;0.6;Tercatat;U-ditch;True;True;0.36;
401;2348;PRG-19019;Sal. Jl. Ilan Imah;Kota Adm. Jakarta Timur;Cipayung;140.0;0.6;0.6;Tercatat;U-ditch;True;True;0.36;
402;2349;PRG-19020;Sal. Jl. SD Lama;Kota Adm. Jakarta Timur;Cipayung;228.0;0.4;0.4;Tercatat;Cor Beton;True;True;0.16;
403;2350;PRG-19021;Sal. Jl. SD Lama;Kota Adm. Jakarta Timur;Cipayung;228.0;0.4;0.4;Tercatat;Cor Beton;True;True;0.16;
404;2351;PRG-19022;Sal. Jl. SD Lama;Kota Adm. Jakarta Timur;Cipayung;98.0;0.4;0.4;Tercatat;Cor Beton;True;True;0.16;
405;2352;PRG-19023;Sal. Jl. SD Lama;Kota Adm. Jakarta Timur;Cipayung;98.0;0.4;0.4;Tercatat;Cor Beton;True;True;0.16;
406;2353;PRG-19024;Sal. Jl. SD Lama;Kota Adm. Jakarta Timur;Cipayung;59.0;0.4;0.4;Tercatat;Cor Beton;True;True;0.16;
407;2354;PRG-19025;Sal. Jl. SD Lama;Kota Adm. Jakarta Timur;Cipayung;59.0;0.4;0.4;Tercatat;Cor Beton;True;True;0.16;
408;2355;PRG-19026;Sal. Jl. SD Lama;Kota Adm. Jakarta Timur;Cipayung;69.0;0.4;0.4;Tercatat;Cor Beton;True;True;0.16;
409;2356;PRG-19027;Sal. Jl. SD Lama;Kota Adm. Jakarta Timur;Cipayung;69.0;0.4;0.4;Tercatat;Cor Beton;True;True;0.16;
410;2357;PRG-19049;Sal. Jl. Kramat Ganceng;Kota Adm. Jakarta Timur;Cipayung;132.0;0.6;0.6;Tercatat;U-ditch;True;True;0.36;
411;2358;PRG-19050;Sal. Jl. Kramat Ganceng;Kota Adm. Jakarta Timur;Cipayung;132.0;0.6;0.6;Tercatat;U-ditch;True;True;0.36;
412;2359;PRG-19068;Sal. Jl. Swadaya;Kota Adm. Jakarta Timur;Cipayung;360.0;0.2;0.3;Tercatat;Cor Beton;True;True;0.06;
413;2360;PRG-19069;Sal. Jl. Swadaya;Kota Adm. Jakarta Timur;Cipayung;360.0;0.2;0.3;Tercatat;Cor Beton;True;True;0.06;
414;2361;PRG-19070;Sal. Jl. Mufakat;Kota Adm. Jakarta Timur;Cipayung;255.0;0.4;0.4;Tercatat;U-ditch;True;True;0.16;
415;2362;PRG-19071;Sal. Jl. Mufakat;Kota Adm. Jakarta Timur;Cipayung;255.0;0.4;0.4;Tercatat;U-ditch;True;True;0.16;
416;2363;PRG-19074;Sal. Jl. Jeon;Kota Adm. Jakarta Timur;Cipayung;79.0;0.6;0.6;Tercatat;U-ditch;True;True;0.36;
417;2364;PRG-19075;Sal. Jl. Jeon;Kota Adm. Jakarta Timur;Cipayung;79.0;0.6;0.6;Tercatat;U-ditch;True;True;0.36;
480;2427;STU-18300;;Kota Adm. Jakarta Timur;Cipayung;;;;Tercatat;Cor Beton U-ditch;True;False;;dimensi_tidak_lengkap
23;1970;STU-483;Sal. Jl. Raya Setu;Kota Adm. Jakarta Timur;Cipayung;135.0;0.6;0.6;Tidak diketahui;Tidak diketahui;False;True;0.36;status_belum_tercatat
24;1971;STU-484;Sal. Jl. Raya Setu;Kota Adm. Jakarta Timur;Cipayung;135.0;0.6;0.6;Tidak diketahui;Tidak diketahui;False;True;0.36;status_belum_tercatat
25;1972;STU-485;Sal. Jl. Raya Setu;Kota Adm. Jakarta Timur;Cipayung;2165.0;0.6;0.6;Tidak diketahui;Tidak diketahui;False;True;0.36;status_belum_tercatat
26;1973;STU-486;Sal. Jl. Raya Setu;Kota Adm. Jakarta Timur;Cipayung;;;;Tidak diketahui;Tidak diketahui;False;False;;dimensi_tidak_lengkap, status_belum_tercatat
27;1974;STU-507;Sal. Jl. Pagelarang;Kota Adm. Jakarta Timur;Cipayung;192.0;0.8;0.8;Tidak diketahui;Tidak diketahui;False;True;0.64;status_belum_tercatat
28;1975;STU-508;Sal. Jl. Pagelarang;Kota Adm. Jakarta Timur;Cipayung;192.0;0.8;0.8;Tidak diketahui;Tidak diketahui;False;True;0.64;status_belum_tercatat
29;1976;STU-509;Sal. Jl. Pagelarang;Kota Adm. Jakarta Timur;Cipayung;147.0;0.8;0.8;Tidak diketahui;Tidak diketahui;False;True;0.64;status_belum_tercatat
30;1977;STU-510;Sal. Jl. Pagelarang;Kota Adm. Jakarta Timur;Cipayung;147.0;0.8;0.8;Tidak diketahui;Tidak diketahui;False;True;0.64;status_belum_tercatat
31;1978;STU-511;Sal. Jl. Pagelarang;Kota Adm. Jakarta Timur;Cipayung;147.0;0.8;0.8;Tidak diketahui;Tidak diketahui;False;True;0.64;status_belum_tercatat
32;1979;STU-512;Sal. Jl. Pagelarang;Kota Adm. Jakarta Timur;Cipayung;147.0;0.8;0.8;Tidak diketahui;Tidak diketahui;False;True;0.64;status_belum_tercatat
33;1980;STU-517;Sal. Jl. Damai;Kota Adm. Jakarta Timur;Cipayung;520.0;0.4;0.4;Tidak diketahui;Tidak diketahui;False;True;0.16;status_belum_tercatat
34;1981;STU-518;Sal. Jl. Damai;Kota Adm. Jakarta Timur;Cipayung;520.0;0.4;0.4;Tidak diketahui;Tidak diketahui;False;True;0.16;status_belum_tercatat
35;1982;STU-537;Sal. Jl. Mandor Munding;Kota Adm. Jakarta Timur;Cipayung;77.0;0.6;0.6;Tidak diketahui;Tidak diketahui;False;True;0.36;status_belum_tercatat
36;1983;STU-538;Sal. Jl. Mandor Munding;Kota Adm. Jakarta Timur;Cipayung;77.0;0.6;0.6;Tidak diketahui;Tidak diketahui;False;True;0.36;status_belum_tercatat
37;1984;STU-539;Sal. Jl. Mandor Munding;Kota Adm. Jakarta Timur;Cipayung;148.0;0.6;0.6;Tidak diketahui;Tidak diketahui;False;True;0.36;status_belum_tercatat
38;1985;STU-540;Sal. Jl. Mandor Munding;Kota Adm. Jakarta Timur;Cipayung;148.0;0.6;0.6;Tidak diketahui;Tidak diketahui;False;True;0.36;status_belum_tercatat
39;1986;STU-541;Sal. Jl. Pagelarang II;Kota Adm. Jakarta Timur;Cipayung;483.0;0.6;0.6;Tidak diketahui;Tidak diketahui;False;True;0.36;status_belum_tercatat
40;1987;STU-548;Sal. Jl. Siung;Kota Adm. Jakarta Timur;Cipayung;324.0;0.6;0.6;Tidak diketahui;Tidak diketahui;False;True;0.36;status_belum_tercatat
41;1988;STU-556;Sal. Jl. Biantar Jati II;Kota Adm. Jakarta Timur;Cipayung;822.0;0.6;0.6;Tidak diketahui;Tidak diketahui;False;True;0.36;status_belum_tercatat
42;1989;STU-560;Sal. Jl. Rukun II;Kota Adm. Jakarta Timur;Cipayung;857.0;0.2;0.3;Tidak diketahui;Tidak diketahui;False;True;0.06;status_belum_tercatat
43;1990;STU-567;Sal. Jl. Rukun II;Kota Adm. Jakarta Timur;Cipayung;857.0;0.2;0.3;Tidak diketahui;Tidak diketahui;False;True;0.06;status_belum_tercatat
44;1991;STU-568;Sal. Jl. Rukun III;Kota Adm. Jakarta Timur;Cipayung;90.0;0.6;0.6;Tidak diketahui;Tidak diketahui;False;True;0.36;status_belum_tercatat
45;1992;STU-569;Sal. Jl. Rukun III;Kota Adm. Jakarta Timur;Cipayung;146.0;0.6;0.6;Tidak diketahui;Tidak diketahui;False;True;0.36;status_belum_tercatat
46;1993;STU-570;Sal. Jl. Rukun III;Kota Adm. Jakarta Timur;Cipayung;146.0;0.6;0.6;Tidak diketahui;Tidak diketahui;False;True;0.36;status_belum_tercatat
47;1994;STU-571;;Kota Adm. Jakarta Timur;Cipayung;;;;Tidak diketahui;Tidak diketahui;False;False;;dimensi_tidak_lengkap, status_belum_tercatat
48;1995;STU-572;;Kota Adm. Jakarta Timur;Cipayung;;;;Tidak diketahui;Tidak diketahui;False;False;;dimensi_tidak_lengkap, status_belum_tercatat
49;1996;STU-573;Sal. Jl. Rukun I;Kota Adm. Jakarta Timur;Cipayung;153.0;0.6;0.6;Tidak diketahui;Tidak diketahui;False;True;0.36;status_belum_tercatat
50;1997;STU-574;Sal. Jl. Rukun I;Kota Adm. Jakarta Timur;Cipayung;153.0;0.6;0.6;Tidak diketahui;Tidak diketahui;False;True;0.36;status_belum_tercatat
51;1998;STU-575;Sal. Jl. Biantar Jati II;Kota Adm. Jakarta Timur;Cipayung;822.0;0.6;0.6;Tidak diketahui;Tidak diketahui;False;True;0.36;status_belum_tercatat
52;1999;STU-582;Sal. Jl. Perum Kopti;Kota Adm. Jakarta Timur;Cipayung;736.0;0.3;0.5;Tercatat;Cor Beton;True;True;0.15;
53;2000;STU-583;Sal. Jl. Perum Kopti;Kota Adm. Jakarta Timur;Cipayung;77.0;0.3;0.5;Tercatat;Cor Beton;True;True;0.15;
54;2001;STU-584;Sal. Jl. Perum Kopti;Kota Adm. Jakarta Timur;Cipayung;79.0;0.3;0.5;Tercatat;Cor Beton;True;True;0.15;
55;2002;STU-585;Sal. Jl. Perum Kopti;Kota Adm. Jakarta Timur;Cipayung;79.0;0.3;0.5;Tercatat;Cor Beton;True;True;0.15;
56;2003;STU-586;Sal. Jl. Perum Kopti;Kota Adm. Jakarta Timur;Cipayung;49.0;0.3;0.5;Tercatat;Cor Beton;True;True;0.15;
57;2004;STU-587;Sal. Jl. Perum Kopti;Kota Adm. Jakarta Timur;Cipayung;47.0;0.3;0.5;Tercatat;Cor Beton;True;True;0.15;
58;2005;STU-588;Sal. Jl. Perum Kopti;Kota Adm. Jakarta Timur;Cipayung;66.0;0.3;0.5;Tercatat;Cor Beton;True;True;0.15;
59;2006;STU-589;Sal. Jl. Perum Kopti;Kota Adm. Jakarta Timur;Cipayung;49.0;0.3;0.5;Tercatat;Cor Beton;True;True;0.15;
60;2007;STU-590;Sal. Jl. Perum Kopti;Kota Adm. Jakarta Timur;Cipayung;112.0;0.3;0.5;Tercatat;Cor Beton;True;True;0.15;
61;2008;STU-591;Sal. Jl. Perum Kopti;Kota Adm. Jakarta Timur;Cipayung;133.0;0.3;0.5;Tercatat;Cor Beton;True;True;0.15;
62;2009;STU-592;Sal. Jl. Perum Kopti;Kota Adm. Jakarta Timur;Cipayung;25.0;0.3;0.5;Tercatat;Cor Beton;True;True;0.15;
63;2010;STU-593;Sal. Jl. Perum Kopti;Kota Adm. Jakarta Timur;Cipayung;22.0;0.3;0.5;Tercatat;Cor Beton;True;True;0.15;
64;2011;STU-594;Sal. Jl. Perum Kopti;Kota Adm. Jakarta Timur;Cipayung;26.0;0.3;0.5;Tercatat;Cor Beton;True;True;0.15;
65;2012;STU-595;Sal. Jl. Perum Kopti;Kota Adm. Jakarta Timur;Cipayung;133.0;0.3;0.5;Tercatat;Cor Beton;True;True;0.15;
66;2013;STU-596;Sal. Jl. Perum Kopti;Kota Adm. Jakarta Timur;Cipayung;103.0;0.3;0.5;Tercatat;Cor Beton;True;True;0.15;
67;2014;STU-597;Sal. Jl. Perum Kopti;Kota Adm. Jakarta Timur;Cipayung;34.0;0.3;0.5;Tercatat;Cor Beton;True;True;0.15;
68;2015;STU-598;Sal. Jl. Perum Kopti;Kota Adm. Jakarta Timur;Cipayung;24.0;0.3;0.5;Tercatat;Cor Beton;True;True;0.15;
69;2016;STU-604;Sal. Jl. Perum Kopti;Kota Adm. Jakarta Timur;Cipayung;95.0;0.3;0.5;Tercatat;Cor Beton;True;True;0.15;
70;2017;STU-605;Sal. Jl. Perum Kopti;Kota Adm. Jakarta Timur;Cipayung;74.0;0.3;0.5;Tercatat;Cor Beton;True;True;0.15;
71;2018;STU-607;Sal. Jl. Perum Kopti;Kota Adm. Jakarta Timur;Cipayung;77.0;0.3;0.5;Tercatat;Cor Beton;True;True;0.15;
72;2019;STU-608;Sal. Jl. Perum Kopti;Kota Adm. Jakarta Timur;Cipayung;74.0;0.3;0.5;Tercatat;Cor Beton;True;True;0.15;
73;2020;STU-609;Sal. Jl. Perum Kopti;Kota Adm. Jakarta Timur;Cipayung;69.0;0.3;0.5;Tercatat;Cor Beton;True;True;0.15;
74;2021;STU-611;Sal. Jl. Perum Kopti;Kota Adm. Jakarta Timur;Cipayung;66.0;0.3;0.5;Tercatat;Cor Beton;True;True;0.15;
75;2022;STU-612;Sal. Jl. Perum Kopti;Kota Adm. Jakarta Timur;Cipayung;78.0;0.3;0.5;Tercatat;Cor Beton;True;True;0.15;
76;2023;STU-613;Sal. Jl. Perum Kopti;Kota Adm. Jakarta Timur;Cipayung;84.0;0.3;0.5;Tercatat;Cor Beton;True;True;0.15;
77;2024;STU-615;Sal. Jl. Perum Kopti;Kota Adm. Jakarta Timur;Cipayung;112.0;0.3;0.5;Tercatat;Cor Beton;True;True;0.15;
78;2025;STU-617;Sal. Jl. Perum Kopti;Kota Adm. Jakarta Timur;Cipayung;114.0;0.3;0.5;Tercatat;Cor Beton;True;True;0.15;
79;2026;STU-618;Sal. Jl. Perum Kopti;Kota Adm. Jakarta Timur;Cipayung;112.0;0.3;0.5;Tercatat;Cor Beton;True;True;0.15;
80;2027;STU-619;Sal. Jl. Perum Kopti;Kota Adm. Jakarta Timur;Cipayung;105.0;0.3;0.5;Tercatat;Cor Beton;True;True;0.15;
81;2028;STU-620;Sal. Jl. Perum Kopti;Kota Adm. Jakarta Timur;Cipayung;105.0;0.3;0.5;Tercatat;Cor Beton;True;True;0.15;
82;2029;STU-621;Sal. Jl. Perum Kopti;Kota Adm. Jakarta Timur;Cipayung;103.0;0.3;0.5;Tercatat;Cor Beton;True;True;0.15;
83;2030;STU-622;Sal. Jl. Perum Kopti;Kota Adm. Jakarta Timur;Cipayung;95.0;0.3;0.5;Tercatat;Cor Beton;True;True;0.15;
84;2031;STU-623;Sal. Jl. Perum Kopti;Kota Adm. Jakarta Timur;Cipayung;69.0;0.3;0.5;Tercatat;Cor Beton;True;True;0.15;
85;2032;STU-624;Sal. Jl. Perum Kopti;Kota Adm. Jakarta Timur;Cipayung;22.0;0.3;0.5;Tercatat;Cor Beton;True;True;0.15;
86;2033;STU-625;Sal. Jl. Perum Kopti;Kota Adm. Jakarta Timur;Cipayung;24.0;0.3;0.5;Tercatat;Cor Beton;True;True;0.15;
87;2034;STU-626;Sal. Jl. Perum Kopti;Kota Adm. Jakarta Timur;Cipayung;47.0;0.3;0.5;Tercatat;Cor Beton;True;True;0.15;
88;2035;STU-627;Sal. Jl. Perum Kopti;Kota Adm. Jakarta Timur;Cipayung;23.0;0.3;0.5;Tercatat;Cor Beton;True;True;0.15;
89;2036;STU-628;Sal. Jl. Perum Kopti;Kota Adm. Jakarta Timur;Cipayung;23.0;0.3;0.5;Tercatat;Cor Beton;True;True;0.15;
90;2037;STU-629;Sal. Jl. Perum Kopti;Kota Adm. Jakarta Timur;Cipayung;18.0;0.3;0.5;Tercatat;Cor Beton;True;True;0.15;
91;2038;STU-630;Sal. Jl. Perum Kopti;Kota Adm. Jakarta Timur;Cipayung;235.0;0.3;0.5;Tercatat;Cor Beton;True;True;0.15;
92;2039;STU-631;Sal. Jl. Perum Kopti;Kota Adm. Jakarta Timur;Cipayung;109.0;0.3;0.5;Tercatat;Cor Beton;True;True;0.15;
93;2040;STU-632;Sal. Jl. Perum Kopti;Kota Adm. Jakarta Timur;Cipayung;114.0;0.3;0.5;Tercatat;Cor Beton;True;True;0.15;
94;2041;STU-633;Sal. Jl. H. Karim;Kota Adm. Jakarta Timur;Cipayung;742.0;0.6;0.6;Tidak diketahui;Tidak diketahui;False;True;0.36;status_belum_tercatat
95;2042;STU-634;Sal. Jl. Harapan I;Kota Adm. Jakarta Timur;Cipayung;420.0;0.25;0.25;Tidak diketahui;Tidak diketahui;False;True;0.062;status_belum_tercatat
96;2043;STU-635;Sal. Jl. Harapan I;Kota Adm. Jakarta Timur;Cipayung;420.0;0.25;0.25;Tidak diketahui;Tidak diketahui;False;True;0.062;status_belum_tercatat
97;2044;STU-636;Sal. Jl. Sawo;Kota Adm. Jakarta Timur;Cipayung;319.0;0.2;0.25;Tidak diketahui;Tidak diketahui;False;True;0.05;status_belum_tercatat
98;2045;STU-637;Sal. Jl. Sawo;Kota Adm. Jakarta Timur;Cipayung;319.0;0.2;0.25;Tidak diketahui;Tidak diketahui;False;True;0.05;status_belum_tercatat
99;2046;STU-638;;Kota Adm. Jakarta Timur;Cipayung;;;;Tidak diketahui;Tidak diketahui;False;False;;dimensi_tidak_lengkap, status_belum_tercatat
100;2047;STU-639;;Kota Adm. Jakarta Timur;Cipayung;;;;Tidak diketahui;Tidak diketahui;False;False;;dimensi_tidak_lengkap, status_belum_tercatat
101;2048;STU-640;Sal. Jl. Raya Mabes Hankam;Kota Adm. Jakarta Timur;Cipayung;365.0;0.6;0.6;Tidak diketahui;Tidak diketahui;False;True;0.36;status_belum_tercatat
102;2049;STU-641;Sal. Jl. Raya Mabes Hankam;Kota Adm. Jakarta Timur;Cipayung;365.0;0.6;0.6;Tidak diketahui;Tidak diketahui;False;True;0.36;status_belum_tercatat
103;2050;STU-642;Sal. Jl. Raya Mabes Hankam;Kota Adm. Jakarta Timur;Cipayung;365.0;0.6;0.6;Tidak diketahui;Tidak diketahui;False;True;0.36;status_belum_tercatat
104;2051;STU-643;Sal. Jl. Raya Mabes Hankam;Kota Adm. Jakarta Timur;Cipayung;365.0;0.6;0.6;Tidak diketahui;Tidak diketahui;False;True;0.36;status_belum_tercatat
105;2052;STU-649;Sal. Jl. Kramat Aris;Kota Adm. Jakarta Timur;Cipayung;544.0;0.2;0.25;Tidak diketahui;Tidak diketahui;False;True;0.05;status_belum_tercatat
106;2053;STU-650;Sal. Jl. Kramat Aris;Kota Adm. Jakarta Timur;Cipayung;544.0;0.2;0.25;Tidak diketahui;Tidak diketahui;False;True;0.05;status_belum_tercatat
107;2054;STU-651;Sal. Jl. Puskesmas;Kota Adm. Jakarta Timur;Cipayung;559.0;0.2;0.3;Tidak diketahui;Tidak diketahui;False;True;0.06;status_belum_tercatat
108;2055;STU-652;Sal. Jl. Puskesmas;Kota Adm. Jakarta Timur;Cipayung;559.0;0.2;0.3;Tidak diketahui;Tidak diketahui;False;True;0.06;status_belum_tercatat
109;2056;STU-653;Sal. Jl. Hwarang;Kota Adm. Jakarta Timur;Cipayung;285.0;1.0;1.5;Tidak diketahui;Tidak diketahui;False;True;1.5;status_belum_tercatat
110;2057;STU-654;;Kota Adm. Jakarta Timur;Cipayung;;;;Tidak diketahui;Tidak diketahui;False;False;;dimensi_tidak_lengkap, status_belum_tercatat
111;2058;STU-655;Sal. Jl. Terusan Mabes Hankam;Kota Adm. Jakarta Timur;Cipayung;595.0;0.6;0.6;Tidak diketahui;Tidak diketahui;False;True;0.36;status_belum_tercatat
112;2059;STU-656;;Kota Adm. Jakarta Timur;Cipayung;;;;Tidak diketahui;Tidak diketahui;False;False;;dimensi_tidak_lengkap, status_belum_tercatat
113;2060;STU-657;;Kota Adm. Jakarta Timur;Cipayung;;;;Tidak diketahui;Tidak diketahui;False;False;;dimensi_tidak_lengkap, status_belum_tercatat
114;2061;STU-658;Sal. Jl. Gg. Sanin;Kota Adm. Jakarta Timur;Cipayung;437.0;0.3;0.3;Tidak diketahui;Tidak diketahui;False;True;0.09;status_belum_tercatat
115;2062;STU-659;Sal. Jl. Gg. Sanin;Kota Adm. Jakarta Timur;Cipayung;437.0;0.3;0.3;Tidak diketahui;Tidak diketahui;False;True;0.09;status_belum_tercatat
116;2063;STU-660;;Kota Adm. Jakarta Timur;Cipayung;;;;Tidak diketahui;Tidak diketahui;False;False;;dimensi_tidak_lengkap, status_belum_tercatat
117;2064;STU-661;;Kota Adm. Jakarta Timur;Cipayung;;;;Tidak diketahui;Tidak diketahui;False;False;;dimensi_tidak_lengkap, status_belum_tercatat
118;2065;STU-662;Sal. Jl. Bantar Jati I;Kota Adm. Jakarta Timur;Cipayung;409.0;0.6;0.6;Tidak diketahui;Tidak diketahui;False;True;0.36;status_belum_tercatat
119;2066;STU-663;Sal. Jl. Terusan Mabes Hankam;Kota Adm. Jakarta Timur;Cipayung;595.0;0.6;0.6;Tidak diketahui;Tidak diketahui;False;True;0.36;status_belum_tercatat
120;2067;STU-664;Sal. Jl. H. Koco;Kota Adm. Jakarta Timur;Cipayung;280.0;0.2;0.2;Tidak diketahui;Tidak diketahui;False;True;0.04;status_belum_tercatat
121;2068;STU-665;;Kota Adm. Jakarta Timur;Cipayung;;;;Tidak diketahui;Tidak diketahui;False;False;;dimensi_tidak_lengkap, status_belum_tercatat
122;2069;STU-666;;Kota Adm. Jakarta Timur;Cipayung;;;;Tidak diketahui;Tidak diketahui;False;False;;dimensi_tidak_lengkap, status_belum_tercatat
123;2070;STU-667;Sal. Jl. Bantar Jati I;Kota Adm. Jakarta Timur;Cipayung;409.0;0.6;0.6;Tidak diketahui;Tidak diketahui;False;True;0.36;status_belum_tercatat
124;2071;STU-668;Sal. Jl. H. Koco;Kota Adm. Jakarta Timur;Cipayung;280.0;0.2;0.2;Tidak diketahui;Tidak diketahui;False;True;0.04;status_belum_tercatat
125;2072;STU-669;Sal. Jl. Kampung Kramat;Kota Adm. Jakarta Timur;Cipayung;2400.0;0.3;0.4;Tidak diketahui;Tidak diketahui;False;True;0.12;status_belum_tercatat
126;2073;STU-670;;Kota Adm. Jakarta Timur;Cipayung;;;;Tidak diketahui;Tidak diketahui;False;False;;dimensi_tidak_lengkap, status_belum_tercatat
127;2074;STU-671;Sal. Jl. Kampung Kramat;Kota Adm. Jakarta Timur;Cipayung;2400.0;0.3;0.4;Tidak diketahui;Tidak diketahui;False;True;0.12;status_belum_tercatat
128;2075;STU-672;Sal. Jl. Tileng II;Kota Adm. Jakarta Timur;Cipayung;248.0;0.4;0.5;Tidak diketahui;Tidak diketahui;False;True;0.2;status_belum_tercatat
129;2076;STU-673;;Kota Adm. Jakarta Timur;Cipayung;;;;Tidak diketahui;Tidak diketahui;False;False;;dimensi_tidak_lengkap, status_belum_tercatat
130;2077;STU-674;;Kota Adm. Jakarta Timur;Cipayung;;;;Tidak diketahui;Tidak diketahui;False;False;;dimensi_tidak_lengkap, status_belum_tercatat
131;2078;STU-675;;Kota Adm. Jakarta Timur;Cipayung;;;;Tidak diketahui;Tidak diketahui;False;False;;dimensi_tidak_lengkap, status_belum_tercatat
132;2079;STU-676;;Kota Adm. Jakarta Timur;Cipayung;;;;Tidak diketahui;Tidak diketahui;False;False;;dimensi_tidak_lengkap, status_belum_tercatat
133;2080;STU-677;;Kota Adm. Jakarta Timur;Cipayung;;;;Tidak diketahui;Tidak diketahui;False;False;;dimensi_tidak_lengkap, status_belum_tercatat
134;2081;STU-678;;Kota Adm. Jakarta Timur;Cipayung;;;;Tidak diketahui;Tidak diketahui;False;False;;dimensi_tidak_lengkap, status_belum_tercatat
135;2082;STU-679;;Kota Adm. Jakarta Timur;Cipayung;;;;Tidak diketahui;Tidak diketahui;False;False;;dimensi_tidak_lengkap, status_belum_tercatat
136;2083;STU-680;;Kota Adm. Jakarta Timur;Cipayung;;;;Tidak diketahui;Tidak diketahui;False;False;;dimensi_tidak_lengkap, status_belum_tercatat
137;2084;STU-681;Sal. Jl. Tileng I;Kota Adm. Jakarta Timur;Cipayung;242.0;0.8;0.8;Tidak diketahui;Tidak diketahui;False;True;0.64;status_belum_tercatat
138;2085;STU-682;Sal. Jl. Tileng II;Kota Adm. Jakarta Timur;Cipayung;246.0;0.4;0.5;Tidak diketahui;Tidak diketahui;False;True;0.2;status_belum_tercatat
139;2086;STU-683;Sal. Jl. Tileng I;Kota Adm. Jakarta Timur;Cipayung;242.0;0.8;0.8;Tidak diketahui;Tidak diketahui;False;True;0.64;status_belum_tercatat
140;2087;STU-684;Sal. Jl. Perum Kopti;Kota Adm. Jakarta Timur;Cipayung;34.0;0.3;0.5;Tercatat;Cor Beton;True;True;0.15;
141;2088;STU-685;Sal. Jl. Perum Kopti;Kota Adm. Jakarta Timur;Cipayung;18.0;0.3;0.5;Tercatat;Cor Beton;True;True;0.15;
142;2089;STU-686;Sal. Jl. Perum Kopti;Kota Adm. Jakarta Timur;Cipayung;25.0;0.3;0.5;Tercatat;Cor Beton;True;True;0.15;
143;2090;STU-687;Sal. Jl. Perum Kopti;Kota Adm. Jakarta Timur;Cipayung;26.0;0.3;0.5;Tercatat;Cor Beton;True;True;0.15;
144;2091;STU-688;Sal. Jl. Perum Kopti;Kota Adm. Jakarta Timur;Cipayung;109.0;0.3;0.5;Tercatat;Cor Beton;True;True;0.15;
145;2092;STU-689;Sal. Jl. Perum Kopti;Kota Adm. Jakarta Timur;Cipayung;84.0;0.3;0.5;Tercatat;Cor Beton;True;True;0.15;
931;2878;CBB-20783;Sal. Jl. Raya PKP Sisi Selatan;Kota Adm. Jakarta Timur;Ciracas;897.0;0.9;1.3;Tercatat;U-ditch / Saluran Tertutup;True;True;1.17;
932;2879;CBB-20784;Sal. Jl. Cibubur;Kota Adm. Jakarta Timur;Ciracas;635.0;0.6;0.6;Tercatat;Cor Beton / Saluran Tertutup dan Terbuka;True;True;0.36;
933;2880;CBB-20785;Sal. Jl. Cibubur;Kota Adm. Jakarta Timur;Ciracas;643.0;0.6;0.6;Tercatat;Cor Beton / Saluran Tertutup dan Terbuka;True;True;0.36;
934;2881;CBB-20786;Sal. Jl. Cibubur 2;Kota Adm. Jakarta Timur;Ciracas;522.0;0.4;0.4;Tercatat;Cor Beton / Saluran Tertutup dan Terbuka;True;True;0.16;
935;2882;CBB-20787;Sal. Jl. Cibubur 2;Kota Adm. Jakarta Timur;Ciracas;530.0;0.4;0.4;Tercatat;Cor Beton / Saluran Tertutup dan Terbuka;True;True;0.16;
936;2883;CBB-20788;Sal. Jl. Raya Lapangan Tembak;Kota Adm. Jakarta Timur;Ciracas;254.0;1.2;1.2;Tercatat;Tidak diketahui;True;True;1.44;
937;2884;CBB-20789;Sal. Jl. Raya Lapangan Tembak;Kota Adm. Jakarta Timur;Ciracas;476.0;1.2;1.2;Tercatat;Tidak diketahui;True;True;1.44;
938;2885;CBB-20790;Sal. Jl. Raya Lapangan Tembak;Kota Adm. Jakarta Timur;Ciracas;476.0;1.2;1.2;Tercatat;Tidak diketahui;True;True;1.44;
941;2888;CBB-20793;Sal. Jl. Masjid;Kota Adm. Jakarta Timur;Ciracas;600.0;0.6;0.6;Tercatat;Tidak diketahui;True;True;0.36;
942;2889;CBB-20794;Sal. Jl. Abdul Rahman;Kota Adm. Jakarta Timur;Ciracas;650.0;0.5;0.5;Tercatat;Cor Beton / Saluran Terbuka;True;True;0.25;
943;2890;CBB-20795;Sal. Jl. Taruna Jaya;Kota Adm. Jakarta Timur;Ciracas;809.0;0.6;0.6;Tercatat;U-ditch / Saluran Tertutup;True;True;0.36;
944;2891;CBB-20796;Sal. Jl. Taruna Jaya;Kota Adm. Jakarta Timur;Ciracas;809.0;0.6;0.6;Tercatat;U-ditch / Saluran Tertutup;True;True;0.36;
945;2892;CBB-20797;Sal. Jl. Taruna Jaya;Kota Adm. Jakarta Timur;Ciracas;1037.0;0.6;0.6;Tercatat;U-ditch / Saluran Tertutup;True;True;0.36;
946;2893;CBB-20798;Sal. Jl. Taruna Jaya;Kota Adm. Jakarta Timur;Ciracas;1037.0;0.6;0.6;Tercatat;U-ditch / Saluran Tertutup;True;True;0.36;
947;2894;CBB-20799;Sal. Jl. Abdul Rahman;Kota Adm. Jakarta Timur;Ciracas;650.0;0.5;0.5;Tercatat;Cor Beton / Saluran Terbuka;True;True;0.25;
948;2895;CBB-20800;Sal. Jl. Abdul Rahman;Kota Adm. Jakarta Timur;Ciracas;930.0;0.5;0.5;Tercatat;Cor Beton / Saluran Terbuka;True;True;0.25;
949;2896;CBB-20801;Sal. Jl. Abdul Rahman;Kota Adm. Jakarta Timur;Ciracas;427.0;0.5;0.5;Tercatat;Cor Beton / Saluran Terbuka;True;True;0.25;
950;2897;CBB-20802;Sal. Jl. Abdul Rahman;Kota Adm. Jakarta Timur;Ciracas;194.0;0.5;0.5;Tercatat;Cor Beton / Saluran Terbuka;True;True;0.25;
951;2898;CBB-20803;Sal. Jl. Abdul Rahman;Kota Adm. Jakarta Timur;Ciracas;309.0;0.5;0.5;Tercatat;Cor Beton / Saluran Terbuka;True;True;0.25;
952;2899;CBB-20804;Sal. Jl. Jambore;Kota Adm. Jakarta Timur;Ciracas;1445.0;0.8;0.8;Tercatat;U-ditch / Saluran Terbuka/ Tertutup;True;True;0.64;
953;2900;CBB-20805;Sal. Jl. Putri Tunggal;Kota Adm. Jakarta Timur;Ciracas;277.0;0.4;0.4;Tercatat;Cor Beton / Saluran Terbuka/ Tertutup;True;True;0.16;
954;2901;CBB-20806;Sal. Jl. Putri Tunggal;Kota Adm. Jakarta Timur;Ciracas;321.0;0.4;0.4;Tercatat;Cor Beton / Saluran Terbuka/ Tertutup;True;True;0.16;
955;2902;CBB-20807;Sal. Jl. Radar Auri;Kota Adm. Jakarta Timur;Ciracas;538.0;1.2;1.2;Tercatat;U-ditch / Saluran Tertutup;True;True;1.44;
956;2903;CBB-20808;Sal. Jl. Palem;Kota Adm. Jakarta Timur;Ciracas;210.0;0.4;0.5;Tercatat;Tidak diketahui;True;True;0.2;
957;2904;CBB-20809;Sal. Jl. Palem;Kota Adm. Jakarta Timur;Ciracas;210.0;0.4;0.5;Tercatat;Tidak diketahui;True;True;0.2;
958;2905;CBB-20810;Sal. Jl. Blok Duku;Kota Adm. Jakarta Timur;Ciracas;414.0;0.4;0.4;Tercatat;Cor Beton / Saluran Tertutup dan Terbuka;True;True;0.16;
959;2906;CBB-20811;Sal. Jl. Blok Duku;Kota Adm. Jakarta Timur;Ciracas;408.0;0.4;0.4;Tercatat;Cor Beton / Saluran Tertutup dan Terbuka;True;True;0.16;
960;2907;CBB-20812;Sal. Jl. Blok Duku;Kota Adm. Jakarta Timur;Ciracas;746.0;0.4;0.4;Tercatat;Cor Beton / Saluran Tertutup dan Terbuka;True;True;0.16;
961;2908;CBB-20813;Sal. Jl. Blok Duku;Kota Adm. Jakarta Timur;Ciracas;739.0;0.4;0.4;Tercatat;Cor Beton / Saluran Tertutup dan Terbuka;True;True;0.16;
962;2909;CBB-20814;Sal. Jl. Bulak Ringin Raya;Kota Adm. Jakarta Timur;Ciracas;455.0;0.5;0.5;Tercatat;Cor Beton / Saluran Tertutup dan Terbuka;True;True;0.25;
963;2910;CBB-20815;Sal. Jl. Blok Duku;Kota Adm. Jakarta Timur;Ciracas;1011.0;0.4;0.4;Tercatat;Cor Beton / Saluran Tertutup dan Terbuka;True;True;0.16;
964;2911;CBB-20816;Sal. Jl. Bulak Ringin Raya;Kota Adm. Jakarta Timur;Ciracas;462.0;0.5;0.5;Tercatat;Cor Beton / Saluran Tertutup dan Terbuka;True;True;0.25;
965;2912;CBB-20817;Sal. Jl. Blok Duku;Kota Adm. Jakarta Timur;Ciracas;1012.0;0.4;0.4;Tercatat;Cor Beton / Saluran Tertutup dan Terbuka;True;True;0.16;
930;2877;CRC-5355;Sal. Jl. Kiwi;Kota Adm. Jakarta Timur;Ciracas;600.0;0.6;0.6;Tercatat;Uditch / Saluran Teknis;True;True;0.36;
908;2855;CRC-690;Sal. Jl. Raya Bogor;Kota Adm. Jakarta Timur;Ciracas;1078.0;0.6;0.65;Tercatat;Cor Beton / Saluran Terbuka & Saluran Tertutup;True;True;0.39;
909;2856;CRC-691;Sal. Jl. Raya 36 sisi Barat;Kota Adm. Jakarta Timur;Ciracas;511.0;1.0;1.0;Tercatat;U-ditch / Saluran Tertutup;True;True;1.0;
910;2857;CRC-692;Sal. Jl. Raya 36 sisi Barat;Kota Adm. Jakarta Timur;Ciracas;62.39;1.0;1.0;Tercatat;U-ditch / Saluran Tertutup;True;True;1.0;
911;2858;CRC-693;Sal. Jl. Raya 36 sisi Barat;Kota Adm. Jakarta Timur;Ciracas;949.0;1.0;1.0;Tercatat;U-ditch / Saluran Tertutup;True;True;1.0;
912;2859;CRC-694;Sal. Jl. Raya 36 sisi Barat;Kota Adm. Jakarta Timur;Ciracas;954.0;1.0;1.0;Tercatat;U-ditch / Saluran Tertutup;True;True;1.0;
913;2860;CRC-695;Sal. Jl. Raya 36 sisi Barat;Kota Adm. Jakarta Timur;Ciracas;506.0;1.0;1.0;Tercatat;U-ditch / Saluran Tertutup;True;True;1.0;
914;2861;CRC-696;Sal. Jl. Raya 36 sisi Barat;Kota Adm. Jakarta Timur;Ciracas;61.0;1.0;1.0;Tercatat;U-ditch / Saluran Tertutup;True;True;1.0;
915;2862;CRC-697;Sal. Jl. Raya Bogor;Kota Adm. Jakarta Timur;Ciracas;793.0;0.6;0.65;Tercatat;Cor Beton / Saluran Terbuka & Saluran Tertutup;True;True;0.39;
916;2863;CRC-698;Sal. Jl. Raya 36 sisi Timur;Kota Adm. Jakarta Timur;Ciracas;421.0;1.0;1.0;Tercatat;U-ditch / Saluran Terbuka;True;True;1.0;
917;2864;CRC-728;Sal. Jl. Centex Sisi Timur;Kota Adm. Jakarta Timur;Ciracas;1500.0;0.5;0.5;Tercatat;U-ditch / Saluran Tertutup;True;True;0.25;
918;2865;CRC-729;Sal. Jl. Centex Sisi Timur;Kota Adm. Jakarta Timur;Ciracas;1500.0;0.5;0.5;Tercatat;U-ditch / Saluran Tertutup;True;True;0.25;
919;2866;CRC-730;Sal. Jl. Pule;Kota Adm. Jakarta Timur;Ciracas;311.0;0.5;0.5;Tercatat;U-ditch / Saluran Tertutup;True;True;0.25;
922;2869;CRC-733;Sal. Jl. Pule;Kota Adm. Jakarta Timur;Ciracas;177.0;0.5;0.5;Tercatat;U-ditch / Saluran Tertutup;True;True;0.25;
923;2870;CRC-734;Sal. Jl. Penganten Ali Sisi Barat;Kota Adm. Jakarta Timur;Ciracas;187.0;0.7;0.7;Tercatat;U-ditch / Saluran Tertutup;True;True;0.49;
925;2872;CRC-736;Sal. Jl. Penganten Ali Sisi Barat;Kota Adm. Jakarta Timur;Ciracas;342.0;0.7;0.7;Tercatat;U-ditch / Saluran Tertutup;True;True;0.49;
927;2874;CRC-738;Sal. Jl. Penganten Ali Sisi Barat;Kota Adm. Jakarta Timur;Ciracas;525.0;0.7;0.7;Tercatat;U-ditch / Saluran Tertutup;True;True;0.49;
928;2875;CRC-739;Sal. Jl. Penganten Ali Sisi Timur;Kota Adm. Jakarta Timur;Ciracas;1134.0;0.7;0.7;Tercatat;Cor Beton / Saluran Terbuka & Saluran Tertutup;True;True;0.49;
929;2876;CRC-740;Sal. Jl. Penganten Ali Sisi Barat;Kota Adm. Jakarta Timur;Ciracas;602.0;0.7;0.7;Tercatat;Cor Beton / Saluran Terbuka & Saluran Tertutup;True;True;0.49;
939;2886;KDW-20791;Sal. Jl. Raya Lapangan Tembak;Kota Adm. Jakarta Timur;Ciracas;61.0;1.2;1.2;Tercatat;Tidak diketahui;True;True;1.44;
940;2887;KDW-20792;Sal. Jl. Raya Lapangan Tembak;Kota Adm. Jakarta Timur;Ciracas;476.0;1.2;1.2;Tercatat;Tidak diketahui;True;True;1.44;
966;2913;KDW-20818;Sal. Jl. Raya Kelapa Dua Wetan;Kota Adm. Jakarta Timur;Ciracas;469.0;1.0;1.0;Tercatat;Turap Batu Kali / Saluran Terbuka;True;True;1.0;
967;2914;KDW-20819;Sal. Jl. Raya Kelapa Dua Wetan;Kota Adm. Jakarta Timur;Ciracas;469.0;1.0;1.0;Tercatat;Turap Batu Kali / Saluran Terbuka;True;True;1.0;
968;2915;KDW-20820;Sal. Jl. Raya Kelapa Dua Wetan Sisi Timur;Kota Adm. Jakarta Timur;Ciracas;404.0;0.4;0.4;Tercatat;Cor Beton / Saluran Tertutup;True;True;0.16;
969;2916;KDW-20821;Sal. Jl. Raya Kelapa Dua Wetan Sisi Timur;Kota Adm. Jakarta Timur;Ciracas;404.0;0.4;0.4;Tercatat;Cor Beton / Saluran Tertutup;True;True;0.16;
970;2917;KDW-20822;Sal. Jl. Raya Kelapa Dua Wetan Sisi Barat;Kota Adm. Jakarta Timur;Ciracas;619.0;1.6;1.3;Tercatat;Cor beton / Saluran Tertutup;True;True;2.08;
971;2918;KDW-20823;Sal. Jl. Raya Kelapa Dua Wetan Sisi Barat;Kota Adm. Jakarta Timur;Ciracas;2530.0;1.6;1.3;Tercatat;Cor beton / Saluran Tertutup;True;True;2.08;
972;2919;KDW-20824;Sal. Jl. Raya Kelapa Dua Wetan Sisi Barat;Kota Adm. Jakarta Timur;Ciracas;1911.0;1.6;1.3;Tercatat;Cor beton / Saluran Tertutup;True;True;2.08;
973;2920;KDW-20825;;Kota Adm. Jakarta Timur;Ciracas;;;;Tercatat;Tidak diketahui;True;False;;dimensi_tidak_lengkap
974;2921;KDW-20826;;Kota Adm. Jakarta Timur;Ciracas;;;;Tercatat;Tidak diketahui;True;False;;dimensi_tidak_lengkap
975;2922;KDW-20827;;Kota Adm. Jakarta Timur;Ciracas;;;;Tercatat;Tidak diketahui;True;False;;dimensi_tidak_lengkap
976;2923;KDW-20828;;Kota Adm. Jakarta Timur;Ciracas;;;;Tercatat;Tidak diketahui;True;False;;dimensi_tidak_lengkap
977;2924;KDW-20829;;Kota Adm. Jakarta Timur;Ciracas;;;;Tercatat;Tidak diketahui;True;False;;dimensi_tidak_lengkap
978;2925;KDW-20830;;Kota Adm. Jakarta Timur;Ciracas;;;;Tercatat;Tidak diketahui;True;False;;dimensi_tidak_lengkap
979;2926;KDW-20831;;Kota Adm. Jakarta Timur;Ciracas;;;;Tercatat;Tidak diketahui;True;False;;dimensi_tidak_lengkap
980;2927;KDW-20832;;Kota Adm. Jakarta Timur;Ciracas;;;;Tercatat;Tidak diketahui;True;False;;dimensi_tidak_lengkap
981;2928;KDW-20833;;Kota Adm. Jakarta Timur;Ciracas;;;;Tercatat;Tidak diketahui;True;False;;dimensi_tidak_lengkap
982;2929;KDW-20834;;Kota Adm. Jakarta Timur;Ciracas;;;;Tercatat;Tidak diketahui;True;False;;dimensi_tidak_lengkap
983;2930;KDW-20835;;Kota Adm. Jakarta Timur;Ciracas;;;;Tercatat;Tidak diketahui;True;False;;dimensi_tidak_lengkap
984;2931;KDW-20836;;Kota Adm. Jakarta Timur;Ciracas;;;;Tercatat;Tidak diketahui;True;False;;dimensi_tidak_lengkap
985;2932;KDW-20837;;Kota Adm. Jakarta Timur;Ciracas;;;;Tercatat;Tidak diketahui;True;False;;dimensi_tidak_lengkap
986;2933;KDW-20838;;Kota Adm. Jakarta Timur;Ciracas;;;;Tercatat;Tidak diketahui;True;False;;dimensi_tidak_lengkap
987;2934;KDW-20839;;Kota Adm. Jakarta Timur;Ciracas;;;;Tercatat;Tidak diketahui;True;False;;dimensi_tidak_lengkap
988;2935;KDW-20840;;Kota Adm. Jakarta Timur;Ciracas;;;;Tercatat;Tidak diketahui;True;False;;dimensi_tidak_lengkap
989;2936;KDW-20841;;Kota Adm. Jakarta Timur;Ciracas;;;;Tercatat;Tidak diketahui;True;False;;dimensi_tidak_lengkap
990;2937;KDW-20842;;Kota Adm. Jakarta Timur;Ciracas;;;;Tercatat;Tidak diketahui;True;False;;dimensi_tidak_lengkap
991;2938;KDW-20843;;Kota Adm. Jakarta Timur;Ciracas;;;;Tercatat;Tidak diketahui;True;False;;dimensi_tidak_lengkap
992;2939;KDW-20844;;Kota Adm. Jakarta Timur;Ciracas;;;;Tercatat;Tidak diketahui;True;False;;dimensi_tidak_lengkap
993;2940;KDW-20845;Sal. Jl. Raya PKP Sisi Utara;Kota Adm. Jakarta Timur;Ciracas;613.0;0.6;0.6;Tercatat;Cor Beton / Saluran Terbuka & Saluran Tertutup;True;True;0.36;
994;2941;KDW-20846;Sal. Jl. Raya PKP Sisi Selatan;Kota Adm. Jakarta Timur;Ciracas;897.0;0.9;1.3;Tercatat;U-ditch / Saluran Tertutup;True;True;1.17;
995;2942;KDW-20847;;Kota Adm. Jakarta Timur;Ciracas;;;;Tercatat;Tidak diketahui;True;False;;dimensi_tidak_lengkap
996;2943;KDW-20848;;Kota Adm. Jakarta Timur;Ciracas;;;;Tercatat;Tidak diketahui;True;False;;dimensi_tidak_lengkap
997;2944;KDW-20849;;Kota Adm. Jakarta Timur;Ciracas;;;;Tercatat;Tidak diketahui;True;False;;dimensi_tidak_lengkap
998;2945;KDW-20850;;Kota Adm. Jakarta Timur;Ciracas;;;;Tercatat;Tidak diketahui;True;False;;dimensi_tidak_lengkap
999;2946;KDW-20851;;Kota Adm. Jakarta Timur;Ciracas;;;;Tercatat;Tidak diketahui;True;False;;dimensi_tidak_lengkap
1000;2947;KDW-20852;;Kota Adm. Jakarta Timur;Ciracas;;;;Tercatat;Tidak diketahui;True;False;;dimensi_tidak_lengkap
1001;2948;KDW-20853;;Kota Adm. Jakarta Timur;Ciracas;;;;Tercatat;Tidak diketahui;True;False;;dimensi_tidak_lengkap
1002;2949;KDW-20854;;Kota Adm. Jakarta Timur;Ciracas;;;;Tercatat;Tidak diketahui;True;False;;dimensi_tidak_lengkap
1003;2950;KDW-20855;;Kota Adm. Jakarta Timur;Ciracas;;;;Tercatat;Tidak diketahui;True;False;;dimensi_tidak_lengkap
1004;2951;KDW-20856;Sal. Jl. H. Usman;Kota Adm. Jakarta Timur;Ciracas;117.0;0.4;0.4;Tercatat;Cor Beton / Saluran Terbuka & Saluran Tertutup;True;True;0.16;
1005;2952;KDW-20857;Sal. Jl. H. Usman;Kota Adm. Jakarta Timur;Ciracas;117.0;0.4;0.4;Tercatat;Cor Beton / Saluran Terbuka & Saluran Tertutup;True;True;0.16;
1006;2953;KDW-20858;;Kota Adm. Jakarta Timur;Ciracas;;;;Tercatat;Tidak diketahui;True;False;;dimensi_tidak_lengkap
1007;2954;KDW-20859;;Kota Adm. Jakarta Timur;Ciracas;;;;Tercatat;Tidak diketahui;True;False;;dimensi_tidak_lengkap
1008;2955;KDW-20860;;Kota Adm. Jakarta Timur;Ciracas;;;;Tercatat;Tidak diketahui;True;False;;dimensi_tidak_lengkap
1009;2956;KDW-20861;;Kota Adm. Jakarta Timur;Ciracas;;;;Tercatat;Tidak diketahui;True;False;;dimensi_tidak_lengkap
1010;2957;KDW-20862;Sal. Jl. Masjid At-Taufik;Kota Adm. Jakarta Timur;Ciracas;683.0;0.5;0.5;Tercatat;Cor Beton / Saluran Terbuka & Saluran Tertutup;True;True;0.25;
1011;2958;KDW-20863;Sal. Jl. Masjid At-Taufik;Kota Adm. Jakarta Timur;Ciracas;683.0;0.5;0.5;Tercatat;Cor Beton / Saluran Terbuka & Saluran Tertutup;True;True;0.25;
1012;2959;KDW-20864;;Kota Adm. Jakarta Timur;Ciracas;;;;Tercatat;Tidak diketahui;True;False;;dimensi_tidak_lengkap
1013;2960;KDW-20865;;Kota Adm. Jakarta Timur;Ciracas;;;;Tercatat;Tidak diketahui;True;False;;dimensi_tidak_lengkap
1014;2961;KDW-20866;;Kota Adm. Jakarta Timur;Ciracas;;;;Tercatat;Tidak diketahui;True;False;;dimensi_tidak_lengkap
1015;2962;KDW-20867;;Kota Adm. Jakarta Timur;Ciracas;;;;Tercatat;Tidak diketahui;True;False;;dimensi_tidak_lengkap
1016;2963;KDW-20868;;Kota Adm. Jakarta Timur;Ciracas;;;;Tercatat;Tidak diketahui;True;False;;dimensi_tidak_lengkap
1017;2964;KDW-20869;;Kota Adm. Jakarta Timur;Ciracas;;;;Tercatat;Tidak diketahui;True;False;;dimensi_tidak_lengkap
1018;2965;KDW-20870;;Kota Adm. Jakarta Timur;Ciracas;;;;Tercatat;Tidak diketahui;True;False;;dimensi_tidak_lengkap
1019;2966;KDW-20871;;Kota Adm. Jakarta Timur;Ciracas;;;;Tercatat;Tidak diketahui;True;False;;dimensi_tidak_lengkap
1020;2967;KDW-20872;;Kota Adm. Jakarta Timur;Ciracas;;;;Tercatat;Tidak diketahui;True;False;;dimensi_tidak_lengkap
1021;2968;KDW-20873;;Kota Adm. Jakarta Timur;Ciracas;;;;Tercatat;Tidak diketahui;True;False;;dimensi_tidak_lengkap
1022;2969;KDW-20874;;Kota Adm. Jakarta Timur;Ciracas;;;;Tercatat;Tidak diketahui;True;False;;dimensi_tidak_lengkap
1023;2970;KDW-20875;;Kota Adm. Jakarta Timur;Ciracas;;;;Tercatat;Tidak diketahui;True;False;;dimensi_tidak_lengkap
1024;2971;KDW-20876;;Kota Adm. Jakarta Timur;Ciracas;;;;Tercatat;Tidak diketahui;True;False;;dimensi_tidak_lengkap
1025;2972;KDW-20877;;Kota Adm. Jakarta Timur;Ciracas;;;;Tercatat;Tidak diketahui;True;False;;dimensi_tidak_lengkap
1026;2973;KDW-20878;;Kota Adm. Jakarta Timur;Ciracas;;;;Tercatat;Tidak diketahui;True;False;;dimensi_tidak_lengkap
1027;2974;KDW-20879;;Kota Adm. Jakarta Timur;Ciracas;;;;Tercatat;Tidak diketahui;True;False;;dimensi_tidak_lengkap
1028;2975;KDW-20880;;Kota Adm. Jakarta Timur;Ciracas;;;;Tercatat;Tidak diketahui;True;False;;dimensi_tidak_lengkap
1029;2976;KDW-20881;;Kota Adm. Jakarta Timur;Ciracas;;;;Tercatat;Tidak diketahui;True;False;;dimensi_tidak_lengkap
1030;2977;KDW-20882;;Kota Adm. Jakarta Timur;Ciracas;;;;Tercatat;Tidak diketahui;True;False;;dimensi_tidak_lengkap
1031;2978;KDW-20883;;Kota Adm. Jakarta Timur;Ciracas;;;;Tercatat;Tidak diketahui;True;False;;dimensi_tidak_lengkap
1032;2979;KDW-20884;;Kota Adm. Jakarta Timur;Ciracas;;;;Tercatat;Tidak diketahui;True;False;;dimensi_tidak_lengkap
1033;2980;KDW-20885;;Kota Adm. Jakarta Timur;Ciracas;;;;Tercatat;Tidak diketahui;True;False;;dimensi_tidak_lengkap
1034;2981;KDW-20886;;Kota Adm. Jakarta Timur;Ciracas;;;;Tercatat;Tidak diketahui;True;False;;dimensi_tidak_lengkap
1035;2982;KDW-20887;;Kota Adm. Jakarta Timur;Ciracas;;;;Tercatat;Tidak diketahui;True;False;;dimensi_tidak_lengkap
1036;2983;KDW-20888;;Kota Adm. Jakarta Timur;Ciracas;;;;Tercatat;Tidak diketahui;True;False;;dimensi_tidak_lengkap
1037;2984;KDW-20889;;Kota Adm. Jakarta Timur;Ciracas;;;;Tercatat;Tidak diketahui;True;False;;dimensi_tidak_lengkap
1038;2985;KDW-20890;;Kota Adm. Jakarta Timur;Ciracas;;;;Tercatat;Tidak diketahui;True;False;;dimensi_tidak_lengkap
1039;2986;KDW-20891;;Kota Adm. Jakarta Timur;Ciracas;;;;Tercatat;Tidak diketahui;True;False;;dimensi_tidak_lengkap
1040;2987;KDW-20892;;Kota Adm. Jakarta Timur;Ciracas;;;;Tercatat;Tidak diketahui;True;False;;dimensi_tidak_lengkap
1041;2988;KDW-20893;;Kota Adm. Jakarta Timur;Ciracas;;;;Tercatat;Tidak diketahui;True;False;;dimensi_tidak_lengkap
1042;2989;KDW-20894;;Kota Adm. Jakarta Timur;Ciracas;;;;Tercatat;Tidak diketahui;True;False;;dimensi_tidak_lengkap
1043;2990;KDW-20895;;Kota Adm. Jakarta Timur;Ciracas;;;;Tercatat;Tidak diketahui;True;False;;dimensi_tidak_lengkap
1044;2991;KDW-20896;;Kota Adm. Jakarta Timur;Ciracas;;;;Tercatat;Tidak diketahui;True;False;;dimensi_tidak_lengkap
1045;2992;KDW-20897;;Kota Adm. Jakarta Timur;Ciracas;;;;Tercatat;Tidak diketahui;True;False;;dimensi_tidak_lengkap
1046;2993;KDW-20898;;Kota Adm. Jakarta Timur;Ciracas;;;;Tercatat;Tidak diketahui;True;False;;dimensi_tidak_lengkap
1047;2994;KDW-20899;;Kota Adm. Jakarta Timur;Ciracas;;;;Tercatat;Tidak diketahui;True;False;;dimensi_tidak_lengkap
1048;2995;KDW-20900;;Kota Adm. Jakarta Timur;Ciracas;;;;Tercatat;Tidak diketahui;True;False;;dimensi_tidak_lengkap
1049;2996;KDW-20901;;Kota Adm. Jakarta Timur;Ciracas;;;;Tercatat;Tidak diketahui;True;False;;dimensi_tidak_lengkap
1050;2997;KDW-20902;;Kota Adm. Jakarta Timur;Ciracas;;;;Tercatat;Tidak diketahui;True;False;;dimensi_tidak_lengkap
1051;2998;KDW-20903;;Kota Adm. Jakarta Timur;Ciracas;;;;Tercatat;Tidak diketahui;True;False;;dimensi_tidak_lengkap
1052;2999;KDW-20904;;Kota Adm. Jakarta Timur;Ciracas;;;;Tercatat;Tidak diketahui;True;False;;dimensi_tidak_lengkap
1086;3033;KDW-20948;Sal. Jl. Raya PKP Sisi Utara;Kota Adm. Jakarta Timur;Ciracas;987.0;0.6;0.6;Tercatat;Cor Beton / Saluran Terbuka & Saluran Tertutup;True;True;0.36;
1087;3034;KDW-20949;Sal. Jl. Raya 36;Kota Adm. Jakarta Timur;Ciracas;700.0;1.4;1.7;Tercatat;Cor Beton / Saluran Terbuka & Saluran Tertutup;True;True;2.38;
1053;3000;RBT-20905;Sal. Jl. Bungur;Kota Adm. Jakarta Timur;Ciracas;140.0;0.4;0.4;Tercatat;Cor Beton / Saluran Terbuka;True;True;0.16;
1054;3001;RBT-20906;Sal. Jl. Bungur;Kota Adm. Jakarta Timur;Ciracas;140.0;0.4;0.4;Tercatat;Cor Beton / Saluran Terbuka;True;True;0.16;
1055;3002;RBT-20907;Sal. Jl. Tanah Merdeka Selatan;Kota Adm. Jakarta Timur;Ciracas;700.0;0.8;0.8;Tercatat;Cor Beton / Saluran Terbuka;True;True;0.64;
1056;3003;RBT-20908;Sal. Jl. Tanah Merdeka Selatan;Kota Adm. Jakarta Timur;Ciracas;200.0;0.8;0.8;Tercatat;Cor Beton / Saluran Terbuka;True;True;0.64;
1057;3004;RBT-20909;Sal. Jl. Tanah Merdeka Selatan;Kota Adm. Jakarta Timur;Ciracas;300.0;0.8;0.8;Tercatat;Cor Beton / Saluran Terbuka;True;True;0.64;
1058;3005;RBT-20910;Sal. Jl. Tanah Merdeka Selatan;Kota Adm. Jakarta Timur;Ciracas;355.0;0.7;0.75;Tercatat;Cor Beton / Saluran Terbuka;True;True;0.525;
1059;3006;RBT-20911;Sal. Jl. Tanah Merdeka Selatan;Kota Adm. Jakarta Timur;Ciracas;330.0;0.7;0.75;Tercatat;Cor Beton / Saluran Terbuka;True;True;0.525;
1060;3007;RBT-20912;Sal. Jl. SMP 171;Kota Adm. Jakarta Timur;Ciracas;190.0;0.5;0.5;Tercatat;Cor Beton / Saluran Terbuka;True;True;0.25;
1061;3008;RBT-20913;Sal. Jl. SMP 171;Kota Adm. Jakarta Timur;Ciracas;160.0;0.5;0.5;Tercatat;Cor Beton / Saluran Terbuka;True;True;0.25;
1062;3009;RBT-20914;Sal. Jl. SMP 171;Kota Adm. Jakarta Timur;Ciracas;190.0;0.5;0.5;Tercatat;Cor Beton / Saluran Terbuka;True;True;0.25;
1063;3010;RBT-20915;Sal. Jl. Tanah Merdeka Selatan;Kota Adm. Jakarta Timur;Ciracas;315.0;0.7;0.75;Tercatat;Cor Beton / Saluran Terbuka;True;True;0.525;
1064;3011;RBT-20916;Sal. Jl. Supriyadi Sisi Selatan;Kota Adm. Jakarta Timur;Ciracas;260.0;0.9;1.5;Tercatat;Turap Batu Kali / Saluran Tertutup;True;True;1.35;
1065;3012;RBT-20917;Sal. Jl. Supriyadi Sisi Utara;Kota Adm. Jakarta Timur;Ciracas;300.0;1.2;1.8;Tercatat;Turap Batu Kali / Saluran Terbuka;True;True;2.16;
1066;3013;RBT-20918;Sal. Jl. Kampung Jati;Kota Adm. Jakarta Timur;Ciracas;479.0;0.6;0.6;Tercatat;Tidak diketahui;True;True;0.36;
1067;3014;RBT-20919;Sal. Jl. Kampung Jati;Kota Adm. Jakarta Timur;Ciracas;468.0;0.6;0.6;Tercatat;Tidak diketahui;True;True;0.36;
1068;3015;RBT-20920;Sal. Jl. Kampung Jati;Kota Adm. Jakarta Timur;Ciracas;237.0;0.6;0.6;Tercatat;Tidak diketahui;True;True;0.36;
1069;3016;RBT-20921;Sal. Jl. Kampung Jati;Kota Adm. Jakarta Timur;Ciracas;235.0;0.6;0.6;Tercatat;Tidak diketahui;True;True;0.36;
1070;3017;RBT-20922;Sal. Jl. SD Inpres;Kota Adm. Jakarta Timur;Ciracas;350.0;0.8;0.9;Tercatat;Cor Beton / Saluran Terbuka;True;True;0.72;
1071;3018;RBT-20923;Sal. Jl. SD Inpres;Kota Adm. Jakarta Timur;Ciracas;350.0;0.8;0.9;Tercatat;Cor Beton / Saluran Terbuka;True;True;0.72;
1072;3019;RBT-20924;Sal. Jl. Muhajidin;Kota Adm. Jakarta Timur;Ciracas;378.0;0.4;0.4;Tercatat;Tidak diketahui;True;True;0.16;
1073;3020;RBT-20925;Sal. Jl. Muhajidin;Kota Adm. Jakarta Timur;Ciracas;360.0;0.4;0.4;Tercatat;Tidak diketahui;True;True;0.16;
1074;3021;RBT-20926;Sal. Jl. Raya Bogor;Kota Adm. Jakarta Timur;Ciracas;900.0;0.8;0.8;Tercatat;U-ditch / Saluran Terbuka & Tertutup;True;True;0.64;
1075;3022;RBT-20927;Sal. Jl. Raya Bogor;Kota Adm. Jakarta Timur;Ciracas;175.0;0.8;0.8;Tercatat;U-ditch / Saluran Terbuka & Tertutup;True;True;0.64;
1076;3023;RBT-20928;Sal. Jl. Raya Bogor;Kota Adm. Jakarta Timur;Ciracas;172.0;0.8;0.8;Tercatat;U-ditch / Saluran Terbuka & Tertutup;True;True;0.64;
1077;3024;RBT-20929;Sal. Jl. Raya Bogor;Kota Adm. Jakarta Timur;Ciracas;655.0;0.8;0.8;Tercatat;U-ditch / Saluran Terbuka & Tertutup;True;True;0.64;
1078;3025;RBT-20930;Sal. Jl. Toga Asri IV;Kota Adm. Jakarta Timur;Ciracas;174.0;0.4;0.4;Tercatat;Tidak diketahui;True;True;0.16;
1079;3026;RBT-20931;Sal. Jl. Toga Asri IV;Kota Adm. Jakarta Timur;Ciracas;175.0;0.4;0.4;Tercatat;Tidak diketahui;True;True;0.16;
1080;3027;RBT-20932;Sal. Jl. Gudang Air;Kota Adm. Jakarta Timur;Ciracas;650.0;0.5;0.5;Tercatat;Turap Batu Kali / Saluran Terbuka;True;True;0.25;
1081;3028;RBT-20933;Sal. Jl. Gudang Air;Kota Adm. Jakarta Timur;Ciracas;650.0;0.5;0.5;Tercatat;Turap Batu Kali / Saluran Terbuka;True;True;0.25;
1082;3029;RBT-20934;Sal. Jl. H. Muhayang;Kota Adm. Jakarta Timur;Ciracas;135.0;0.6;0.4;Tercatat;Turap Batu Kali / Saluran Terbuka & Saluran Tertutup;True;True;0.24;
1083;3030;RBT-20935;Sal. Jl. H. Muhayang;Kota Adm. Jakarta Timur;Ciracas;105.0;0.6;0.4;Tercatat;Turap Batu Kali / Saluran Terbuka & Saluran Tertutup;True;True;0.24;
1084;3031;RBT-20936;Sal. Jl. H. Muhayang;Kota Adm. Jakarta Timur;Ciracas;105.0;0.6;0.4;Tercatat;Turap Batu Kali / Saluran Terbuka & Saluran Tertutup;True;True;0.24;
1085;3032;RBT-20937;Sal. Jl. H. Muhayang;Kota Adm. Jakarta Timur;Ciracas;135.0;0.6;0.4;Tercatat;Turap Batu Kali / Saluran Terbuka & Saluran Tertutup;True;True;0.24;
894;2841;RBT-599;Sal. Jl. Tanah Merdeka Utara;Kota Adm. Jakarta Timur;Ciracas;315.0;0.7;0.75;Tercatat;Cor beton / Saluran Terbuka / Tertutup;True;True;0.525;
895;2842;RBT-600;Sal. Jl. Tanah Merdeka Utara;Kota Adm. Jakarta Timur;Ciracas;500.0;0.7;0.75;Tercatat;Cor beton / Saluran Terbuka / Tertutup;True;True;0.525;
896;2843;RBT-601;Sal. Jl. Tanah Merdeka Utara;Kota Adm. Jakarta Timur;Ciracas;185.0;0.7;0.75;Tercatat;Cor beton / Saluran Terbuka / Tertutup;True;True;0.525;
920;2867;RBT-731;Sal. Jl. Pule;Kota Adm. Jakarta Timur;Ciracas;310.0;0.5;0.5;Tercatat;U-ditch / Saluran Tertutup;True;True;0.25;
921;2868;RBT-732;Sal. Jl. Pule;Kota Adm. Jakarta Timur;Ciracas;182.0;0.5;0.5;Tercatat;U-ditch / Saluran Tertutup;True;True;0.25;
924;2871;RBT-735;Sal. Jl. Penganten Ali Sisi Timur;Kota Adm. Jakarta Timur;Ciracas;193.0;0.7;0.7;Tercatat;Cor Beton / Saluran Terbuka & Saluran Tertutup;True;True;0.49;
926;2873;RBT-737;Sal. Jl. Penganten Ali Sisi Timur;Kota Adm. Jakarta Timur;Ciracas;348.0;0.7;0.7;Tercatat;Cor Beton / Saluran Terbuka & Saluran Tertutup;True;True;0.49;
879;2826;SSK-3;Sal. Jl. Pertiwi;Kota Adm. Jakarta Timur;Ciracas;313.0;0.4;0.4;Tercatat;Tidak diketahui;True;True;0.16;
880;2827;SSK-519;Sal. Jl. Suci;Kota Adm. Jakarta Timur;Ciracas;1700.0;0.8;0.8;Tercatat;Cor Beton / Saluran Terbuka;True;True;0.64;
881;2828;SSK-520;Sal. Jl. Suci;Kota Adm. Jakarta Timur;Ciracas;1000.0;0.8;0.8;Tercatat;Cor Beton / Saluran Terbuka;True;True;0.64;
882;2829;SSK-521;Sal. Jl. Suci;Kota Adm. Jakarta Timur;Ciracas;700.0;0.8;0.8;Tercatat;Cor Beton / Saluran Terbuka;True;True;0.64;
883;2830;SSK-522;Sal. Jl. Masjid Al-Ishlah;Kota Adm. Jakarta Timur;Ciracas;703.0;0.4;0.4;Tercatat;Cor Batu Kali;True;True;0.16;
884;2831;SSK-523;Sal. Jl. Masjid Al-Ishlah;Kota Adm. Jakarta Timur;Ciracas;698.0;0.4;0.4;Tercatat;Cor Batu Kali;True;True;0.16;
885;2832;SSK-524;Sal. Jl. Raya Bogor Sisi Selatan;Kota Adm. Jakarta Timur;Ciracas;1800.0;1.0;1.0;Tercatat;U-ditch / Saluran Tertutup;True;True;1.0;
886;2833;SSK-531;Sal. Jl. TB Simatupang Sisi Selatan;Kota Adm. Jakarta Timur;Ciracas;300.0;1.0;1.0;Tercatat;Turap Batu Kali / Saluran Terbuka;True;True;1.0;
887;2834;SSK-534;Sal. Jl. TB Simatupang Sisi Selatan;Kota Adm. Jakarta Timur;Ciracas;800.0;1.0;1.0;Tercatat;Turap Batu Kali / Saluran Terbuka;True;True;1.0;
888;2835;SSK-576;Sal. Jl. TB Simatupang Sisi Utara;Kota Adm. Jakarta Timur;Ciracas;600.0;1.0;1.0;Tercatat;Turap Batu Kali / Saluran Terbuka;True;True;1.0;
889;2836;SSK-577;Sal. Jl. TB Simatupang Sisi Utara;Kota Adm. Jakarta Timur;Ciracas;300.0;1.0;1.0;Tercatat;Turap Batu Kali / Saluran Terbuka;True;True;1.0;
890;2837;SSK-578;Sal. Jl. Raya Bogor Sisi Utara;Kota Adm. Jakarta Timur;Ciracas;350.0;1.0;1.0;Tercatat;U-ditch / Saluran Tertutup;True;True;1.0;
891;2838;SSK-579;Sal. Jl. Tanah Merdeka Utara;Kota Adm. Jakarta Timur;Ciracas;185.0;0.7;0.75;Tercatat;Cor beton / Saluran Terbuka / Tertutup;True;True;0.525;
892;2839;SSK-580;Sal. Jl. Tanah Merdeka Utara;Kota Adm. Jakarta Timur;Ciracas;500.0;0.7;0.75;Tercatat;Cor beton / Saluran Terbuka / Tertutup;True;True;0.525;
893;2840;SSK-581;Sal. Jl. Tanah Merdeka Utara;Kota Adm. Jakarta Timur;Ciracas;315.0;0.7;0.75;Tercatat;Cor beton / Saluran Terbuka / Tertutup;True;True;0.525;
897;2844;SSK-602;Sal. Jl. Makmur;Kota Adm. Jakarta Timur;Ciracas;469.0;0.5;0.6;Tercatat;Cor Beton / Saluran Terbuka;True;True;0.3;
898;2845;SSK-603;Sal. Jl. Makmur;Kota Adm. Jakarta Timur;Ciracas;469.0;0.5;0.6;Tercatat;Cor Beton / Saluran Terbuka;True;True;0.3;
899;2846;SSK-606;Sal. Jl. Makmur;Kota Adm. Jakarta Timur;Ciracas;331.0;0.5;0.6;Tercatat;Cor Beton / Saluran Terbuka;True;True;0.3;
900;2847;SSK-610;Sal. Jl. Makmur;Kota Adm. Jakarta Timur;Ciracas;331.0;0.5;0.6;Tercatat;Cor Beton / Saluran Terbuka;True;True;0.3;
901;2848;SSK-614;Sal. Jl. H. Baping;Kota Adm. Jakarta Timur;Ciracas;407.0;0.6;0.6;Tercatat;Cor Beton / Saluran Terbuka;True;True;0.36;
902;2849;SSK-616;Sal. Jl. H. Baping;Kota Adm. Jakarta Timur;Ciracas;127.0;0.6;0.6;Tercatat;Cor Beton / Saluran Terbuka;True;True;0.36;
903;2850;SSK-644;Sal. Jl. Saibun;Kota Adm. Jakarta Timur;Ciracas;750.0;0.5;0.5;Tercatat;Turap Batu Kali / Saluran Terbuka;True;True;0.25;
904;2851;SSK-645;Sal. Jl. Saibun;Kota Adm. Jakarta Timur;Ciracas;750.0;0.5;0.5;Tercatat;Turap Batu Kali / Saluran Terbuka;True;True;0.25;
905;2852;SSK-646;Sal. Jl. Saibun;Kota Adm. Jakarta Timur;Ciracas;750.0;0.5;0.5;Tercatat;Turap Batu Kali / Saluran Terbuka;True;True;0.25;
906;2853;SSK-647;Sal. Jl. Saibun;Kota Adm. Jakarta Timur;Ciracas;750.0;0.5;0.5;Tercatat;Turap Batu Kali / Saluran Terbuka;True;True;0.25;
907;2854;SSK-648;Sal. Jl. H. Baping;Kota Adm. Jakarta Timur;Ciracas;866.0;0.6;0.6;Tercatat;Cor Beton / Saluran Terbuka;True;True;0.36;
1284;3231;DSW-3555;Sal. Jl. 41 Timur;Kota Adm. Jakarta Timur;Duren Sawit;410.0;0.7;1.1;Tercatat;Coran Batu Kali,Tertutup Coran;True;True;0.77;
1285;3232;DSW-3556;Sal. Jl. 41 Timur;Kota Adm. Jakarta Timur;Duren Sawit;410.0;0.7;1.1;Tercatat;Coran Batu Kali,Tertutup Coran;True;True;0.77;
1286;3233;DSW-3558;Sal. Jl. 41 Timur;Kota Adm. Jakarta Timur;Duren Sawit;410.0;0.7;1.1;Tercatat;Coran Batu Kali,Tertutup Coran;True;True;0.77;
1287;3234;DSW-3559;Sal. Jl. 41 Timur;Kota Adm. Jakarta Timur;Duren Sawit;410.0;0.7;1.1;Tercatat;Coran Batu Kali,Tertutup Coran;True;True;0.77;
1288;3235;DSW-3562;Sal. Jl. 41 Timur I;Kota Adm. Jakarta Timur;Duren Sawit;294.0;0.7;0.6;Tercatat;Uditch,Coran Batu Kali,Tertutup Coran;True;True;0.42;
1289;3236;DSW-3563;Sal. Jl. 41 Timur I;Kota Adm. Jakarta Timur;Duren Sawit;294.0;0.7;0.6;Tercatat;Uditch,Coran Batu Kali,Tertutup Coran;True;True;0.42;
1290;3237;DSW-3564;Sal. Jl. 41 Timur VII;Kota Adm. Jakarta Timur;Duren Sawit;292.0;0.6;0.6;Tercatat;Coran Batu Kali,Tertutup Coran;True;True;0.36;
1291;3238;DSW-3565;Sal. Jl. 41 Timur VII;Kota Adm. Jakarta Timur;Duren Sawit;292.0;0.6;0.6;Tercatat;Coran Batu Kali,Tertutup Coran;True;True;0.36;
1292;3239;DSW-3566;Sal. Jl. 41 Timur VII;Kota Adm. Jakarta Timur;Duren Sawit;292.0;0.6;0.6;Tercatat;Coran Batu Kali,Tertutup Coran;True;True;0.36;
1293;3240;DSW-3567;Sal. Jl. 41 Timur VII;Kota Adm. Jakarta Timur;Duren Sawit;292.0;0.6;0.6;Tercatat;Coran Batu Kali,Tertutup Coran;True;True;0.36;
1294;3241;DSW-3578;Sal. Jl. Buaran 3;Kota Adm. Jakarta Timur;Duren Sawit;270.0;0.6;0.6;Tercatat;Coran Batu Kali,Tertutup Coran;True;True;0.36;
1295;3242;DSW-3579;Sal. Jl. Buaran 3;Kota Adm. Jakarta Timur;Duren Sawit;270.0;0.6;0.6;Tercatat;Coran Batu Kali,Tertutup Coran;True;True;0.36;
1296;3243;DSW-3580;Sal. Jl. Buaran 3;Kota Adm. Jakarta Timur;Duren Sawit;270.0;0.6;0.6;Tercatat;Coran Batu Kali,Tertutup Coran;True;True;0.36;
1297;3244;DSW-3581;Sal. Jl. Buaran 3;Kota Adm. Jakarta Timur;Duren Sawit;270.0;0.6;0.6;Tercatat;Coran Batu Kali,Tertutup Coran;True;True;0.36;
1298;3245;DSW-3582;Sal. Jl. Madrasah II;Kota Adm. Jakarta Timur;Duren Sawit;131.0;0.6;0.6;Tercatat;Uditch Terbuka Tertutup Coran;True;True;0.36;
1299;3246;DSW-3583;Sal. Jl. Madrasah II;Kota Adm. Jakarta Timur;Duren Sawit;131.0;0.6;0.6;Tercatat;Uditch Terbuka Tertutup Coran;True;True;0.36;
1300;3247;DSW-3584;Sal. Jl. Bangun Jaya;Kota Adm. Jakarta Timur;Duren Sawit;168.0;0.7;0.6;Tercatat;Coran Batu Kali,Tertutup Coran;True;True;0.42;
1301;3248;DSW-3585;Sal. Jl. Bangun Jaya;Kota Adm. Jakarta Timur;Duren Sawit;168.0;0.7;0.6;Tercatat;Coran Batu Kali,Tertutup Coran;True;True;0.42;
1302;3249;DSW-3586;Sal. Jl. Benda Jaya;Kota Adm. Jakarta Timur;Duren Sawit;132.0;0.4;0.4;Tercatat;Coran Batu Kali,Tertutup Coran;True;True;0.16;
1303;3250;DSW-3587;Sal. Jl. Benda Jaya;Kota Adm. Jakarta Timur;Duren Sawit;132.0;0.4;0.4;Tercatat;Coran Batu Kali,Tertutup Coran;True;True;0.16;
1104;3051;DSW-7749;Sal. Jl. Bumi Raya;Kota Adm. Jakarta Timur;Duren Sawit;468.0;0.4;0.4;Tercatat;Coran Batu Kali, Tertutup Coran;True;True;0.16;
1105;3052;DSW-7750;Sal. Jl. Bumi Raya;Kota Adm. Jakarta Timur;Duren Sawit;468.0;0.4;0.4;Tercatat;Coran Batu Kali, Tertutup Coran;True;True;0.16;
1106;3053;DSW-7751;Sal. Jl. Bumi Raya;Kota Adm. Jakarta Timur;Duren Sawit;468.0;0.4;0.4;Tercatat;Coran Batu Kali, Tertutup Coran;True;True;0.16;
1107;3054;DSW-7752;Sal. Jl. Bumi Raya;Kota Adm. Jakarta Timur;Duren Sawit;468.0;0.4;0.4;Tercatat;Coran Batu Kali, Tertutup Coran;True;True;0.16;
1108;3055;DSW-7763;Sal. Jl. Kresna Jaya;Kota Adm. Jakarta Timur;Duren Sawit;353.0;0.5;0.7;Tercatat;Coran Batu Kali, Terbuka;True;True;0.35;
1109;3056;DSW-7764;Sal. Jl. Kresna Jaya;Kota Adm. Jakarta Timur;Duren Sawit;353.0;0.5;0.7;Tercatat;Coran Batu Kali, Terbuka;True;True;0.35;
1110;3057;DSW-7766;Sal. Jl. Kresna Jaya;Kota Adm. Jakarta Timur;Duren Sawit;353.0;0.5;0.7;Tercatat;Coran Batu Kali, Terbuka;True;True;0.35;
1111;3058;DSW-7767;Sal. Jl. Kresna Jaya;Kota Adm. Jakarta Timur;Duren Sawit;353.0;0.5;0.7;Tercatat;Coran Batu Kali, Terbuka;True;True;0.35;
1112;3059;DSW-7775;Sal. Jl. Bima;Kota Adm. Jakarta Timur;Duren Sawit;159.0;0.7;0.5;Tercatat;Coran Batu Kali, Terbuka;True;True;0.35;
1113;3060;DSW-7776;Sal. Jl. Bima;Kota Adm. Jakarta Timur;Duren Sawit;159.0;0.7;0.5;Tercatat;Coran Batu Kali, Terbuka;True;True;0.35;
1114;3061;DSW-7778;Sal. Jl. Bima;Kota Adm. Jakarta Timur;Duren Sawit;159.0;0.7;0.5;Tercatat;Coran Batu Kali, Terbuka;True;True;0.35;
1115;3062;DSW-7779;Sal. Jl. Bima;Kota Adm. Jakarta Timur;Duren Sawit;159.0;0.7;0.5;Tercatat;Coran Batu Kali, Terbuka;True;True;0.35;
1116;3063;DSW-7780;Sal. Jl. Abadi;Kota Adm. Jakarta Timur;Duren Sawit;466.0;0.8;0.8;Tercatat;Coran Batu Kali, Tertutup Coran;True;True;0.64;
1117;3064;DSW-7784;Sal. Jl. Abadi;Kota Adm. Jakarta Timur;Duren Sawit;466.0;0.8;0.8;Tercatat;Coran Batu Kali, Tertutup Coran;True;True;0.64;
1118;3065;DSW-7785;Sal. Jl. Abadi;Kota Adm. Jakarta Timur;Duren Sawit;466.0;0.8;0.8;Tercatat;Coran Batu Kali, Tertutup Coran;True;True;0.64;
1119;3066;DSW-7787;Sal. Jl. Abadi;Kota Adm. Jakarta Timur;Duren Sawit;466.0;0.8;0.8;Tercatat;Coran Batu Kali, Tertutup Coran;True;True;0.64;
1120;3067;DSW-7788;Sal. Jl. Antareja;Kota Adm. Jakarta Timur;Duren Sawit;240.0;0.8;0.8;Tercatat;Coran Batu Kali, Tertutup Coran;True;True;0.64;
1121;3068;DSW-7790;Sal. Jl. Antareja;Kota Adm. Jakarta Timur;Duren Sawit;240.0;0.8;0.8;Tercatat;Coran Batu Kali, Tertutup Coran;True;True;0.64;
1122;3069;DSW-7791;Sal. Jl. Melati;Kota Adm. Jakarta Timur;Duren Sawit;230.0;1.2;0.7;Tercatat;Coran Batu Kali, Terbuka & Tertutup Coran;True;True;0.84;
1123;3070;DSW-7794;Sal. Jl. Melati;Kota Adm. Jakarta Timur;Duren Sawit;230.0;1.2;0.7;Tercatat;Coran Batu Kali, Terbuka & Tertutup Coran;True;True;0.84;
1124;3071;DSW-7795;Sal. Jl. Arjuna;Kota Adm. Jakarta Timur;Duren Sawit;172.0;1.2;0.7;Tercatat;Coran Batu Kali, Terbuka & Tertutup Coran;True;True;0.84;
1125;3072;DSW-7798;Sal. Jl. Arjuna;Kota Adm. Jakarta Timur;Duren Sawit;172.0;1.2;0.7;Tercatat;Coran Batu Kali, Terbuka & Tertutup Coran;True;True;0.84;
1126;3073;DSW-7801;Sal. Jl. Wijaya Kusuma;Kota Adm. Jakarta Timur;Duren Sawit;649.0;0.9;0.9;Tercatat;Coran Batu Kali, Tertutup Coran;True;True;0.81;
1127;3074;DSW-7802;Sal. Jl. Wijaya Kusuma;Kota Adm. Jakarta Timur;Duren Sawit;649.0;0.9;0.9;Tercatat;Coran Batu Kali, Tertutup Coran;True;True;0.81;
1128;3075;DSW-7803;Sal. Jl. Wijaya Kusuma;Kota Adm. Jakarta Timur;Duren Sawit;649.0;0.9;0.9;Tercatat;Coran Batu Kali, Tertutup Coran;True;True;0.81;
1129;3076;DSW-7804;Sal. Jl. Wijaya Kusuma;Kota Adm. Jakarta Timur;Duren Sawit;649.0;0.9;0.9;Tercatat;Coran Batu Kali, Tertutup Coran;True;True;0.81;
1130;3077;DSW-7805;Sal. Jl. Kesenian;Kota Adm. Jakarta Timur;Duren Sawit;253.0;0.8;1.2;Tercatat;Coran Batu Kali, Tertutup Coran;True;True;0.96;
1131;3078;DSW-7810;Sal. Jl. Kesenian;Kota Adm. Jakarta Timur;Duren Sawit;253.0;0.8;1.2;Tercatat;Coran Batu Kali, Tertutup Coran;True;True;0.96;
1132;3079;DSW-7811;Sal. Jl. Raden Inten (McDonald - Lampu Merah Carls Junior);Kota Adm. Jakarta Timur;Duren Sawit;662.0;0.8;1.0;Tercatat;Coran Batu Kali, Terbuka & Tertutup Coran;True;True;0.8;
1133;3080;DSW-7812;Sal. Jl. Raden Inten (McDonald - Lampu Merah Carls Junior);Kota Adm. Jakarta Timur;Duren Sawit;662.0;0.8;1.0;Tercatat;Coran Batu Kali, Terbuka & Tertutup Coran;True;True;0.8;
1134;3081;DSW-7813;Sal. Jl. Raden Inten (McDonald - Lampu Merah Carls Junior);Kota Adm. Jakarta Timur;Duren Sawit;662.0;0.8;1.0;Tercatat;Coran Batu Kali, Terbuka & Tertutup Coran;True;True;0.8;
1135;3082;DSW-7815;;Kota Adm. Jakarta Timur;Duren Sawit;;;;Tidak diketahui;Tidak diketahui;False;False;;dimensi_tidak_lengkap, status_belum_tercatat
1136;3083;DSW-7818;Sal. Jl. Raden Inten (McDonald - Lampu Merah Carls Junior);Kota Adm. Jakarta Timur;Duren Sawit;662.0;0.8;1.0;Tercatat;Coran Batu Kali, Terbuka & Tertutup Coran;True;True;0.8;
1137;3084;DSW-7943;Sal. Jl. H. Maridin;Kota Adm. Jakarta Timur;Duren Sawit;270.0;0.6;0.8;Tercatat;Coran Batu Kali, Tertutup Coran;True;True;0.48;
1138;3085;DSW-7944;Sal. Jl. H. Maridin;Kota Adm. Jakarta Timur;Duren Sawit;270.0;0.6;0.8;Tercatat;Coran Batu Kali, Tertutup Coran;True;True;0.48;
1139;3086;DSW-7945;Sal. Jl. Selat Batam;Kota Adm. Jakarta Timur;Duren Sawit;391.0;0.4;0.9;Tercatat;Coran Batu Kali, Tertutup Coran;True;True;0.36;
1140;3087;DSW-7946;Sal. Jl. Selat Batam;Kota Adm. Jakarta Timur;Duren Sawit;391.0;0.4;0.9;Tercatat;Coran Batu Kali, Tertutup Coran;True;True;0.36;
1141;3088;DSW-7947;Sal. Jl. Selat Sapudi;Kota Adm. Jakarta Timur;Duren Sawit;401.0;0.4;0.4;Tercatat;Coran Batu Kali, Tertutup Coran;True;True;0.16;
1142;3089;DSW-7948;Sal. Jl. Selat Sapudi;Kota Adm. Jakarta Timur;Duren Sawit;401.0;0.4;0.4;Tercatat;Coran Batu Kali, Tertutup Coran;True;True;0.16;
1143;3090;DSW-7949;Sal. Jl. Selat Sapudi;Kota Adm. Jakarta Timur;Duren Sawit;401.0;0.4;0.4;Tercatat;Coran Batu Kali, Tertutup Coran;True;True;0.16;
1144;3091;DSW-7950;Sal. Jl. Selat Sapudi;Kota Adm. Jakarta Timur;Duren Sawit;401.0;0.4;0.4;Tercatat;Coran Batu Kali, Tertutup Coran;True;True;0.16;
1145;3092;DSW-7951;Sal. Jl. Selat Sapudi;Kota Adm. Jakarta Timur;Duren Sawit;401.0;0.4;0.4;Tercatat;Coran Batu Kali, Tertutup Coran;True;True;0.16;
1146;3093;DSW-7952;Sal. Jl. Selat Sapudi;Kota Adm. Jakarta Timur;Duren Sawit;401.0;0.4;0.4;Tercatat;Coran Batu Kali, Tertutup Coran;True;True;0.16;
1147;3094;DSW-7953;Sal. Jl. Selat Karimata;Kota Adm. Jakarta Timur;Duren Sawit;411.0;0.5;0.4;Tercatat;Coran Batu Kali, Tertutup Coran;True;True;0.2;
1148;3095;DSW-7954;Sal. Jl. Selat Karimata;Kota Adm. Jakarta Timur;Duren Sawit;411.0;0.5;0.4;Tercatat;Coran Batu Kali, Tertutup Coran;True;True;0.2;
1149;3096;DSW-7955;Sal. Jl. Selat Karimata;Kota Adm. Jakarta Timur;Duren Sawit;411.0;0.5;0.4;Tercatat;Coran Batu Kali, Tertutup Coran;True;True;0.2;
1150;3097;DSW-7956;Sal. Jl. Selat Karimata;Kota Adm. Jakarta Timur;Duren Sawit;411.0;0.5;0.4;Tercatat;Coran Batu Kali, Tertutup Coran;True;True;0.2;
1151;3098;DSW-7957;Sal. Jl. Selat Bali;Kota Adm. Jakarta Timur;Duren Sawit;434.0;0.5;0.7;Tercatat;Coran Batu Kali, Tertutup Coran;True;True;0.35;
1152;3099;DSW-7958;Sal. Jl. Selat Bali;Kota Adm. Jakarta Timur;Duren Sawit;434.0;0.5;0.7;Tercatat;Coran Batu Kali, Tertutup Coran;True;True;0.35;
1153;3100;DSW-7959;Sal. Jl. Selat Bali;Kota Adm. Jakarta Timur;Duren Sawit;434.0;0.5;0.7;Tercatat;Coran Batu Kali, Tertutup Coran;True;True;0.35;
1154;3101;DSW-7960;Sal. Jl. Selat Bali;Kota Adm. Jakarta Timur;Duren Sawit;434.0;0.5;0.7;Tercatat;Coran Batu Kali, Tertutup Coran;True;True;0.35;
1155;3102;DSW-7961;Sal. Jl. Selat Sunda;Kota Adm. Jakarta Timur;Duren Sawit;427.0;0.5;0.6;Tercatat;Coran Batu Kali, Tertutup Coran;True;True;0.3;
1156;3103;DSW-7962;Sal. Jl. Selat Sunda;Kota Adm. Jakarta Timur;Duren Sawit;427.0;0.5;0.6;Tercatat;Coran Batu Kali, Tertutup Coran;True;True;0.3;
1157;3104;DSW-7963;Sal. Jl. Selat Raas;Kota Adm. Jakarta Timur;Duren Sawit;238.0;0.4;0.7;Tercatat;Coran Batu Kali, Tertutup Coran;True;True;0.28;
1158;3105;DSW-7964;Sal. Jl. Selat Raas;Kota Adm. Jakarta Timur;Duren Sawit;238.0;0.4;0.7;Tercatat;Coran Batu Kali, Tertutup Coran;True;True;0.28;
1159;3106;DSW-7965;Sal. Jl. Selat Manipa;Kota Adm. Jakarta Timur;Duren Sawit;226.0;0.8;0.8;Tercatat;Coran Batu Kali, Tertutup Coran;True;True;0.64;
1160;3107;DSW-7966;Sal. Jl. Selat Manipa;Kota Adm. Jakarta Timur;Duren Sawit;226.0;0.8;0.8;Tercatat;Coran Batu Kali, Tertutup Coran;True;True;0.64;
1161;3108;DSW-7967;Sal. Jl. Selat 38;Kota Adm. Jakarta Timur;Duren Sawit;774.0;0.8;0.8;Tercatat;Cor Batu Kali & U-ditch, Tertutup Coran;True;True;0.64;
1162;3109;DSW-7968;Sal. Jl. Selat 38;Kota Adm. Jakarta Timur;Duren Sawit;774.0;0.8;0.8;Tercatat;Cor Batu Kali & U-ditch, Tertutup Coran;True;True;0.64;
1163;3110;DSW-7969;Sal. Jl. Selat Samudra;Kota Adm. Jakarta Timur;Duren Sawit;235.0;0.8;0.8;Tercatat;Coran Batu Kali, Tertutup Coran;True;True;0.64;
1164;3111;DSW-7970;Sal. Jl. Selat Samudra;Kota Adm. Jakarta Timur;Duren Sawit;235.0;0.8;0.8;Tercatat;Coran Batu Kali, Tertutup Coran;True;True;0.64;
1165;3112;DSW-7971;Sal. Jl. H. Nasir;Kota Adm. Jakarta Timur;Duren Sawit;351.0;0.8;0.8;Tercatat;Coran Batu Kali, Tertutup Coran;True;True;0.64;
1166;3113;DSW-7972;Sal. Jl. H. Nasir;Kota Adm. Jakarta Timur;Duren Sawit;351.0;0.8;0.8;Tercatat;Coran Batu Kali, Tertutup Coran;True;True;0.64;
1167;3114;DSW-7973;Sal. Jl. H. Nasir;Kota Adm. Jakarta Timur;Duren Sawit;351.0;0.8;0.8;Tercatat;Coran Batu Kali, Tertutup Coran;True;True;0.64;
1168;3115;DSW-7974;Sal. Jl. H. Nasir;Kota Adm. Jakarta Timur;Duren Sawit;351.0;0.8;0.8;Tercatat;Coran Batu Kali, Tertutup Coran;True;True;0.64;
1169;3116;DSW-7975;Sal. Jl. Raden Inten (Kalimalang-Lampu McDonald);Kota Adm. Jakarta Timur;Duren Sawit;1942.0;1.0;1.0;Tercatat;U-ditch, Terbuka & Tertutup Plat;True;True;1.0;
1170;3117;DSW-7976;Sal. Jl. Raden Inten (Kalimalang-Lampu McDonald);Kota Adm. Jakarta Timur;Duren Sawit;1942.0;1.0;1.0;Tercatat;U-ditch, Terbuka & Tertutup Plat;True;True;1.0;
1171;3118;DSW-7977;Sal. Jl. Swadaya Raya;Kota Adm. Jakarta Timur;Duren Sawit;762.0;0.6;0.6;Tercatat;Coran Batu Kali, Terbuka & Tertutup Coran;True;True;0.36;
1172;3119;DSW-7978;Sal. Jl. Swadaya Raya;Kota Adm. Jakarta Timur;Duren Sawit;762.0;0.6;0.6;Tercatat;Coran Batu Kali, Terbuka & Tertutup Coran;True;True;0.36;
1173;3120;DSW-7979;Sal. Jl. Swadaya VII;Kota Adm. Jakarta Timur;Duren Sawit;265.0;0.7;0.6;Tercatat;Coran Batu Kali, Tertutup Coran;True;True;0.42;
1174;3121;DSW-7980;Sal. Jl. Swadaya VII;Kota Adm. Jakarta Timur;Duren Sawit;265.0;0.7;0.6;Tercatat;Coran Batu Kali, Tertutup Coran;True;True;0.42;
1175;3122;DSW-7981;Sal. Jl. Swadaya I;Kota Adm. Jakarta Timur;Duren Sawit;230.0;0.4;0.3;Tercatat;Coran Batu Kali, Tertutup Coran;True;True;0.12;
1176;3123;DSW-7982;Sal. Jl. Swadaya I;Kota Adm. Jakarta Timur;Duren Sawit;230.0;0.4;0.3;Tercatat;Coran Batu Kali, Tertutup Coran;True;True;0.12;
1177;3124;DSW-7983;Sal. Jl. Raden Inten (Kalimalang-Lampu McDonald);Kota Adm. Jakarta Timur;Duren Sawit;1942.0;1.0;1.0;Tercatat;U-ditch, Terbuka & Tertutup Plat;True;True;1.0;
1178;3125;DSW-7984;Sal. Jl. Raden Inten (Kalimalang-Lampu McDonald);Kota Adm. Jakarta Timur;Duren Sawit;1942.0;1.0;1.0;Tercatat;U-ditch, Terbuka & Tertutup Plat;True;True;1.0;
1179;3126;DSW-7985;Sal. Jl. Raden Inten (Kalimalang-Lampu McDonald);Kota Adm. Jakarta Timur;Duren Sawit;1942.0;1.0;1.0;Tercatat;U-ditch, Terbuka & Tertutup Plat;True;True;1.0;
1180;3127;DSW-7986;Sal. Jl. Raden Inten (Kalimalang-Lampu McDonald);Kota Adm. Jakarta Timur;Duren Sawit;1942.0;1.0;1.0;Tercatat;U-ditch, Terbuka & Tertutup Plat;True;True;1.0;
1181;3128;DSW-7993;Sal. Jl. Laut Maluku;Kota Adm. Jakarta Timur;Duren Sawit;310.0;1.0;0.9;Tercatat;Coran Batu Kali, Tertutup Coran;True;True;0.9;
1182;3129;DSW-7995;;Kota Adm. Jakarta Timur;Duren Sawit;;;;Tidak diketahui;Tidak diketahui;False;False;;dimensi_tidak_lengkap, status_belum_tercatat
1183;3130;DSW-7996;;Kota Adm. Jakarta Timur;Duren Sawit;;;;Tidak diketahui;Tidak diketahui;False;False;;dimensi_tidak_lengkap, status_belum_tercatat
1184;3131;DSW-7998;Sal. Jl. Laut Maluku;Kota Adm. Jakarta Timur;Duren Sawit;310.0;1.0;0.9;Tercatat;Coran Batu Kali, Tertutup Coran;True;True;0.9;
1185;3132;DSW-7999;Sal. Jl. Laut Maluku;Kota Adm. Jakarta Timur;Duren Sawit;310.0;1.0;0.9;Tercatat;Coran Batu Kali, Tertutup Coran;True;True;0.9;
1186;3133;DSW-8003;Sal. Jl. Laut Maluku;Kota Adm. Jakarta Timur;Duren Sawit;310.0;1.0;0.9;Tercatat;Coran Batu Kali, Tertutup Coran;True;True;0.9;
1187;3134;DSW-8004;Sal. Jl. Laut Maluku;Kota Adm. Jakarta Timur;Duren Sawit;310.0;1.0;0.9;Tercatat;Coran Batu Kali, Tertutup Coran;True;True;0.9;
1188;3135;DSW-8005;Sal. Jl. Laut Maluku;Kota Adm. Jakarta Timur;Duren Sawit;310.0;1.0;0.9;Tercatat;Coran Batu Kali, Tertutup Coran;True;True;0.9;
1189;3136;DSW-8009;Sal. Jl. Laut Arafuru;Kota Adm. Jakarta Timur;Duren Sawit;546.0;1.0;1.0;Tercatat;U-ditch, Tertutup Plat;True;True;1.0;
1191;3138;DSW-8045;Sal. Jl. Teluk Jakarta;Kota Adm. Jakarta Timur;Duren Sawit;245.0;0.4;0.5;Tercatat;Coran Batu Kali,Tertutup Coran;True;True;0.2;
1192;3139;DSW-8047;Sal. Jl. Teluk Jakarta;Kota Adm. Jakarta Timur;Duren Sawit;245.0;0.4;0.5;Tercatat;Coran Batu Kali,Tertutup Coran;True;True;0.2;
1491;3438;KLR-1770;Sal. Jl. Buaran I;Kota Adm. Jakarta Timur;Duren Sawit;329.0;0.6;0.6;Tercatat;U-ditch, Terbuka dan Tertutup Plat, Coran;True;True;0.36;
1492;3439;KLR-1773;Sal. Jl. Buaran Sakti;Kota Adm. Jakarta Timur;Duren Sawit;298.0;1.2;1.2;Tercatat;Coran Batu Kali, Terbuka & Tertutup Coran;True;True;1.44;
1493;3440;KLR-1774;Sal. Jl. Buaran Sakti;Kota Adm. Jakarta Timur;Duren Sawit;298.0;1.2;1.2;Tercatat;Coran Batu Kali, Terbuka & Tertutup Coran;True;True;1.44;
1494;3441;KLR-1776;Sal. Jl. Kampung Sumur Utara;Kota Adm. Jakarta Timur;Duren Sawit;463.0;1.0;0.8;Tercatat;Coran Batu Kali, Terbuka & Tertutup Coran;True;True;0.8;
1495;3442;KLR-1777;Sal. Jl. Kampung Sumur Utara;Kota Adm. Jakarta Timur;Duren Sawit;463.0;1.0;0.8;Tercatat;Coran Batu Kali, Terbuka & Tertutup Coran;True;True;0.8;
1496;3443;KLR-1778;Sal. Jl. KH Azanie;Kota Adm. Jakarta Timur;Duren Sawit;132.0;0.6;0.4;Tercatat;Coran Batu Kali, Terbuka & Tertutup Coran;True;True;0.24;
1497;3444;KLR-1779;Sal. Jl. KH Azanie;Kota Adm. Jakarta Timur;Duren Sawit;313.0;0.6;0.4;Tercatat;Coran Batu Kali, Terbuka & Tertutup Coran;True;True;0.24;
1498;3445;KLR-1780;Sal. Jl. KH Azanie;Kota Adm. Jakarta Timur;Duren Sawit;321.0;0.6;0.4;Tercatat;Coran Batu Kali, Terbuka & Tertutup Coran;True;True;0.24;
1499;3446;KLR-1781;Sal. Jl. KH Azanie;Kota Adm. Jakarta Timur;Duren Sawit;132.0;0.6;0.4;Tercatat;Coran Batu Kali, Terbuka & Tertutup Coran;True;True;0.24;
1500;3447;KLR-1782;Sal. Jl. Kampung Sumur;Kota Adm. Jakarta Timur;Duren Sawit;177.0;0.6;0.3;Tercatat;Coran, Terbuka & Tertutup Coran;True;True;0.18;
1501;3448;KLR-1783;Sal. Jl. Kampung Sumur;Kota Adm. Jakarta Timur;Duren Sawit;177.0;0.6;0.3;Tercatat;Coran, Terbuka & Tertutup Coran;True;True;0.18;
1502;3449;KLR-1784;Sal. Jl. Bulak Raya;Kota Adm. Jakarta Timur;Duren Sawit;190.0;0.8;0.7;Tercatat;Coran, Terbuka & Tertutup Coran;True;True;0.56;
1503;3450;KLR-1785;Sal. Jl. Bulak Raya;Kota Adm. Jakarta Timur;Duren Sawit;190.0;0.8;0.7;Tercatat;Coran, Terbuka & Tertutup Coran;True;True;0.56;
1504;3451;KLR-1786;Sal. Jl. Bulak Tengah I;Kota Adm. Jakarta Timur;Duren Sawit;215.0;0.8;0.7;Tercatat;Coran, Terbuka & Tertutup Coran;True;True;0.56;
1505;3452;KLR-1787;Sal. Jl. Bulak Tengah I;Kota Adm. Jakarta Timur;Duren Sawit;215.0;0.8;0.7;Tercatat;Coran, Terbuka & Tertutup Coran;True;True;0.56;
1506;3453;KLR-1788;Sal. Jl. KH Maisin;Kota Adm. Jakarta Timur;Duren Sawit;837.0;0.5;0.4;Tercatat;Coran, Terbuka & Tertutup Coran;True;True;0.2;
1507;3454;KLR-1789;Sal. Jl. KH Maisin;Kota Adm. Jakarta Timur;Duren Sawit;840.0;0.5;0.4;Tercatat;Coran, Terbuka & Tertutup Coran;True;True;0.2;
1508;3455;KLR-1790;Sal. Jl. Bulak II;Kota Adm. Jakarta Timur;Duren Sawit;280.0;0.6;0.6;Tercatat;Coran, Terbuka & Tertutup Coran;True;True;0.36;
1509;3456;KLR-1791;Sal. Jl. Bulak II;Kota Adm. Jakarta Timur;Duren Sawit;280.0;0.6;0.6;Tercatat;Coran, Terbuka & Tertutup Coran;True;True;0.36;
1510;3457;KLR-1792;Sal. Jl. Kapuk II;Kota Adm. Jakarta Timur;Duren Sawit;201.0;0.4;0.4;Tercatat;Coran, Terbuka & Tertutup Coran;True;True;0.16;
1511;3458;KLR-1793;Sal. Jl. Kapuk II;Kota Adm. Jakarta Timur;Duren Sawit;201.0;0.4;0.4;Tercatat;Coran, Terbuka & Tertutup Coran;True;True;0.16;
1512;3459;KLR-1794;Sal. Jl. Kapuk II;Kota Adm. Jakarta Timur;Duren Sawit;201.0;0.4;0.4;Tercatat;Coran, Terbuka & Tertutup Coran;True;True;0.16;
1513;3460;KLR-1795;Sal. Jl. Kapuk II;Kota Adm. Jakarta Timur;Duren Sawit;201.0;0.4;0.4;Tercatat;Coran, Terbuka & Tertutup Coran;True;True;0.16;
1514;3461;KLR-1796;Sal. Jl. Kapuk III;Kota Adm. Jakarta Timur;Duren Sawit;238.0;0.4;0.5;Tercatat;Coran, Terbuka & Tertutup Coran;True;True;0.2;
1515;3462;KLR-1797;Sal. Jl. Kapuk III;Kota Adm. Jakarta Timur;Duren Sawit;238.0;0.4;0.5;Tercatat;Coran, Terbuka & Tertutup Coran;True;True;0.2;
1516;3463;KLR-1798;Sal. Jl. Kapuk III;Kota Adm. Jakarta Timur;Duren Sawit;29.0;0.4;0.5;Tercatat;Coran, Terbuka & Tertutup Coran;True;True;0.2;
1517;3464;KLR-1799;Sal. Jl. Kapuk III;Kota Adm. Jakarta Timur;Duren Sawit;23.0;0.4;0.5;Tercatat;Coran, Terbuka & Tertutup Coran;True;True;0.2;
1518;3465;KLR-1800;Sal. Jl. Cipinang Muara 3;Kota Adm. Jakarta Timur;Duren Sawit;167.0;0.8;1.0;Tercatat;U-ditch, Cor Batu Kali, Terbuka & Tertutup Coran;True;True;0.8;
1519;3466;KLR-1801;Sal. Jl. Cipinang Muara 3;Kota Adm. Jakarta Timur;Duren Sawit;167.0;0.8;1.0;Tercatat;U-ditch, Cor Batu Kali, Terbuka & Tertutup Coran;True;True;0.8;
1477;3424;KLR-2;;Kota Adm. Jakarta Timur;Duren Sawit;;;;Tidak diketahui;Tidak diketahui;False;False;;dimensi_tidak_lengkap, status_belum_tercatat
1266;3213;KLR-3512;Sal. Jl. Kampung Sumur Utara;Kota Adm. Jakarta Timur;Duren Sawit;463.0;1.0;0.8;Tidak diketahui;Coran Batu Kali, Terbuka & Tertutup Coran;False;True;0.8;status_belum_tercatat
1267;3214;KLR-3513;Sal. Jl. Kampung Sumur Utara;Kota Adm. Jakarta Timur;Duren Sawit;463.0;1.0;0.8;Tidak diketahui;Coran Batu Kali, Terbuka & Tertutup Coran;False;True;0.8;status_belum_tercatat
1268;3215;KLR-3524;Sal. Jl. Kampung Sumur Utara;Kota Adm. Jakarta Timur;Duren Sawit;463.0;1.0;0.8;Tercatat;Coran Batu Kali, Terbuka & Tertutup Coran;True;True;0.8;
1269;3216;KLR-3525;Sal. Jl. Kampung Sumur Utara;Kota Adm. Jakarta Timur;Duren Sawit;463.0;1.0;0.8;Tercatat;Coran Batu Kali, Terbuka & Tertutup Coran;True;True;0.8;
1270;3217;KLR-3526;Sal. Jl. Masjid Al Husniyah;Kota Adm. Jakarta Timur;Duren Sawit;415.0;0.6;0.6;Tercatat;Uditch, Terbuka dan Tertutup Coran;True;True;0.36;
1271;3218;KLR-3527;Sal. Jl. Masjid Al Husniyah;Kota Adm. Jakarta Timur;Duren Sawit;415.0;0.6;0.6;Tercatat;Uditch, Terbuka dan Tertutup Coran;True;True;0.36;
1272;3219;KLR-3528;Sal. Jl. Inpres;Kota Adm. Jakarta Timur;Duren Sawit;152.0;0.7;1.1;Tercatat;Coran Batu Kali, Terbuka & Tertutup Coran;True;True;0.77;
1273;3220;KLR-3529;Sal. Jl. Inpres;Kota Adm. Jakarta Timur;Duren Sawit;152.0;0.7;1.1;Tercatat;Coran Batu Kali, Terbuka & Tertutup Coran;True;True;0.77;
1274;3221;KLR-3532;Sal. Jl. Cipinang Muara 3;Kota Adm. Jakarta Timur;Duren Sawit;334.0;0.8;1.0;Tercatat;Uditch, Cor Batu Kali, Terbuka dan Tertutup Coran;True;True;0.8;
1275;3222;KLR-3533;Sal. Jl. Cipinang Muara 3;Kota Adm. Jakarta Timur;Duren Sawit;334.0;0.8;1.0;Tercatat;Uditch, Cor Batu Kali, Terbuka dan Tertutup Coran;True;True;0.8;
1276;3223;KLR-3538;Sal. Jl. Masjid Tanah 80 B;Kota Adm. Jakarta Timur;Duren Sawit;323.0;0.6;0.6;Tercatat;Coran Batu Kali, Terbuka & Tertutup Coran;True;True;0.36;
1277;3224;KLR-3539;Sal. Jl. Masjid Tanah 80 B;Kota Adm. Jakarta Timur;Duren Sawit;323.0;0.6;0.6;Tercatat;Coran Batu Kali, Terbuka & Tertutup Coran;True;True;0.36;
1278;3225;KLR-3540;Sal. Jl. Masjid Tanah 80;Kota Adm. Jakarta Timur;Duren Sawit;517.0;0.7;0.7;Tercatat;Coran Batu Kali, Terbuka & Tertutup Coran;True;True;0.49;
1279;3226;KLR-3541;Sal. Jl. Masjid Tanah 80;Kota Adm. Jakarta Timur;Duren Sawit;517.0;0.7;0.7;Tercatat;Coran Batu Kali, Terbuka & Tertutup Coran;True;True;0.49;
1280;3227;KLR-3542;Sal. Jl. Masjid Tanah 80;Kota Adm. Jakarta Timur;Duren Sawit;517.0;0.7;0.7;Tercatat;Coran Batu Kali, Terbuka & Tertutup Coran;True;True;0.49;
1281;3228;KLR-3543;Sal. Jl. Masjid Tanah 80;Kota Adm. Jakarta Timur;Duren Sawit;517.0;0.7;0.7;Tercatat;Coran Batu Kali, Terbuka & Tertutup Coran;True;True;0.49;
1282;3229;KLR-3550;Sal. Jl. Buaran I;Kota Adm. Jakarta Timur;Duren Sawit;329.0;0.6;0.6;Tercatat;U-ditch, Terbuka dan Tertutup Plat, Coran;True;True;0.36;
1283;3230;KLR-3551;Sal. Jl. Merpati;Kota Adm. Jakarta Timur;Duren Sawit;242.0;0.6;0.4;Tercatat;Coran Batu Kali, Terbuka & Tertutup Coran;True;True;0.24;
1193;3140;KLR-8097;Sal. Jl. Dermaga Raya II;Kota Adm. Jakarta Timur;Duren Sawit;625.0;1.0;1.0;Tercatat;U-ditch dan Tertutup Plat;True;True;1.0;
1194;3141;KLR-8100;Sal. Jl. Dermaga Raya II;Kota Adm. Jakarta Timur;Duren Sawit;625.0;1.0;1.0;Tercatat;U-ditch dan Tertutup Plat;True;True;1.0;
1195;3142;KLR-8101;Sal. Jl. Dermaga Raya I;Kota Adm. Jakarta Timur;Duren Sawit;166.0;1.2;2.0;Tercatat;U-ditch, Cor Beton, Tertutup Plat;True;True;2.4;
1196;3143;KLR-8102;Sal. Jl. Dermaga Raya I;Kota Adm. Jakarta Timur;Duren Sawit;166.0;1.2;2.0;Tercatat;U-ditch, Cor Beton, Tertutup Plat;True;True;2.4;
1197;3144;KLR-8105;Sal. Jl. Dermaga Raya I;Kota Adm. Jakarta Timur;Duren Sawit;825.0;1.2;2.0;Tercatat;U-ditch, Cor Beton, Tertutup Plat;True;True;2.4;
1198;3145;KLR-8108;Sal. Jl. Dermaga Raya I;Kota Adm. Jakarta Timur;Duren Sawit;825.0;1.2;2.0;Tercatat;U-ditch, Cor Beton, Tertutup Plat;True;True;2.4;
1199;3146;KLR-8110;Sal. Jl. Chober;Kota Adm. Jakarta Timur;Duren Sawit;500.0;0.4;0.5;Tercatat;Coran Beton, Terbuka & Tertutup Coran;True;True;0.2;
1200;3147;KLR-8112;Sal. Jl. Chober;Kota Adm. Jakarta Timur;Duren Sawit;500.0;0.4;0.5;Tercatat;Coran Beton, Terbuka & Tertutup Coran;True;True;0.2;
1201;3148;KLR-8113;Sal. Jl. Chober;Kota Adm. Jakarta Timur;Duren Sawit;500.0;0.4;0.5;Tercatat;Coran Beton, Terbuka & Tertutup Coran;True;True;0.2;
1202;3149;KLR-8114;Sal. Jl. Chober;Kota Adm. Jakarta Timur;Duren Sawit;500.0;0.4;0.5;Tercatat;Coran Beton, Terbuka & Tertutup Coran;True;True;0.2;
1380;3327;MLJ-1532;Sal. Jl. Taman Malaka Utara;Kota Adm. Jakarta Timur;Duren Sawit;278.0;0.6;0.7;Tercatat;U-ditch, Terbuka, dan Tertutup Coran;True;True;0.42;
1381;3328;MLJ-1533;Sal. Jl. Taman Malaka Utara;Kota Adm. Jakarta Timur;Duren Sawit;278.0;0.6;0.7;Tercatat;U-ditch, Terbuka, dan Tertutup Coran;True;True;0.42;
1382;3329;MLJ-1534;Sal. Jl. Taman Malaka Utara;Kota Adm. Jakarta Timur;Duren Sawit;278.0;0.6;0.7;Tercatat;U-ditch, Terbuka, dan Tertutup Coran;True;True;0.42;
1383;3330;MLJ-1535;Sal. Jl. Taman Malaka Utara;Kota Adm. Jakarta Timur;Duren Sawit;278.0;0.6;0.7;Tercatat;U-ditch, Terbuka, dan Tertutup Coran;True;True;0.42;
1384;3331;MLJ-1536;Sal. Jl. Taman Malaka Utara 8;Kota Adm. Jakarta Timur;Duren Sawit;318.0;0.3;0.4;Tercatat;Coran Batu Kali, Terbuka, dan Tertutup Coran;True;True;0.12;
1385;3332;MLJ-1537;Sal. Jl. Taman Malaka Utara 8;Kota Adm. Jakarta Timur;Duren Sawit;318.0;0.3;0.4;Tercatat;Coran Batu Kali, Terbuka, dan Tertutup Coran;True;True;0.12;
1386;3333;MLJ-1538;Sal. Jl. Taman Malaka Utara 8;Kota Adm. Jakarta Timur;Duren Sawit;318.0;0.3;0.4;Tercatat;Coran Batu Kali, Terbuka, dan Tertutup Coran;True;True;0.12;
1387;3334;MLJ-1539;Sal. Jl. Taman Malaka Utara 8;Kota Adm. Jakarta Timur;Duren Sawit;318.0;0.3;0.4;Tercatat;Coran Batu Kali, Terbuka, dan Tertutup Coran;True;True;0.12;
1388;3335;MLJ-1540;;Kota Adm. Jakarta Timur;Duren Sawit;;;;Tercatat;Uditch,Cor Batu Kali, Terbuka & Tertutup Coran;True;False;;dimensi_tidak_lengkap
1389;3336;MLJ-1541;;Kota Adm. Jakarta Timur;Duren Sawit;;;;Tercatat;Uditch,Cor Batu Kali, Terbuka & Tertutup Coran;True;False;;dimensi_tidak_lengkap
1390;3337;MLJ-1542;Sal. Jl. Inspeksi BKT;Kota Adm. Jakarta Timur;Duren Sawit;275.0;1.0;1.0;Tercatat;U-ditch dan Terbuka;True;True;1.0;
1391;3338;MLJ-1543;Sal. Jl. Inspeksi BKT;Kota Adm. Jakarta Timur;Duren Sawit;275.0;1.0;1.0;Tercatat;U-ditch dan Terbuka;True;True;1.0;
1392;3339;MLJ-1544;Sal. Jl. Inspeksi BKT;Kota Adm. Jakarta Timur;Duren Sawit;275.0;1.0;1.0;Tercatat;U-ditch dan Terbuka;True;True;1.0;
1393;3340;MLJ-1545;Sal. Jl. Inspeksi BKT;Kota Adm. Jakarta Timur;Duren Sawit;275.0;1.0;1.0;Tercatat;U-ditch dan Terbuka;True;True;1.0;
1394;3341;MLJ-1546;Sal. Jl. Bungai Rampai VI;Kota Adm. Jakarta Timur;Duren Sawit;205.0;0.7;0.6;Tercatat;U-ditch, Terbuka, dan Tertutup Coran;True;True;0.42;
1395;3342;MLJ-1547;Sal. Jl. Bungai Rampai VI;Kota Adm. Jakarta Timur;Duren Sawit;205.0;0.7;0.6;Tercatat;U-ditch, Terbuka, dan Tertutup Coran;True;True;0.42;
1396;3343;MLJ-1548;Sal. Jl. Mawar Merah IV;Kota Adm. Jakarta Timur;Duren Sawit;320.0;1.0;1.0;Tercatat;Coran Batu Kali, Terbuka, dan Tertutup Coran;True;True;1.0;
1397;3344;MLJ-1549;Sal. Jl. Mawar Merah IV;Kota Adm. Jakarta Timur;Duren Sawit;320.0;1.0;1.0;Tercatat;Coran Batu Kali, Terbuka, dan Tertutup Coran;True;True;1.0;
1398;3345;MLJ-1550;Sal. Jl. Mawar Merah VI;Kota Adm. Jakarta Timur;Duren Sawit;1396.0;0.6;1.0;Tercatat;U-ditch, Tertutup Plat, Coran;True;True;0.6;
1399;3346;MLJ-1551;Sal. Jl. Mawar Merah VI;Kota Adm. Jakarta Timur;Duren Sawit;1396.0;0.6;1.0;Tercatat;U-ditch, Tertutup Plat, Coran;True;True;0.6;
1400;3347;MLJ-1552;Sal. Jl. Mawar Merah VI;Kota Adm. Jakarta Timur;Duren Sawit;1396.0;0.6;1.0;Tercatat;U-ditch, Tertutup Plat, Coran;True;True;0.6;
1401;3348;MLJ-1553;Sal. Jl. Mawar Merah VI;Kota Adm. Jakarta Timur;Duren Sawit;1396.0;0.6;1.0;Tercatat;U-ditch, Tertutup Plat, Coran;True;True;0.6;
1238;3185;MLJ-7605;Sal. Jl. Nusa Indah III;Kota Adm. Jakarta Timur;Duren Sawit;240.0;0.6;0.6;Tercatat;Uditch,Cor Batu Kali, Terbuka & Tertutup Coran;True;True;0.36;
1239;3186;MLJ-7606;Sal. Jl. Nusa Indah III;Kota Adm. Jakarta Timur;Duren Sawit;240.0;0.6;0.6;Tercatat;Uditch,Cor Batu Kali, Terbuka & Tertutup Coran;True;True;0.36;
1240;3187;MLJ-7607;Sal. Jl. Nusa Indah IV;Kota Adm. Jakarta Timur;Duren Sawit;420.0;0.6;0.7;Tercatat;Uditch,Cor Batu Kali, Terbuka & Tertutup Coran;True;True;0.42;
1241;3188;MLJ-7608;Sal. Jl. Nusa Indah IV;Kota Adm. Jakarta Timur;Duren Sawit;420.0;0.6;0.7;Tercatat;Uditch,Cor Batu Kali, Terbuka & Tertutup Coran;True;True;0.42;
1242;3189;MLJ-7609;Sal. Jl. Bunga Rampai X;Kota Adm. Jakarta Timur;Duren Sawit;359.0;0.6;1.0;Tercatat;Uditch,Cor Batu Kali, Terbuka & Tertutup Coran;True;True;0.6;
1243;3190;MLJ-7611;Sal. Jl. Bunga Rampai X;Kota Adm. Jakarta Timur;Duren Sawit;359.0;0.6;1.0;Tercatat;Uditch,Cor Batu Kali, Terbuka & Tertutup Coran;True;True;0.6;
1244;3191;MLJ-7612;Sal. Jl. Nusa Indah;Kota Adm. Jakarta Timur;Duren Sawit;761.0;0.5;0.9;Tercatat;Uditch,Cor Batu Kali, Terbuka & Tertutup Coran;True;True;0.45;
1245;3192;MLJ-7613;Sal. Jl. Nusa Indah;Kota Adm. Jakarta Timur;Duren Sawit;761.0;0.5;0.9;Tercatat;Uditch,Cor Batu Kali, Terbuka & Tertutup Coran;True;True;0.45;
1246;3193;MLJ-7614;Sal. Jl. Nusa Indah;Kota Adm. Jakarta Timur;Duren Sawit;761.0;0.5;0.9;Tercatat;Uditch,Cor Batu Kali, Terbuka & Tertutup Coran;True;True;0.45;
1247;3194;MLJ-7615;Sal. Jl. Nusa Indah;Kota Adm. Jakarta Timur;Duren Sawit;761.0;0.5;0.9;Tercatat;Uditch,Cor Batu Kali, Terbuka & Tertutup Coran;True;True;0.45;
1248;3195;MLJ-7616;Sal. Jl. Mawa Merah V;Kota Adm. Jakarta Timur;Duren Sawit;300.0;1.0;1.0;Tercatat;Coran Batu Kali, Terbuka & Tertutup Coran;True;True;1.0;
1249;3196;MLJ-7617;Sal. Jl. Mawa Merah V;Kota Adm. Jakarta Timur;Duren Sawit;300.0;1.0;1.0;Tercatat;Coran Batu Kali, Terbuka & Tertutup Coran;True;True;1.0;
1250;3197;MLJ-7618;Sal. Jl. Bungai Rampai I;Kota Adm. Jakarta Timur;Duren Sawit;273.0;0.5;1.0;Tercatat;Uditch, Terbuka dan Tertutup Coran;True;True;0.5;
1447;3394;MLS-1685;Sal. Jl. Malaka I;Kota Adm. Jakarta Timur;Duren Sawit;300.0;0.6;0.8;Tercatat;Coran Batu Kali, Terbuka & Tertutup Coran;True;True;0.48;
1448;3395;MLS-1687;Sal. Jl. Malaka I;Kota Adm. Jakarta Timur;Duren Sawit;117.0;0.6;0.8;Tercatat;Coran Batu Kali, Terbuka & Tertutup Coran;True;True;0.48;
1449;3396;MLS-1688;Sal. Jl. Malaka I;Kota Adm. Jakarta Timur;Duren Sawit;254.0;0.6;0.8;Tercatat;Coran Batu Kali, Terbuka & Tertutup Coran;True;True;0.48;
1450;3397;MLS-1696;Sal. Jl. Flamboyan I;Kota Adm. Jakarta Timur;Duren Sawit;126.0;0.5;0.7;Tercatat;Coran Batu Kali, Terbuka dan Tertutup Coran;True;True;0.35;
1451;3398;MLS-1697;Sal. Jl. Flamboyan I;Kota Adm. Jakarta Timur;Duren Sawit;126.0;0.5;0.7;Tercatat;Coran Batu Kali, Terbuka dan Tertutup Coran;True;True;0.35;
1452;3399;MLS-1698;Sal. Jl. Matahari III;Kota Adm. Jakarta Timur;Duren Sawit;119.0;0.3;0.4;Tercatat;Coran Batu Kali, Terbuka & Tertutup Coran;True;True;0.12;
1453;3400;MLS-1699;Sal. Jl. Matahari III;Kota Adm. Jakarta Timur;Duren Sawit;119.0;0.3;0.4;Tercatat;Coran Batu Kali, Terbuka & Tertutup Coran;True;True;0.12;
1454;3401;MLS-1700;Sal. Jl. Malaka IV Gang I;Kota Adm. Jakarta Timur;Duren Sawit;108.0;0.4;0.5;Tercatat;Coran Batu Kali, Terbuka & Tertutup Coran;True;True;0.2;
1455;3402;MLS-1701;Sal. Jl. Malaka IV Gang I;Kota Adm. Jakarta Timur;Duren Sawit;108.0;0.4;0.5;Tercatat;Coran Batu Kali, Terbuka & Tertutup Coran;True;True;0.2;
1456;3403;MLS-1702;Sal. Jl. Malaka II;Kota Adm. Jakarta Timur;Duren Sawit;243.0;0.4;0.5;Tercatat;U-ditch, Terbuka dan Tertutup Plat;True;True;0.2;
1457;3404;MLS-1703;Sal. Jl. Malaka II;Kota Adm. Jakarta Timur;Duren Sawit;243.0;0.4;0.5;Tercatat;U-ditch, Terbuka dan Tertutup Plat;True;True;0.2;
1458;3405;MLS-1704;Sal. Jl. Malaka II;Kota Adm. Jakarta Timur;Duren Sawit;138.0;0.4;0.5;Tercatat;U-ditch, Terbuka dan Tertutup Plat;True;True;0.2;
1459;3406;MLS-1705;Sal. Jl. Malaka II;Kota Adm. Jakarta Timur;Duren Sawit;143.0;0.4;0.5;Tercatat;U-ditch, Terbuka dan Tertutup Plat;True;True;0.2;
1460;3407;MLS-1706;Sal. Jl. Wijaya Kusuma III;Kota Adm. Jakarta Timur;Duren Sawit;260.0;0.55;0.7;Tercatat;Coran Batu Kali, Terbuka & Tertutup Coran;True;True;0.385;
1461;3408;MLS-1707;Sal. Jl. Wijaya Kusuma III;Kota Adm. Jakarta Timur;Duren Sawit;260.0;0.55;0.7;Tercatat;Coran Batu Kali, Terbuka & Tertutup Coran;True;True;0.385;
1462;3409;MLS-1708;Sal. Jl. Teratai Putih III;Kota Adm. Jakarta Timur;Duren Sawit;363.0;0.6;0.6;Tercatat;U-ditch, Terbuka dan Tertutup Plat;True;True;0.36;
1463;3410;MLS-1709;Sal. Jl. Teratai Putih III;Kota Adm. Jakarta Timur;Duren Sawit;363.0;0.6;0.6;Tercatat;U-ditch, Terbuka dan Tertutup Plat;True;True;0.36;
1464;3411;MLS-1710;Sal. Jl. Delima IV;Kota Adm. Jakarta Timur;Duren Sawit;220.0;0.6;0.6;Tercatat;U-ditch, Terbuka dan Tertutup Plat, Coran;True;True;0.36;
1465;3412;MLS-1711;Sal. Jl. Delima IV;Kota Adm. Jakarta Timur;Duren Sawit;220.0;0.6;0.6;Tercatat;U-ditch, Terbuka dan Tertutup Plat, Coran;True;True;0.36;
1466;3413;MLS-1712;Sal. Jl. Delima II;Kota Adm. Jakarta Timur;Duren Sawit;480.0;0.6;0.9;Tercatat;U-ditch, Cor Batu Kali, Terbuka dan Tertutup Plat, Coran;True;True;0.54;
1467;3414;MLS-1713;Sal. Jl. Delima II;Kota Adm. Jakarta Timur;Duren Sawit;480.0;0.6;0.9;Tercatat;U-ditch, Cor Batu Kali, Terbuka dan Tertutup Plat, Coran;True;True;0.54;
1468;3415;MLS-1714;Sal. Jl. Taman Malaka Barat;Kota Adm. Jakarta Timur;Duren Sawit;249.0;0.7;0.6;Tercatat;Coran Batu Kali, Terbuka & Tertutup Coran;True;True;0.42;
1469;3416;MLS-1715;Sal. Jl. Taman Malaka Barat;Kota Adm. Jakarta Timur;Duren Sawit;37.0;0.7;0.6;Tercatat;Coran Batu Kali, Terbuka & Tertutup Coran;True;True;0.42;
1470;3417;MLS-1716;Sal. Jl. Taman Malaka Barat;Kota Adm. Jakarta Timur;Duren Sawit;37.0;0.7;0.6;Tercatat;Coran Batu Kali, Terbuka & Tertutup Coran;True;True;0.42;
1471;3418;MLS-1717;Sal. Jl. Taman Malaka Barat;Kota Adm. Jakarta Timur;Duren Sawit;249.0;0.7;0.6;Tercatat;Coran Batu Kali, Terbuka & Tertutup Coran;True;True;0.42;
1472;3419;MLS-1718;Sal. Jl. Taman Malaka Barat IV;Kota Adm. Jakarta Timur;Duren Sawit;110.0;0.4;0.6;Tercatat;U-ditch, Cor Batu Kali, Terbuka dan Tertutup Plat, Coran;True;True;0.24;
1473;3420;MLS-1719;Sal. Jl. Taman Malaka Barat IV;Kota Adm. Jakarta Timur;Duren Sawit;110.0;0.4;0.6;Tercatat;U-ditch, Cor Batu Kali, Terbuka dan Tertutup Plat, Coran;True;True;0.24;
1474;3421;MLS-1720;Sal. Jl. Teratai Putih I;Kota Adm. Jakarta Timur;Duren Sawit;133.0;0.6;0.6;Tercatat;Coran Batu Kali, Terbuka & Tertutup Coran;True;True;0.36;
1475;3422;MLS-1721;Sal. Jl. Teratai Putih I;Kota Adm. Jakarta Timur;Duren Sawit;133.0;0.6;0.6;Tercatat;Coran Batu Kali, Terbuka & Tertutup Coran;True;True;0.36;
1476;3423;MLS-1722;Sal. Jl. Delima IA;Kota Adm. Jakarta Timur;Duren Sawit;223.0;0.9;0.9;Tercatat;U-ditch, Terbuka & Tertutup Plat;True;True;0.81;
1478;3425;MLS-1723;Sal. Jl. Delima IA;Kota Adm. Jakarta Timur;Duren Sawit;223.0;0.9;0.9;Tercatat;U-ditch, Terbuka & Tertutup Plat;True;True;0.81;
1479;3426;MLS-1724;Sal. Jl. Anggrek Raya;Kota Adm. Jakarta Timur;Duren Sawit;359.0;0.6;0.8;Tercatat;U-ditch, Coran Batu Kali, Terbuka & Tertutup Plat, Coran;True;True;0.48;
1480;3427;MLS-1725;Sal. Jl. Anggrek Raya;Kota Adm. Jakarta Timur;Duren Sawit;359.0;0.6;0.8;Tercatat;U-ditch, Coran Batu Kali, Terbuka & Tertutup Plat, Coran;True;True;0.48;
1481;3428;MLS-1726;Sal. Jl. Melati IV;Kota Adm. Jakarta Timur;Duren Sawit;323.0;0.4;0.5;Tercatat;Coran Batu Kali, Terbuka & Tertutup Coran;True;True;0.2;
1482;3429;MLS-1727;Sal. Jl. Melati IV;Kota Adm. Jakarta Timur;Duren Sawit;323.0;0.4;0.5;Tercatat;Coran Batu Kali, Terbuka & Tertutup Coran;True;True;0.2;
1483;3430;MLS-1734;Sal. Jl. Seruni III;Kota Adm. Jakarta Timur;Duren Sawit;368.0;0.5;0.6;Tercatat;U-ditch, Coran Batu Kali, Terbuka & Tertutup Plat, Coran;True;True;0.3;
1484;3431;MLS-1735;Sal. Jl. Seruni III;Kota Adm. Jakarta Timur;Duren Sawit;368.0;0.5;0.6;Tercatat;U-ditch, Coran Batu Kali, Terbuka & Tertutup Plat, Coran;True;True;0.3;
1485;3432;MLS-1741;Sal. Jl. Cempaka Raya;Kota Adm. Jakarta Timur;Duren Sawit;368.0;0.5;0.6;Tercatat;Coran Batu Kali, Tertutup Coran;True;True;0.3;
1486;3433;MLS-1746;Sal. Jl. Bougenville;Kota Adm. Jakarta Timur;Duren Sawit;265.0;0.6;1.0;Tercatat;Coran Batu Kali, Terbuka & Tertutup Coran;True;True;0.6;
1487;3434;MLS-1747;Sal. Jl. Malaka III;Kota Adm. Jakarta Timur;Duren Sawit;264.0;0.8;0.8;Tercatat;U-ditch, Tutup Plat;True;True;0.64;
1488;3435;MLS-1749;Sal. Jl. Malaka III;Kota Adm. Jakarta Timur;Duren Sawit;264.0;0.8;0.8;Tercatat;U-ditch, Tutup Plat;True;True;0.64;
1489;3436;MLS-1752;Sal. Jl. Malaka III;Kota Adm. Jakarta Timur;Duren Sawit;125.0;0.8;0.8;Tercatat;U-ditch, Tutup Plat;True;True;0.64;
1490;3437;MLS-1753;Sal. Jl. Malaka III;Kota Adm. Jakarta Timur;Duren Sawit;125.0;0.8;0.8;Tercatat;U-ditch, Tutup Plat;True;True;0.64;
1251;3198;MLS-7628;Sal. Jl. Delima IA;Kota Adm. Jakarta Timur;Duren Sawit;446.0;0.9;0.9;Tercatat;U-ditch, Terbuka dan Tertutup Plat;True;True;0.81;
1252;3199;MLS-7630;Sal. Jl. Delima IA;Kota Adm. Jakarta Timur;Duren Sawit;446.0;0.9;0.9;Tercatat;U-ditch, Terbuka dan Tertutup Plat;True;True;0.81;
1253;3200;MLS-7631;Sal. Jl. Delima IA;Kota Adm. Jakarta Timur;Duren Sawit;446.0;0.9;0.9;Tercatat;U-ditch, Terbuka dan Tertutup Plat;True;True;0.81;
1254;3201;MLS-7633;Sal. Jl. Delima IA;Kota Adm. Jakarta Timur;Duren Sawit;446.0;0.9;0.9;Tercatat;U-ditch, Terbuka dan Tertutup Plat;True;True;0.81;
1255;3202;MLS-7634;Sal. Jl. Teratai Putih II;Kota Adm. Jakarta Timur;Duren Sawit;254.0;0.6;0.6;Tercatat;U-ditch, Terbuka dan Tertutup Plat;True;True;0.36;
1256;3203;MLS-7635;Sal. Jl. Teratai Putih II;Kota Adm. Jakarta Timur;Duren Sawit;254.0;0.6;0.6;Tercatat;U-ditch, Terbuka dan Tertutup Plat;True;True;0.36;
1257;3204;MLS-7636;Sal. Jl. Delima 2;Kota Adm. Jakarta Timur;Duren Sawit;240.0;0.6;0.9;Tercatat;U-ditch,Cor Batu Kali, Terbuka dan Tertutup Plat,Coran;True;True;0.54;
1258;3205;MLS-7637;Sal. Jl. Delima 2;Kota Adm. Jakarta Timur;Duren Sawit;240.0;0.6;0.9;Tercatat;U-ditch,Cor Batu Kali, Terbuka dan Tertutup Plat,Coran;True;True;0.54;
1259;3206;MLS-7639;Sal. Jl. Cempaka IX;Kota Adm. Jakarta Timur;Duren Sawit;207.0;1.2;1.2;Tercatat;U-ditch,Cor Batu Kali, Terbuka dan Tertutup Plat,Coran;True;True;1.44;
1260;3207;MLS-7644;Sal. Jl. Bougenville;Kota Adm. Jakarta Timur;Duren Sawit;67.0;0.6;1.0;Tercatat;Coran Batu Kali, Terbuka & Tertutup Coran;True;True;0.6;
1261;3208;MLS-7645;Sal. Jl. Malaka IV;Kota Adm. Jakarta Timur;Duren Sawit;432.0;0.4;0.5;Tercatat;Coran Batu Kali, Terbuka & Tertutup Coran;True;True;0.2;
1262;3209;MLS-7646;Sal. Jl. Taman Malaka Barat;Kota Adm. Jakarta Timur;Duren Sawit;283.0;0.7;0.6;Tercatat;Coran Batu Kali, Terbuka & Tertutup Coran;True;True;0.42;
1263;3210;MLS-7647;Sal. Jl. Taman Malaka Barat;Kota Adm. Jakarta Timur;Duren Sawit;283.0;0.7;0.6;Tercatat;Coran Batu Kali, Terbuka & Tertutup Coran;True;True;0.42;
1264;3211;MLS-7648;Sal. Jl. Taman Malaka Utara IV;Kota Adm. Jakarta Timur;Duren Sawit;220.0;0.4;0.6;Tercatat;U-ditch,Cor Batu Kali, Terbuka dan Tertutup Plat,Coran;True;True;0.24;
1265;3212;MLS-7649;Sal. Jl. Taman Malaka Utara IV;Kota Adm. Jakarta Timur;Duren Sawit;220.0;0.4;0.6;Tercatat;U-ditch,Cor Batu Kali, Terbuka dan Tertutup Plat,Coran;True;True;0.24;
1088;3035;MLS-7674;Sal. Jl. Malaka IV Gang I;Kota Adm. Jakarta Timur;Duren Sawit;216.0;0.4;0.5;Tercatat;Coran Batu Kali, Terbuka & Tertutup Coran;True;True;0.2;
1089;3036;MLS-7676;Sal. Jl. Malaka IV Gang I;Kota Adm. Jakarta Timur;Duren Sawit;216.0;0.4;0.5;Tercatat;Coran Batu Kali, Terbuka & Tertutup Coran;True;True;0.2;
1304;3251;PBB-3594;Sal. Jl. Kejaksaan I;Kota Adm. Jakarta Timur;Duren Sawit;396.0;0.4;0.4;Tercatat;Coran Batu Kali, Terbuka & Tertutup Coran;True;True;0.16;
1305;3252;PBB-3595;Sal. Jl. Kejaksaan I;Kota Adm. Jakarta Timur;Duren Sawit;396.0;0.4;0.4;Tercatat;Coran Batu Kali, Terbuka & Tertutup Coran;True;True;0.16;
1306;3253;PBB-3596;Sal. Jl. Kejaksaan I;Kota Adm. Jakarta Timur;Duren Sawit;396.0;0.4;0.4;Tercatat;Coran Batu Kali, Terbuka & Tertutup Coran;True;True;0.16;
1307;3254;PBB-3597;Sal. Jl. Kejaksaan I;Kota Adm. Jakarta Timur;Duren Sawit;396.0;0.4;0.4;Tercatat;Coran Batu Kali, Terbuka & Tertutup Coran;True;True;0.16;
1308;3255;PBB-3598;Sal. Jl. Kejaksaan;Kota Adm. Jakarta Timur;Duren Sawit;478.0;0.6;0.6;Tercatat;Coran Batu Kali, Terbuka & Tertutup Coran;True;True;0.36;
1309;3256;PBB-3599;Sal. Jl. Kejaksaan;Kota Adm. Jakarta Timur;Duren Sawit;478.0;0.6;0.6;Tercatat;Coran Batu Kali, Terbuka & Tertutup Coran;True;True;0.36;
1310;3257;PBB-3600;Sal. Jl. Kejaksaan;Kota Adm. Jakarta Timur;Duren Sawit;478.0;0.6;0.6;Tercatat;Coran Batu Kali, Terbuka & Tertutup Coran;True;True;0.36;
1311;3258;PBB-3601;Sal. Jl. Teluk Mandar;Kota Adm. Jakarta Timur;Duren Sawit;153.0;0.6;0.6;Tercatat;Coran Batu Kali, Terbuka & Tertutup Coran;True;True;0.36;
1312;3259;PBB-3602;Sal. Jl. Teluk Mandar;Kota Adm. Jakarta Timur;Duren Sawit;153.0;0.6;0.6;Tercatat;Coran Batu Kali, Terbuka & Tertutup Coran;True;True;0.36;
1313;3260;PBB-3603;Sal. Jl. Kejaksaan;Kota Adm. Jakarta Timur;Duren Sawit;478.0;0.6;0.6;Tercatat;Coran Batu Kali, Terbuka & Tertutup Coran;True;True;0.36;
1314;3261;PBB-3608;Sal. Jl. SMP 135;Kota Adm. Jakarta Timur;Duren Sawit;606.0;0.6;0.6;Tercatat;Coran Batu Kali, Terbuka & Tertutup Coran;True;True;0.36;
1315;3262;PBB-3611;Sal. Jl. SMP 135;Kota Adm. Jakarta Timur;Duren Sawit;606.0;0.6;0.6;Tercatat;Coran Batu Kali, Terbuka & Tertutup Coran;True;True;0.36;
1316;3263;PBB-3614;Sal. Jl. Teluk Palu;Kota Adm. Jakarta Timur;Duren Sawit;197.0;0.9;1.2;Tercatat;Coran Batu Kali, Terbuka;True;True;1.08;
1317;3264;PBB-3615;Sal. Jl. Teluk Palu;Kota Adm. Jakarta Timur;Duren Sawit;197.0;0.9;1.2;Tercatat;Coran Batu Kali, Terbuka;True;True;1.08;
1318;3265;PBB-3616;Sal. Jl. Teluk Palu;Kota Adm. Jakarta Timur;Duren Sawit;197.0;0.9;1.2;Tercatat;Coran Batu Kali, Terbuka;True;True;1.08;
1319;3266;PBB-3617;Sal. Jl. Tutul Raya;Kota Adm. Jakarta Timur;Duren Sawit;245.0;0.7;0.5;Tercatat;Coran Batu Kali, Terbuka & Tertutup Coran;True;True;0.35;
1320;3267;PBB-3618;Sal. Jl. Tutul Raya;Kota Adm. Jakarta Timur;Duren Sawit;245.0;0.7;0.5;Tercatat;Coran Batu Kali, Terbuka & Tertutup Coran;True;True;0.35;
1321;3268;PBB-3619;Sal. Jl. Tutul Raya;Kota Adm. Jakarta Timur;Duren Sawit;245.0;0.7;0.5;Tercatat;Coran Batu Kali, Terbuka & Tertutup Coran;True;True;0.35;
1322;3269;PBB-3620;Sal. Jl. Tutul Raya;Kota Adm. Jakarta Timur;Duren Sawit;245.0;0.7;0.5;Tercatat;Coran Batu Kali, Terbuka & Tertutup Coran;True;True;0.35;
1323;3270;PBB-3627;Sal. Jl. Gading IV;Kota Adm. Jakarta Timur;Duren Sawit;365.0;0.5;1.0;Tercatat;Coran Batu Kali, Terbuka & Tertutup Coran;True;True;0.5;
1324;3271;PBB-3628;Sal. Jl. Gading IV;Kota Adm. Jakarta Timur;Duren Sawit;365.0;0.5;1.0;Tercatat;Coran Batu Kali, Terbuka & Tertutup Coran;True;True;0.5;
1325;3272;PBB-3629;Sal. Jl. Gading IV;Kota Adm. Jakarta Timur;Duren Sawit;365.0;0.5;1.0;Tercatat;Coran Batu Kali, Terbuka & Tertutup Coran;True;True;0.5;
1326;3273;PBB-3630;Sal. Jl. Gading IV;Kota Adm. Jakarta Timur;Duren Sawit;365.0;0.5;1.0;Tercatat;Coran Batu Kali, Terbuka & Tertutup Coran;True;True;0.5;
1327;3274;PBB-3632;Sal. Jl. H. Sidik;Kota Adm. Jakarta Timur;Duren Sawit;128.0;0.5;0.5;Tercatat;Coran Batu Kali, Terbuka & Tertutup Coran;True;True;0.25;
1328;3275;PBB-3633;Sal. Jl. H. Sidik;Kota Adm. Jakarta Timur;Duren Sawit;128.0;0.5;0.5;Tercatat;Coran Batu Kali, Terbuka & Tertutup Coran;True;True;0.25;
1329;3276;PBB-3634;Sal. Jl. Utama Raya;Kota Adm. Jakarta Timur;Duren Sawit;404.0;0.4;0.6;Tercatat;Coran Batu Kali, Terbuka & Tertutup Coran;True;True;0.24;
1330;3277;PBB-3636;Sal. Jl. Utama Raya;Kota Adm. Jakarta Timur;Duren Sawit;404.0;0.4;0.6;Tercatat;Coran Batu Kali, Terbuka & Tertutup Coran;True;True;0.24;
1331;3278;PBB-3640;Sal. Jl. KTG Priok;Kota Adm. Jakarta Timur;Duren Sawit;217.0;0.8;1.0;Tercatat;Coran Batu Kali, Terbuka & Tertutup Coran;True;True;0.8;
1332;3279;PBB-3641;Sal. Jl. KTG Priok;Kota Adm. Jakarta Timur;Duren Sawit;217.0;0.8;1.0;Tercatat;Coran Batu Kali, Terbuka & Tertutup Coran;True;True;0.8;
1333;3280;PBB-3642;Sal. Jl. Belawan;Kota Adm. Jakarta Timur;Duren Sawit;240.0;0.9;0.9;Tercatat;Coran Batu Kali, Terbuka & Tertutup Coran;True;True;0.81;
1334;3281;PBB-3644;Sal. Jl. Belawan;Kota Adm. Jakarta Timur;Duren Sawit;240.0;0.9;0.9;Tercatat;Coran Batu Kali, Terbuka & Tertutup Coran;True;True;0.81;
1335;3282;PBB-3646;Sal. Jl. Melati Bakti;Kota Adm. Jakarta Timur;Duren Sawit;251.0;0.7;0.5;Tercatat;Coran Batu Kali, Terbuka & Tertutup Coran;True;True;0.35;
1336;3283;PBB-3648;Sal. Jl. Melati Bakti;Kota Adm. Jakarta Timur;Duren Sawit;251.0;0.7;0.5;Tercatat;Coran Batu Kali, Terbuka & Tertutup Coran;True;True;0.35;
1337;3284;PBB-3649;Sal. Jl. Melati Bakti;Kota Adm. Jakarta Timur;Duren Sawit;251.0;0.7;0.5;Tercatat;Coran Batu Kali, Terbuka & Tertutup Coran;True;True;0.35;
1338;3285;PBB-3650;Sal. Jl. Melati Bakti;Kota Adm. Jakarta Timur;Duren Sawit;251.0;0.7;0.5;Tercatat;Coran Batu Kali, Terbuka & Tertutup Coran;True;True;0.35;
1339;3286;PBB-3653;Sal. Jl. Bambu Duri V;Kota Adm. Jakarta Timur;Duren Sawit;204.0;0.5;0.6;Tercatat;Coran Batu Kali, Terbuka & Tertutup Coran;True;True;0.3;
1340;3287;PBB-3654;Sal. Jl. Bambu Duri V;Kota Adm. Jakarta Timur;Duren Sawit;204.0;0.5;0.6;Tercatat;Coran Batu Kali, Terbuka & Tertutup Coran;True;True;0.3;
1341;3288;PBB-3655;Sal. Jl. Bambu Duri I;Kota Adm. Jakarta Timur;Duren Sawit;268.0;0.6;0.7;Tercatat;Coran Batu Kali, Terbuka & Tertutup Coran;True;True;0.42;
1342;3289;PBB-3658;Sal. Jl. Bambu Duri I;Kota Adm. Jakarta Timur;Duren Sawit;268.0;0.6;0.7;Tercatat;Coran Batu Kali, Terbuka & Tertutup Coran;True;True;0.42;
1343;3290;PBB-3659;Sal. Jl. Bambu Duri V;Kota Adm. Jakarta Timur;Duren Sawit;204.0;0.5;0.6;Tercatat;Coran Batu Kali, Terbuka & Tertutup Coran;True;True;0.3;
1344;3291;PBB-3660;Sal. Jl. Bambu Duri V;Kota Adm. Jakarta Timur;Duren Sawit;204.0;0.5;0.6;Tercatat;Coran Batu Kali, Terbuka & Tertutup Coran;True;True;0.3;
1345;3292;PBB-3661;Sal. Jl. Bambu Mas Raya;Kota Adm. Jakarta Timur;Duren Sawit;172.0;0.9;1.2;Tercatat;Coran Batu Kali, Terbuka & Tertutup Coran;True;True;1.08;
1346;3293;PBB-3662;Sal. Jl. Bambu Mas Raya;Kota Adm. Jakarta Timur;Duren Sawit;172.0;0.9;1.2;Tercatat;Coran Batu Kali, Terbuka & Tertutup Coran;True;True;1.08;
1347;3294;PBB-3663;Sal. Jl. Bambu Mas Raya;Kota Adm. Jakarta Timur;Duren Sawit;172.0;0.9;1.2;Tercatat;Coran Batu Kali, Terbuka & Tertutup Coran;True;True;1.08;
1348;3295;PBB-3664;Sal. Jl. Bambu Mas Raya;Kota Adm. Jakarta Timur;Duren Sawit;172.0;0.9;1.2;Tercatat;Coran Batu Kali, Terbuka & Tertutup Coran;True;True;1.08;
1349;3296;PBB-3665;Sal. Jl. Buluh Perindu Raya;Kota Adm. Jakarta Timur;Duren Sawit;259.0;1.2;1.2;Tercatat;Uditch, Terbuka dan Tertutup Coran;True;True;1.44;
1350;3297;PBB-3666;Sal. Jl. Buluh Perindu Raya;Kota Adm. Jakarta Timur;Duren Sawit;259.0;1.2;1.2;Tercatat;Uditch, Terbuka dan Tertutup Coran;True;True;1.44;
1351;3298;PBB-3667;Sal. Jl. Buluh Perindu 5;Kota Adm. Jakarta Timur;Duren Sawit;367.0;0.8;0.8;Tercatat;Coran Batu Kali, Terbuka & Tertutup Coran;True;True;0.64;
1352;3299;PBB-3668;Sal. Jl. Buluh Perindu 5;Kota Adm. Jakarta Timur;Duren Sawit;367.0;0.8;0.8;Tercatat;Coran Batu Kali, Terbuka & Tertutup Coran;True;True;0.64;
1353;3300;PBB-3673;Sal. Jl. H. Hanafi;Kota Adm. Jakarta Timur;Duren Sawit;597.0;0.7;1.0;Tercatat;Coran Batu Kali, Terbuka & Tertutup Coran;True;True;0.7;
1354;3301;PBB-3674;Sal. Jl. H. Hanafi;Kota Adm. Jakarta Timur;Duren Sawit;597.0;0.7;1.0;Tercatat;Coran Batu Kali, Terbuka & Tertutup Coran;True;True;0.7;
1355;3302;PBB-3676;Sal. Jl. H. Hanafi;Kota Adm. Jakarta Timur;Duren Sawit;597.0;0.7;1.0;Tercatat;Coran Batu Kali, Terbuka & Tertutup Coran;True;True;0.7;
1356;3303;PBB-3678;Sal. Jl. H. Hanafi;Kota Adm. Jakarta Timur;Duren Sawit;597.0;0.7;1.0;Tercatat;Coran Batu Kali, Terbuka & Tertutup Coran;True;True;0.7;
1190;3137;PBB-8014;Sal. Jl. Laut Arafuru;Kota Adm. Jakarta Timur;Duren Sawit;546.0;1.0;1.0;Tercatat;U-ditch, Tertutup Plat;True;True;1.0;
1203;3150;PBB-8119;Sal. Jl. Rajawali;Kota Adm. Jakarta Timur;Duren Sawit;505.0;0.7;0.7;Tercatat;Coran Batu Kali, Tertutup Coran;True;True;0.49;
1204;3151;PBB-8120;Sal. Jl. Rajawali;Kota Adm. Jakarta Timur;Duren Sawit;505.0;0.7;0.7;Tercatat;Coran Batu Kali, Tertutup Coran;True;True;0.49;
1205;3152;PBB-8121;Sal. Jl. Rajawali;Kota Adm. Jakarta Timur;Duren Sawit;505.0;0.7;0.7;Tercatat;Coran Batu Kali, Tertutup Coran;True;True;0.49;
1206;3153;PBB-8122;Sal. Jl. Rajawali;Kota Adm. Jakarta Timur;Duren Sawit;505.0;0.7;0.7;Tercatat;Coran Batu Kali, Tertutup Coran;True;True;0.49;
1207;3154;PBB-8125;Sal. Jl. Nuri;Kota Adm. Jakarta Timur;Duren Sawit;258.0;0.8;0.9;Tercatat;Coran Batu Kali, Tertutup Coran;True;True;0.72;
1208;3155;PBB-8126;Sal. Jl. Nuri;Kota Adm. Jakarta Timur;Duren Sawit;258.0;0.8;0.9;Tercatat;Coran Batu Kali, Tertutup Coran;True;True;0.72;
1209;3156;PBB-8127;Sal. Jl. Kasuari;Kota Adm. Jakarta Timur;Duren Sawit;210.0;0.5;0.7;Tercatat;Coran Batu Kali, Tertutup Coran;True;True;0.35;
1210;3157;PBB-8128;Sal. Jl. Kasuari;Kota Adm. Jakarta Timur;Duren Sawit;210.0;0.5;0.7;Tercatat;Coran Batu Kali, Tertutup Coran;True;True;0.35;
1402;3349;PDK-1572;Sal. Jl. Bojong Indah;Kota Adm. Jakarta Timur;Duren Sawit;769.0;0.6;0.6;Tercatat;U-ditch;True;True;0.36;
1403;3350;PDK-1573;Sal. Jl. Bojong Indah;Kota Adm. Jakarta Timur;Duren Sawit;769.0;0.6;0.6;Tercatat;U-ditch;True;True;0.36;
1404;3351;PDK-1576;Sal. Jl. Kelapa Hybrida;Kota Adm. Jakarta Timur;Duren Sawit;1004.0;0.5;0.6;Tercatat;Coran Batu Kali;True;True;0.3;
1405;3352;PDK-1577;Sal. Jl. Kelapa Hybrida;Kota Adm. Jakarta Timur;Duren Sawit;1004.0;0.5;0.6;Tercatat;Coran Batu Kali;True;True;0.3;
1406;3353;PDK-1578;Sal. Jl. Arista 1;Kota Adm. Jakarta Timur;Duren Sawit;380.0;0.65;0.65;Tercatat;Coran Batu Kali, Terbuka dan Tertutup Coran, Tutup Plat;True;True;0.423;
1407;3354;PDK-1581;Sal. Jl. Billymoon;Kota Adm. Jakarta Timur;Duren Sawit;1489.0;1.0;1.0;Tercatat;U-ditch, Coran, Terbuka dan Tertutup Coran;True;True;1.0;
1408;3355;PDK-1582;Sal. Jl. Billymoon;Kota Adm. Jakarta Timur;Duren Sawit;1489.0;1.0;1.0;Tercatat;U-ditch, Coran, Terbuka dan Tertutup Coran;True;True;1.0;
1409;3356;PDK-1583;Sal. Jl. Billymoon;Kota Adm. Jakarta Timur;Duren Sawit;1489.0;1.0;1.0;Tercatat;U-ditch, Coran, Terbuka dan Tertutup Coran;True;True;1.0;
1410;3357;PDK-1584;Sal. Jl. Billymoon;Kota Adm. Jakarta Timur;Duren Sawit;1489.0;1.0;1.0;Tercatat;U-ditch, Coran, Terbuka dan Tertutup Coran;True;True;1.0;
1411;3358;PDK-1585;Sal. Jl. H. Dogon;Kota Adm. Jakarta Timur;Duren Sawit;716.0;0.8;1.2;Tercatat;U-ditch, Terbuka dan Tertutup Coran;True;True;0.96;
1412;3359;PDK-1586;Sal. Jl. H. Dogon;Kota Adm. Jakarta Timur;Duren Sawit;716.0;0.8;1.2;Tercatat;U-ditch, Terbuka dan Tertutup Coran;True;True;0.96;
1413;3360;PDK-1589;Sal. Jl. H. Naman;Kota Adm. Jakarta Timur;Duren Sawit;1323.4;0.6;1.1;Tercatat;U-ditch;True;True;0.66;
1414;3361;PDK-1590;Sal. Jl. H. Naman;Kota Adm. Jakarta Timur;Duren Sawit;1323.4;0.6;1.1;Tercatat;U-ditch;True;True;0.66;
1415;3362;PDK-1591;Sal. Jl. Swakarsa IV;Kota Adm. Jakarta Timur;Duren Sawit;671.0;0.6;0.8;Tercatat;Coran Batu Kali, Terbuka dan Tertutup Coran;True;True;0.48;
1416;3363;PDK-1592;Sal. Jl. Swakarsa IV;Kota Adm. Jakarta Timur;Duren Sawit;671.0;0.6;0.8;Tercatat;Coran Batu Kali, Terbuka dan Tertutup Coran;True;True;0.48;
1417;3364;PDK-1593;Sal. Jl. Palem Indah 1;Kota Adm. Jakarta Timur;Duren Sawit;261.0;1.0;1.2;Tercatat;U-ditch, Terbuka dan Tertutup Coran;True;True;1.2;
1418;3365;PDK-1594;Sal. Jl. Palem Indah 1;Kota Adm. Jakarta Timur;Duren Sawit;261.0;1.0;1.2;Tercatat;U-ditch, Terbuka dan Tertutup Coran;True;True;1.2;
1419;3366;PDK-1595;Sal. Jl. Palem Indah 1;Kota Adm. Jakarta Timur;Duren Sawit;261.0;1.0;1.2;Tercatat;U-ditch, Terbuka dan Tertutup Coran;True;True;1.2;
1420;3367;PDK-1596;Sal. Jl. Palem Indah 1;Kota Adm. Jakarta Timur;Duren Sawit;261.0;1.0;1.2;Tercatat;U-ditch, Terbuka dan Tertutup Coran;True;True;1.2;
1421;3368;PDK-1597;Sal. Jl. Pandan;Kota Adm. Jakarta Timur;Duren Sawit;73.8;0.8;1.0;Tercatat;U-ditch, Terbuka dan Tertutup Coran;True;True;0.8;
1422;3369;PDK-1598;Sal. Jl. Pandan;Kota Adm. Jakarta Timur;Duren Sawit;73.8;0.8;1.0;Tercatat;U-ditch, Terbuka dan Tertutup Coran;True;True;0.8;
1423;3370;PDK-1599;Sal. Jl. Pandan;Kota Adm. Jakarta Timur;Duren Sawit;73.8;0.8;1.0;Tercatat;U-ditch, Terbuka dan Tertutup Coran;True;True;0.8;
1424;3371;PDK-1600;Sal. Jl. Pandan;Kota Adm. Jakarta Timur;Duren Sawit;73.8;0.8;1.0;Tercatat;U-ditch, Terbuka dan Tertutup Coran;True;True;0.8;
1425;3372;PDK-1626;Sal. Jl. Marinir Timur;Kota Adm. Jakarta Timur;Duren Sawit;472.0;0.5;0.45;Tercatat;Coran Batu Kali, Terbuka dan Tertutup Coran;True;True;0.225;
1426;3373;PDK-1627;Sal. Jl. Marinir Timur;Kota Adm. Jakarta Timur;Duren Sawit;472.0;0.5;0.45;Tercatat;Coran Batu Kali, Terbuka dan Tertutup Coran;True;True;0.225;
1427;3374;PDK-1630;Sal. Jl. Marinir Tengah;Kota Adm. Jakarta Timur;Duren Sawit;472.0;0.4;0.6;Tercatat;Coran Batu Kali, Terbuka dan Tertutup Coran;True;True;0.24;
1428;3375;PDK-1631;Sal. Jl. Marinir Tengah;Kota Adm. Jakarta Timur;Duren Sawit;472.0;0.4;0.6;Tercatat;Coran Batu Kali, Terbuka dan Tertutup Coran;True;True;0.24;
1429;3376;PDK-1634;Sal. Jl. Kelapa Kuning;Kota Adm. Jakarta Timur;Duren Sawit;844.0;0.6;0.8;Tercatat;Batu Kali, Coran,Terbuka dan Tertutup Coran;True;True;0.48;
1430;3377;PDK-1635;Sal. Jl. Kelapa Kuning;Kota Adm. Jakarta Timur;Duren Sawit;844.0;0.6;0.8;Tercatat;Batu Kali, Coran,Terbuka dan Tertutup Coran;True;True;0.48;
1431;3378;PDK-1637;Sal. Jl. Nyiur I;Kota Adm. Jakarta Timur;Duren Sawit;500.0;0.5;0.9;Tercatat;Coran Batu Kali, Terbuka dan Tertutup Coran;True;True;0.45;
1432;3379;PDK-1639;Sal. Jl. Nyiur I;Kota Adm. Jakarta Timur;Duren Sawit;500.0;0.5;0.9;Tercatat;Coran Batu Kali, Terbuka dan Tertutup Coran;True;True;0.45;
1433;3380;PDK-1640;Sal. Jl. Nyiur I;Kota Adm. Jakarta Timur;Duren Sawit;500.0;0.5;0.9;Tercatat;Coran Batu Kali, Terbuka dan Tertutup Coran;True;True;0.45;
1434;3381;PDK-1641;Sal. Jl. Nyiur I;Kota Adm. Jakarta Timur;Duren Sawit;500.0;0.5;0.9;Tercatat;Coran Batu Kali, Terbuka dan Tertutup Coran;True;True;0.45;
1435;3382;PDK-1643;Sal. Jl. Kelapa Sawit Raya;Kota Adm. Jakarta Timur;Duren Sawit;897.0;0.6;0.7;Tercatat;Coran Batu Kali, Terbuka dan Tertutup Coran;True;True;0.42;
1436;3383;PDK-1645;Sal. Jl. Kelapa Sawit Raya;Kota Adm. Jakarta Timur;Duren Sawit;897.0;0.6;0.7;Tercatat;Coran Batu Kali, Terbuka dan Tertutup Coran;True;True;0.42;
1437;3384;PDK-1648;Sal. Jl. Janur Raya;Kota Adm. Jakarta Timur;Duren Sawit;921.0;0.7;0.8;Tercatat;Coran Batu Kali, Terbuka dan Tertutup Coran;True;True;0.56;
1438;3385;PDK-1649;Sal. Jl. Janur Raya;Kota Adm. Jakarta Timur;Duren Sawit;921.0;0.7;0.8;Tercatat;Coran Batu Kali, Terbuka dan Tertutup Coran;True;True;0.56;
1439;3386;PDK-1658;Sal. Jl. Pondok Kelapa Barat;Kota Adm. Jakarta Timur;Duren Sawit;705.0;0.6;0.9;Tercatat;U-ditch, Terbuka dan Tertutup Coran;True;True;0.54;
1440;3387;PDK-1659;Sal. Jl. Pondok Kelapa Barat;Kota Adm. Jakarta Timur;Duren Sawit;705.0;0.6;0.9;Tercatat;U-ditch, Terbuka dan Tertutup Coran;True;True;0.54;
1441;3388;PDK-1660;Sal. Jl. Swakarsa IB;Kota Adm. Jakarta Timur;Duren Sawit;88.0;0.6;0.6;Tercatat;Coran dan U-ditch, Terbuka dan Tertutup Plat;True;True;0.36;
1442;3389;PDK-1661;Sal. Jl. Swakarsa IB;Kota Adm. Jakarta Timur;Duren Sawit;88.0;0.6;0.6;Tercatat;Coran dan U-ditch, Terbuka dan Tertutup Plat;True;True;0.36;
1443;3390;PDK-1662;Sal. Jl. Janur II;Kota Adm. Jakarta Timur;Duren Sawit;1823.0;0.7;0.8;Tercatat;Coran Batu Kali, Terbuka dan Tertutup Coran;True;True;0.56;
1444;3391;PDK-1663;Sal. Jl. Janur II;Kota Adm. Jakarta Timur;Duren Sawit;1823.0;0.7;0.8;Tercatat;Coran Batu Kali, Terbuka dan Tertutup Coran;True;True;0.56;
1445;3392;PDK-1664;Sal. Jl. Pondok Kelapa 12;Kota Adm. Jakarta Timur;Duren Sawit;733.0;0.6;0.6;Tercatat;U-ditch, Terbuka dan Tertutup Coran;True;True;0.36;
1446;3393;PDK-1665;Sal. Jl. Pondok Kelapa 12;Kota Adm. Jakarta Timur;Duren Sawit;733.0;0.6;0.6;Tercatat;U-ditch, Terbuka dan Tertutup Coran;True;True;0.36;
1090;3037;PDK-7688;Sal. Jl. Pondok Kelapa Raya;Kota Adm. Jakarta Timur;Duren Sawit;1807.0;0.6;0.6;Kewajiban yang sudah diserahkan;U-ditch, Coran Batu Kali, Terbuka & Tertutup Coran;False;True;0.36;status_belum_tercatat
1091;3038;PDK-7690;Sal. Jl. Pondok Kelapa Raya;Kota Adm. Jakarta Timur;Duren Sawit;1807.0;0.6;0.6;Kewajiban yang sudah diserahkan;U-ditch, Coran Batu Kali, Terbuka & Tertutup Coran;False;True;0.36;status_belum_tercatat
1092;3039;PDK-7694;Sal. Jl. Pondok Kelapa Raya;Kota Adm. Jakarta Timur;Duren Sawit;1807.0;0.6;0.6;Kewajiban yang sudah diserahkan;U-ditch, Coran Batu Kali, Terbuka & Tertutup Coran;False;True;0.36;status_belum_tercatat
1093;3040;PDK-7699;Sal. Jl. Pondok Kelapa Raya;Kota Adm. Jakarta Timur;Duren Sawit;1807.0;0.6;0.6;Kewajiban yang sudah diserahkan;U-ditch, Coran Batu Kali, Terbuka & Tertutup Coran;False;True;0.36;status_belum_tercatat
1094;3041;PDK-7702;Sal. Jl. H. Dogon;Kota Adm. Jakarta Timur;Duren Sawit;716.0;0.8;1.2;Tercatat;U-ditch, Terbuka dan Tertutup Coran;True;True;0.96;
1095;3042;PDK-7703;Sal. Jl. H. Dogon;Kota Adm. Jakarta Timur;Duren Sawit;716.0;0.8;1.2;Tercatat;U-ditch, Terbuka dan Tertutup Coran;True;True;0.96;
1096;3043;PDK-7735;Sal. Jl. Pondok Kelapa Timur;Kota Adm. Jakarta Timur;Duren Sawit;559.0;0.6;0.6;Tercatat;Coran Batu Kali & Beton, Terbuka & Tertutup Coran;True;True;0.36;
1097;3044;PDK-7736;Sal. Jl. Pondok Kelapa Timur;Kota Adm. Jakarta Timur;Duren Sawit;130.0;0.6;0.6;Tercatat;Coran Batu Kali & Beton, Terbuka & Tertutup Coran;True;True;0.36;
1098;3045;PDK-7737;Sal. Jl. Pondok Kelapa Timur;Kota Adm. Jakarta Timur;Duren Sawit;130.0;0.6;0.6;Tercatat;Coran Batu Kali & Beton, Terbuka & Tertutup Coran;True;True;0.36;
1099;3046;PDK-7738;Sal. Jl. Pondok Kelapa Timur;Kota Adm. Jakarta Timur;Duren Sawit;559.0;0.6;0.6;Tercatat;Coran Batu Kali & Beton, Terbuka & Tertutup Coran;True;True;0.36;
1100;3047;PDK-7740;Sal. Jl. Pondok Kelapa Timur;Kota Adm. Jakarta Timur;Duren Sawit;96.0;0.6;0.6;Tercatat;Coran Batu Kali & Beton, Terbuka & Tertutup Coran;True;True;0.36;
1101;3048;PDK-7742;Sal. Jl. Pondok Kelapa Timur;Kota Adm. Jakarta Timur;Duren Sawit;49.0;0.6;0.6;Tercatat;Coran Batu Kali & Beton, Terbuka & Tertutup Coran;True;True;0.36;
1102;3049;PDK-7744;Sal. Jl. Pondok Kelapa Timur;Kota Adm. Jakarta Timur;Duren Sawit;60.0;0.6;0.6;Tercatat;Coran Batu Kali & Beton, Terbuka & Tertutup Coran;True;True;0.36;
1103;3050;PDK-7745;Sal. Jl. Pondok Kelapa Timur;Kota Adm. Jakarta Timur;Duren Sawit;23.0;0.6;0.6;Tercatat;Coran Batu Kali & Beton, Terbuka & Tertutup Coran;True;True;0.36;
1357;3304;PKI-3682;Sal. Jl. TPU Malaka;Kota Adm. Jakarta Timur;Duren Sawit;330.0;0.4;0.5;Tercatat;Uditch, Terbuka;True;True;0.2;
1358;3305;PKI-3683;Sal. Jl. TPU Malaka;Kota Adm. Jakarta Timur;Duren Sawit;330.0;0.4;0.5;Tercatat;Uditch, Terbuka;True;True;0.2;
1359;3306;PKI-3684;Sal. Jl. Gemilang;Kota Adm. Jakarta Timur;Duren Sawit;126.0;0.4;0.2;Tercatat;Cor Batu Kali, Tertutup Coran;True;True;0.08;
1360;3307;PKI-3685;Sal. Jl. Rawadas Raya;Kota Adm. Jakarta Timur;Duren Sawit;308.0;0.4;0.4;Tercatat;Uditch,Cor Batu Kali, Terbuka dan Tertutup Coran;True;True;0.16;
1361;3308;PKI-3686;Sal. Jl. Rawadas Raya;Kota Adm. Jakarta Timur;Duren Sawit;308.0;0.4;0.4;Tercatat;Uditch,Cor Batu Kali, Terbuka dan Tertutup Coran;True;True;0.16;
1362;3309;PKI-3687;Sal. Jl. Rawadas;Kota Adm. Jakarta Timur;Duren Sawit;287.0;0.3;0.4;Tercatat;Uditch,Cor Batu Kali, Terbuka dan Tertutup Coran;True;True;0.12;
1363;3310;PKI-3688;Sal. Jl. Rawadas;Kota Adm. Jakarta Timur;Duren Sawit;287.0;0.3;0.4;Tercatat;Uditch,Cor Batu Kali, Terbuka dan Tertutup Coran;True;True;0.12;
1364;3311;PKI-3689;Sal. Jl. Rawadas I;Kota Adm. Jakarta Timur;Duren Sawit;126.0;0.8;0.8;Tercatat;Uditch, Terbuka;True;True;0.64;
1365;3312;PKI-3690;Sal. Jl. Rawadas;Kota Adm. Jakarta Timur;Duren Sawit;287.0;0.3;0.4;Tercatat;Uditch,Cor Batu Kali, Terbuka dan Tertutup Coran;True;True;0.12;
1366;3313;PKI-3691;Sal. Jl. Rawadas;Kota Adm. Jakarta Timur;Duren Sawit;287.0;0.3;0.4;Tercatat;Uditch,Cor Batu Kali, Terbuka dan Tertutup Coran;True;True;0.12;
1367;3314;PKI-3692;Sal. Jl. Arabika Raya;Kota Adm. Jakarta Timur;Duren Sawit;125.0;0.5;0.8;Tercatat;Uditch,Cor Batu Kali, Terbuka dan Tertutup Coran;True;True;0.4;
1368;3315;PKI-3693;Sal. Jl. Arabika Raya;Kota Adm. Jakarta Timur;Duren Sawit;125.0;0.5;0.8;Tercatat;Uditch,Cor Batu Kali, Terbuka dan Tertutup Coran;True;True;0.4;
1369;3316;PKI-3694;Sal. Jl. Arabika I;Kota Adm. Jakarta Timur;Duren Sawit;124.0;0.4;0.4;Tercatat;Uditch,Cor Batu Kali, Terbuka dan Tertutup Coran;True;True;0.16;
1370;3317;PKI-3695;Sal. Jl. Arabika I;Kota Adm. Jakarta Timur;Duren Sawit;124.0;0.4;0.4;Tercatat;Uditch,Cor Batu Kali, Terbuka dan Tertutup Coran;True;True;0.16;
1371;3318;PKI-3696;Sal. Jl. Arabika III;Kota Adm. Jakarta Timur;Duren Sawit;365.0;0.7;0.8;Tercatat;Uditch, Terbuka dan Tertutup Coran;True;True;0.56;
1372;3319;PKI-3697;Sal. Jl. Arabika III;Kota Adm. Jakarta Timur;Duren Sawit;365.0;0.7;0.8;Tercatat;Uditch, Terbuka dan Tertutup Coran;True;True;0.56;
1373;3320;PKI-3698;Sal. Jl. Arabika III;Kota Adm. Jakarta Timur;Duren Sawit;365.0;0.7;0.8;Tercatat;Uditch, Terbuka dan Tertutup Coran;True;True;0.56;
1374;3321;PKI-3699;Sal. Jl. Arabika III;Kota Adm. Jakarta Timur;Duren Sawit;365.0;0.7;0.8;Tercatat;Uditch, Terbuka dan Tertutup Coran;True;True;0.56;
1375;3322;PKI-3700;Sal. Jl. Arabika III;Kota Adm. Jakarta Timur;Duren Sawit;222.0;0.4;0.5;Tercatat;Uditch,Cor Batu Kali, Terbuka dan Tertutup Coran;True;True;0.2;
1376;3323;PKI-3701;Sal. Jl. Arabika III;Kota Adm. Jakarta Timur;Duren Sawit;222.0;0.4;0.5;Tercatat;Uditch,Cor Batu Kali, Terbuka dan Tertutup Coran;True;True;0.2;
1377;3324;PKI-3702;Sal. Jl. Arabika III;Kota Adm. Jakarta Timur;Duren Sawit;78.0;0.5;0.5;Tercatat;Uditch,Cor Batu Kali, Terbuka;True;True;0.25;
1378;3325;PKI-3703;Sal. Jl. Arabika III;Kota Adm. Jakarta Timur;Duren Sawit;78.0;0.5;0.5;Tercatat;Uditch,Cor Batu Kali, Terbuka;True;True;0.25;
1379;3326;PKI-3777;Sal. Jl. Arabika III;Kota Adm. Jakarta Timur;Duren Sawit;66.0;0.5;0.5;Tercatat;Uditch,Cor Batu Kali, Terbuka;True;True;0.25;
1211;3158;PKI-8224;Sal. Jl. Pondok Kopi Raya;Kota Adm. Jakarta Timur;Duren Sawit;1278.0;0.8;1.2;Tercatat;U-ditch, Cor Batu Kali, Terbuka dan Tertutup Coran/Plat;True;True;0.96;
1212;3159;PKI-8225;Sal. Jl. Pondok Kopi Raya;Kota Adm. Jakarta Timur;Duren Sawit;1278.0;0.8;1.2;Tercatat;U-ditch, Cor Batu Kali, Terbuka dan Tertutup Coran/Plat;True;True;0.96;
1213;3160;PKI-8226;Sal. Jl. Pondok Kopi Raya;Kota Adm. Jakarta Timur;Duren Sawit;1278.0;0.8;1.2;Tercatat;U-ditch, Cor Batu Kali, Terbuka dan Tertutup Coran/Plat;True;True;0.96;
1214;3161;PKI-8227;Sal. Jl. Arabika VIII;Kota Adm. Jakarta Timur;Duren Sawit;214.0;1.7;1.5;Tercatat;Coran Batu Kali, Terbuka & Tertutup Coran;True;True;2.55;
1215;3162;PKI-8228;Sal. Jl. Arabika VIII;Kota Adm. Jakarta Timur;Duren Sawit;214.0;1.7;1.5;Tercatat;Coran Batu Kali, Terbuka & Tertutup Coran;True;True;2.55;
1216;3163;PKI-8229;Sal. Jl. Arabika VIII;Kota Adm. Jakarta Timur;Duren Sawit;134.0;0.5;0.5;Tercatat;Coran Batu Kali, Tertutup Coran;True;True;0.25;
1217;3164;PKI-8230;Sal. Jl. Arabika VIII;Kota Adm. Jakarta Timur;Duren Sawit;134.0;0.5;0.5;Tercatat;Coran Batu Kali, Tertutup Coran;True;True;0.25;
1218;3165;PKI-8231;Sal. Jl. Robusta II;Kota Adm. Jakarta Timur;Duren Sawit;148.0;0.3;0.6;Tercatat;Coran Batu Kali, Tertutup Coran;True;True;0.18;
1219;3166;PKI-8232;Sal. Jl. Robusta II;Kota Adm. Jakarta Timur;Duren Sawit;148.0;0.3;0.6;Tercatat;Coran Batu Kali, Tertutup Coran;True;True;0.18;
1220;3167;PKI-8233;Sal. Jl. Liberika;Kota Adm. Jakarta Timur;Duren Sawit;150.0;0.4;0.4;Tercatat;Coran Batu Kali, Terbuka & Tertutup Coran;True;True;0.16;
1221;3168;PKI-8234;Sal. Jl. Liberika;Kota Adm. Jakarta Timur;Duren Sawit;150.0;0.4;0.4;Tercatat;Coran Batu Kali, Terbuka & Tertutup Coran;True;True;0.16;
1222;3169;PKI-8235;Sal. Jl. Robusta Raya;Kota Adm. Jakarta Timur;Duren Sawit;263.0;0.6;0.6;Tercatat;U-ditch, Cor Batu Kali, Tertutup Plat;True;True;0.36;
1223;3170;PKI-8236;Sal. Jl. Robusta Raya;Kota Adm. Jakarta Timur;Duren Sawit;263.0;0.6;0.6;Tercatat;U-ditch, Cor Batu Kali, Tertutup Plat;True;True;0.36;
1224;3171;PKI-8237;Sal. Jl. Robusta Raya;Kota Adm. Jakarta Timur;Duren Sawit;263.0;0.6;0.6;Tercatat;U-ditch, Cor Batu Kali, Tertutup Plat;True;True;0.36;
1225;3172;PKI-8238;Sal. Jl. Robusta Raya;Kota Adm. Jakarta Timur;Duren Sawit;263.0;0.6;0.6;Tercatat;U-ditch, Cor Batu Kali, Tertutup Plat;True;True;0.36;
1226;3173;PKI-8239;Sal. Jl. Malaka Hijau;Kota Adm. Jakarta Timur;Duren Sawit;355.5;0.4;0.7;Tercatat;U-ditch, Cor Batu Kali, Terbuka dan Tertutup Coran;True;True;0.28;
1227;3174;PKI-8240;Sal. Jl. Malaka Hijau;Kota Adm. Jakarta Timur;Duren Sawit;355.5;0.4;0.7;Tercatat;U-ditch, Cor Batu Kali, Terbuka dan Tertutup Coran;True;True;0.28;
1228;3175;PKI-8241;Sal. Jl. Malaka Merah;Kota Adm. Jakarta Timur;Duren Sawit;239.0;0.5;0.3;Tercatat;Coran Batu Kali, Terbuka & Tertutup Coran;True;True;0.15;
1229;3176;PKI-8242;Sal. Jl. Malaka Merah;Kota Adm. Jakarta Timur;Duren Sawit;239.0;0.5;0.3;Tercatat;Coran Batu Kali, Terbuka & Tertutup Coran;True;True;0.15;
1230;3177;PKI-8243;Sal. Jl. Malaka Biru VI;Kota Adm. Jakarta Timur;Duren Sawit;178.0;0.4;0.45;Tercatat;Coran Batu Kali, Terbuka & Tertutup Coran;True;True;0.18;
1231;3178;PKI-8244;Sal. Jl. Malaka Biru VI;Kota Adm. Jakarta Timur;Duren Sawit;178.0;0.4;0.45;Tercatat;Coran Batu Kali, Terbuka & Tertutup Coran;True;True;0.18;
1232;3179;PKI-8245;Sal. Jl. Pondok Kopi VII;Kota Adm. Jakarta Timur;Duren Sawit;201.0;0.6;1.0;Tercatat;Coran Batu Kali, Terbuka & Tertutup Coran;True;True;0.6;
1233;3180;PKI-8246;Sal. Jl. Pondok Kopi VII;Kota Adm. Jakarta Timur;Duren Sawit;201.0;0.6;1.0;Tercatat;Coran Batu Kali, Terbuka & Tertutup Coran;True;True;0.6;
1234;3181;PKI-8247;Sal. Jl. Pondok Kopi VIII;Kota Adm. Jakarta Timur;Duren Sawit;221.5;0.5;0.3;Tercatat;Coran Batu Kali, Terbuka & Tertutup Coran;True;True;0.15;
1235;3182;PKI-8248;Sal. Jl. Pondok Kopi VIII;Kota Adm. Jakarta Timur;Duren Sawit;221.5;0.5;0.3;Tercatat;Coran Batu Kali, Terbuka & Tertutup Coran;True;True;0.15;
1236;3183;PKI-8249;Sal. Jl. Pondok Kopi Timur;Kota Adm. Jakarta Timur;Duren Sawit;353.0;0.6;0.6;Tercatat;U-ditch, Cor Batu Kali, Terbuka dan Tertutup Coran;True;True;0.36;
1237;3184;PKI-8250;Sal. Jl. Pondok Kopi Timur;Kota Adm. Jakarta Timur;Duren Sawit;353.0;0.6;0.6;Tercatat;U-ditch, Cor Batu Kali, Terbuka dan Tertutup Coran;True;True;0.36;
1535;4467;BDC-27065;Sal. Jl. Pedati;Kota Adm. Jakarta Timur;Jatinegara;269.0;0.6;0.6;Tercatat;Cor Beton;True;True;0.36;
1538;4470;BDC-27068;Sal. Jl. Pedati;Kota Adm. Jakarta Timur;Jatinegara;96.0;0.6;0.6;Tercatat;Cor Beton;True;True;0.36;
1539;4471;BDC-27069;Sal. Jl. Gg. Padesin;Kota Adm. Jakarta Timur;Jatinegara;104.0;0.5;0.6;Tercatat;Tidak diketahui;True;True;0.3;
1540;4472;BDC-27070;Sal. Jl. Gg. Padesin;Kota Adm. Jakarta Timur;Jatinegara;104.0;0.5;0.6;Tercatat;Tidak diketahui;True;True;0.3;
1541;4473;BDC-27071;Sal. Jl. Gg. Padesin;Kota Adm. Jakarta Timur;Jatinegara;91.0;0.5;0.6;Tercatat;Tidak diketahui;True;True;0.3;
1542;4474;BDC-27072;Sal. Jl. Gg. Padesin;Kota Adm. Jakarta Timur;Jatinegara;91.0;0.5;0.6;Tercatat;Tidak diketahui;True;True;0.3;
1543;4475;BDC-27073;Sal. Jl. Pedati 1;Kota Adm. Jakarta Timur;Jatinegara;286.0;0.6;0.6;Tercatat;Tidak diketahui;True;True;0.36;
1544;4476;BDC-27074;Sal. Jl. Pedati 1;Kota Adm. Jakarta Timur;Jatinegara;286.0;0.6;0.6;Tercatat;Tidak diketahui;True;True;0.36;
1545;4477;BDC-27075;Sal. Jl. Gg. Taslim Atas;Kota Adm. Jakarta Timur;Jatinegara;103.0;0.4;0.4;Tercatat;Tidak diketahui;True;True;0.16;
1546;4478;BDC-27076;Sal. Jl. Gg. Taslim Atas;Kota Adm. Jakarta Timur;Jatinegara;103.0;0.4;0.4;Tercatat;Tidak diketahui;True;True;0.16;
1547;4479;BDC-27077;Sal. Jl. Gg. Taslim;Kota Adm. Jakarta Timur;Jatinegara;216.0;0.4;0.4;Tercatat;Tidak diketahui;True;True;0.16;
1548;4480;BDC-27078;Sal. Jl. Gg. Taslim;Kota Adm. Jakarta Timur;Jatinegara;216.0;0.4;0.4;Tercatat;Tidak diketahui;True;True;0.16;
1549;4481;BDC-27079;Sal. Jl. H. Yahya;Kota Adm. Jakarta Timur;Jatinegara;157.0;0.6;0.6;Tercatat;Cor Beton;True;True;0.36;
1550;4482;BDC-27080;Sal. Jl. H. Yahya;Kota Adm. Jakarta Timur;Jatinegara;157.0;0.6;0.6;Tercatat;Cor Beton;True;True;0.36;
1551;4483;BDC-27081;Sal. Jl. H. Yahya;Kota Adm. Jakarta Timur;Jatinegara;127.0;0.6;0.6;Tercatat;Cor Beton;True;True;0.36;
1552;4484;BDC-27082;Sal. Jl. H. Yahya;Kota Adm. Jakarta Timur;Jatinegara;127.0;0.6;0.6;Tercatat;Cor Beton;True;True;0.36;
1553;4485;BDC-27083;Sal. Jl. Otista 2;Kota Adm. Jakarta Timur;Jatinegara;83.0;0.5;0.5;Tercatat;Tidak diketahui;True;True;0.25;
1554;4486;BDC-27084;Sal. Jl. Otista 2;Kota Adm. Jakarta Timur;Jatinegara;74.0;0.5;0.5;Tercatat;Tidak diketahui;True;True;0.25;
1555;4487;BDC-27085;Sal. Jl. Otista 2;Kota Adm. Jakarta Timur;Jatinegara;122.0;0.5;0.5;Tercatat;Tidak diketahui;True;True;0.25;
1556;4488;BDC-27086;Sal. Jl. H. Hasbi;Kota Adm. Jakarta Timur;Jatinegara;123.0;0.5;0.5;Tercatat;Tidak diketahui;True;True;0.25;
1557;4489;BDC-27087;Sal. Jl. H. Hasbi;Kota Adm. Jakarta Timur;Jatinegara;120.0;0.5;0.5;Tercatat;Tidak diketahui;True;True;0.25;
1558;4490;BDC-27088;Sal. Jl. H. Hasbi;Kota Adm. Jakarta Timur;Jatinegara;120.0;0.5;0.5;Tercatat;Tidak diketahui;True;True;0.25;
1559;4491;BDC-27089;Sal. Jl. H. Hasbi;Kota Adm. Jakarta Timur;Jatinegara;123.0;0.5;0.5;Tercatat;Tidak diketahui;True;True;0.25;
1560;4492;BDC-27090;Sal. Jl. H. Hasbi;Kota Adm. Jakarta Timur;Jatinegara;120.0;0.5;0.5;Tercatat;Tidak diketahui;True;True;0.25;
1561;4493;BDC-27091;Sal. Jl. Masjid;Kota Adm. Jakarta Timur;Jatinegara;120.0;0.5;0.5;Tercatat;Tidak diketahui;True;True;0.25;
1562;4494;BDC-27092;Sal. Jl. Masjid;Kota Adm. Jakarta Timur;Jatinegara;120.0;0.5;0.5;Tercatat;Tidak diketahui;True;True;0.25;
1563;4495;BDC-27093;Sal. Jl. Masjid;Kota Adm. Jakarta Timur;Jatinegara;115.0;0.5;0.5;Tercatat;Tidak diketahui;True;True;0.25;
1564;4496;BDC-27094;Sal. Jl. Masjid;Kota Adm. Jakarta Timur;Jatinegara;115.0;0.5;0.5;Tercatat;Tidak diketahui;True;True;0.25;
1565;4497;BDC-27095;Sal. Jl. Ayub;Kota Adm. Jakarta Timur;Jatinegara;113.0;0.5;0.5;Tercatat;Cor Beton;True;True;0.25;
1566;4498;BDC-27096;Sal. Jl. Ayub;Kota Adm. Jakarta Timur;Jatinegara;113.0;0.5;0.5;Tercatat;Cor Beton;True;True;0.25;
1567;4499;BDC-27097;Sal. Jl. Ayub;Kota Adm. Jakarta Timur;Jatinegara;139.0;0.5;0.5;Tercatat;Cor Beton;True;True;0.25;
1568;4500;BDC-27098;Sal. Jl. Ayub;Kota Adm. Jakarta Timur;Jatinegara;139.0;0.5;0.5;Tercatat;Cor Beton;True;True;0.25;
1569;4501;BDC-27099;Sal. Jl. Setia;Kota Adm. Jakarta Timur;Jatinegara;260.0;0.5;0.5;Tercatat;Cor Beton;True;True;0.25;
1570;4502;BDC-27100;Sal. Jl. Setia;Kota Adm. Jakarta Timur;Jatinegara;260.0;0.5;0.5;Tercatat;Cor Beton;True;True;0.25;
1571;4503;BDC-27101;Sal. Jl. Kebon Sayur 1;Kota Adm. Jakarta Timur;Jatinegara;383.0;0.5;0.5;Tercatat;Cor Beton;True;True;0.25;
1572;4504;BDC-27102;Sal. Jl. Kebon Sayur 1;Kota Adm. Jakarta Timur;Jatinegara;383.0;0.5;0.5;Tercatat;Cor Beton;True;True;0.25;
1573;4505;BDC-27103;Sal. Jl. Tanjung Lengkong;Kota Adm. Jakarta Timur;Jatinegara;514.0;0.5;0.5;Tercatat;Tidak diketahui;True;True;0.25;
1574;4506;BDC-27104;Sal. Jl. Tanjung Lengkong;Kota Adm. Jakarta Timur;Jatinegara;514.0;0.5;0.5;Tercatat;Tidak diketahui;True;True;0.25;
1575;4507;BDC-27105;Sal. Jl. Tanjung Lengkong;Kota Adm. Jakarta Timur;Jatinegara;225.0;0.5;0.5;Tercatat;Tidak diketahui;True;True;0.25;
1576;4508;BDC-27106;Sal. Jl. Tanjung Lengkong;Kota Adm. Jakarta Timur;Jatinegara;225.0;0.5;0.5;Tercatat;Tidak diketahui;True;True;0.25;
1577;4509;BDC-27107;Sal. Jl. Jambrut;Kota Adm. Jakarta Timur;Jatinegara;150.0;0.5;0.5;Tercatat;Batu Kali;True;True;0.25;
1578;4510;BDC-27108;Sal. Jl. Jambrut;Kota Adm. Jakarta Timur;Jatinegara;150.0;0.5;0.5;Tercatat;Batu Kali;True;True;0.25;
1579;4511;BDC-27109;Sal. Jl. Mutumanikam;Kota Adm. Jakarta Timur;Jatinegara;164.0;0.5;0.5;Tercatat;Batu Kali;True;True;0.25;
1580;4512;BDC-27110;Sal. Jl. Mutumanikam;Kota Adm. Jakarta Timur;Jatinegara;164.0;0.5;0.5;Tercatat;Batu Kali;True;True;0.25;
1581;4513;BDC-27111;Sal. Jl. Berlian;Kota Adm. Jakarta Timur;Jatinegara;342.0;0.5;0.5;Tercatat;Batu Kali;True;True;0.25;
1582;4514;BDC-27112;Sal. Jl. Berlian;Kota Adm. Jakarta Timur;Jatinegara;342.0;0.5;0.5;Tercatat;Batu Kali;True;True;0.25;
1583;4515;BDC-27113;Sal. Jl. Berlian;Kota Adm. Jakarta Timur;Jatinegara;302.0;0.5;0.5;Tercatat;Batu Kali;True;True;0.25;
1584;4516;BDC-27114;Sal. Jl. Berlian;Kota Adm. Jakarta Timur;Jatinegara;302.0;0.5;0.5;Tercatat;Batu Kali;True;True;0.25;
1585;4517;BDC-27115;Sal. Jl. Baiduri Bulan;Kota Adm. Jakarta Timur;Jatinegara;445.0;0.5;0.5;Tercatat;Batu Kali;True;True;0.25;
1586;4518;BDC-27116;Sal. Jl. Baiduri Bulan;Kota Adm. Jakarta Timur;Jatinegara;445.0;0.5;0.5;Tercatat;Batu Kali;True;True;0.25;
1587;4519;BDC-27117;Sal. Jl. Nilam;Kota Adm. Jakarta Timur;Jatinegara;171.0;0.4;0.4;Tercatat;Cor Beton;True;True;0.16;
1588;4520;BDC-27118;Sal. Jl. Nilam;Kota Adm. Jakarta Timur;Jatinegara;177.0;0.4;0.4;Tercatat;Cor Beton;True;True;0.16;
1589;4521;BDC-27119;;Kota Adm. Jakarta Timur;Jatinegara;;;;Tercatat;Tidak diketahui;True;False;;dimensi_tidak_lengkap
1590;4522;BDC-27120;;Kota Adm. Jakarta Timur;Jatinegara;;;;Tercatat;Tidak diketahui;True;False;;dimensi_tidak_lengkap
1591;4523;BDC-27121;;Kota Adm. Jakarta Timur;Jatinegara;;;;Tercatat;Tidak diketahui;True;False;;dimensi_tidak_lengkap
1592;4524;BDC-27122;;Kota Adm. Jakarta Timur;Jatinegara;;;;Tercatat;Tidak diketahui;True;False;;dimensi_tidak_lengkap
1593;4525;BDC-27123;;Kota Adm. Jakarta Timur;Jatinegara;;;;Tercatat;Tidak diketahui;True;False;;dimensi_tidak_lengkap
1594;4526;BDC-27124;;Kota Adm. Jakarta Timur;Jatinegara;;;;Tercatat;Tidak diketahui;True;False;;dimensi_tidak_lengkap
1785;4717;BDC-27522;;Kota Adm. Jakarta Timur;Jatinegara;;;;Tidak diketahui;Tidak diketahui;False;False;;dimensi_tidak_lengkap, status_belum_tercatat
1786;4718;BDC-27523;;Kota Adm. Jakarta Timur;Jatinegara;;;;Tidak diketahui;Tidak diketahui;False;False;;dimensi_tidak_lengkap, status_belum_tercatat
1536;4468;BLM-27066;Sal. Jl. Pedati;Kota Adm. Jakarta Timur;Jatinegara;269.0;0.6;0.6;Tercatat;Cor Beton;True;True;0.36;
1537;4469;BLM-27067;Sal. Jl. Pedati;Kota Adm. Jakarta Timur;Jatinegara;96.0;0.6;0.6;Tercatat;Cor Beton;True;True;0.36;
1839;4771;BLM-27576;Sal. Jl. 40 Barat;Kota Adm. Jakarta Timur;Jatinegara;472.0;1.0;1.0;Tercatat;U-ditch;True;True;1.0;
1840;4772;BLM-27577;Sal. Jl. 40 Barat;Kota Adm. Jakarta Timur;Jatinegara;969.0;0.8;0.8;Tercatat;U-ditch;True;True;0.64;
1841;4773;BLM-27578;Sal. Jl. 40 Timur;Kota Adm. Jakarta Timur;Jatinegara;1045.0;0.8;0.8;Tercatat;U-ditch;True;True;0.64;
1842;4774;BLM-27579;Sal. Jl. Bekasi Barat;Kota Adm. Jakarta Timur;Jatinegara;539.0;1.0;1.0;Tercatat;Tidak diketahui;True;True;1.0;
1843;4775;BLM-27580;Sal. Jl. 40 Timur;Kota Adm. Jakarta Timur;Jatinegara;1045.0;1.0;1.0;Tercatat;U-ditch;True;True;1.0;
1844;4776;BLM-27581;Sal. Jl. Gg. Banten 1;Kota Adm. Jakarta Timur;Jatinegara;206.0;0.5;0.4;Tercatat;Tidak diketahui;True;True;0.2;
1845;4777;BLM-27582;Sal. Jl. Gg. Banten 1;Kota Adm. Jakarta Timur;Jatinegara;206.0;0.5;0.4;Tercatat;Tidak diketahui;True;True;0.2;
1846;4778;BLM-27583;Sal. Jl. Kedoya;Kota Adm. Jakarta Timur;Jatinegara;200.0;0.5;0.4;Tercatat;U-ditch;True;True;0.2;
1847;4779;BLM-27584;Sal. Jl. Kedoya;Kota Adm. Jakarta Timur;Jatinegara;200.0;0.8;1.5;Tercatat;Cor Beton;True;True;1.2;
1848;4780;BLM-27585;Sal. Jl. 40 Barat 1;Kota Adm. Jakarta Timur;Jatinegara;163.0;0.6;0.6;Tercatat;U-ditch;True;True;0.36;
1849;4781;BLM-27586;Sal. Jl. 40 Barat 1;Kota Adm. Jakarta Timur;Jatinegara;163.0;0.6;0.6;Tercatat;U-ditch;True;True;0.36;
1850;4782;BLM-27587;Sal. Jl. 40 Barat 1;Kota Adm. Jakarta Timur;Jatinegara;169.0;0.6;0.6;Tercatat;U-ditch;True;True;0.36;
1851;4783;BLM-27588;Sal. Jl. 40 Barat 1;Kota Adm. Jakarta Timur;Jatinegara;169.0;0.6;0.6;Tercatat;U-ditch;True;True;0.36;
1852;4784;BLM-27589;Sal. Jl. 40 Barat 2;Kota Adm. Jakarta Timur;Jatinegara;168.0;0.6;0.6;Tercatat;U-ditch;True;True;0.36;
1853;4785;BLM-27590;Sal. Jl. 40 Barat 2;Kota Adm. Jakarta Timur;Jatinegara;168.0;0.6;0.6;Tercatat;U-ditch;True;True;0.36;
1854;4786;BLM-27591;Sal. Jl. 40 Barat 2;Kota Adm. Jakarta Timur;Jatinegara;158.0;0.6;0.6;Tercatat;U-ditch;True;True;0.36;
1855;4787;BLM-27592;Sal. Jl. 40 Barat 2;Kota Adm. Jakarta Timur;Jatinegara;158.0;0.6;0.6;Tercatat;U-ditch;True;True;0.36;
1856;4788;BLM-27593;Sal. Jl. 40 Barat 3;Kota Adm. Jakarta Timur;Jatinegara;141.0;0.6;0.6;Tercatat;Cor Beton;True;True;0.36;
1857;4789;BLM-27594;Sal. Jl. 40 Barat 3;Kota Adm. Jakarta Timur;Jatinegara;141.0;0.6;0.6;Tercatat;Cor Beton;True;True;0.36;
1858;4790;BLM-27595;Sal. Jl. 40 Barat 3;Kota Adm. Jakarta Timur;Jatinegara;131.0;0.6;0.6;Tercatat;Cor Beton;True;True;0.36;
1859;4791;BLM-27596;Sal. Jl. 40 Barat 3;Kota Adm. Jakarta Timur;Jatinegara;131.0;0.6;0.6;Tercatat;Cor Beton;True;True;0.36;
1860;4792;BLM-27597;Sal. Jl. 40 Barat 4;Kota Adm. Jakarta Timur;Jatinegara;114.0;0.6;0.6;Tercatat;U-ditch;True;True;0.36;
1861;4793;BLM-27598;Sal. Jl. 40 Barat 4;Kota Adm. Jakarta Timur;Jatinegara;114.0;0.6;0.6;Tercatat;U-ditch;True;True;0.36;
1862;4794;BLM-27599;Sal. Jl. 40 Barat 4;Kota Adm. Jakarta Timur;Jatinegara;109.0;0.6;0.6;Tercatat;U-ditch;True;True;0.36;
1863;4795;BLM-27600;Sal. Jl. 40 Barat 4;Kota Adm. Jakarta Timur;Jatinegara;109.0;0.6;0.6;Tercatat;U-ditch;True;True;0.36;
1597;4529;CBS-27127;Sal. Jl. Jenderal Basuki Rachmat;Kota Adm. Jakarta Timur;Jatinegara;759.0;0.8;1.0;Tercatat;Tidak diketahui;True;True;0.8;
1598;4530;CBS-27128;Sal. Jl. Jenderal Basuki Rachmat;Kota Adm. Jakarta Timur;Jatinegara;759.0;0.8;1.0;Tercatat;Tidak diketahui;True;True;0.8;
1599;4531;CBS-27129;Sal. Jl. Cipinang Jaya DD;Kota Adm. Jakarta Timur;Jatinegara;344.0;0.6;0.6;Tercatat;Tidak diketahui;True;True;0.36;
1600;4532;CBS-27130;Sal. Jl. Cipinang Jaya DD;Kota Adm. Jakarta Timur;Jatinegara;344.0;0.6;0.6;Tercatat;Tidak diketahui;True;True;0.36;
1601;4533;CBS-27131;Sal. Jl. Cipinang Jaya 2;Kota Adm. Jakarta Timur;Jatinegara;250.0;0.6;0.6;Tercatat;Tidak diketahui;True;True;0.36;
1602;4534;CBS-27132;Sal. Jl. Cipinang Jaya 2;Kota Adm. Jakarta Timur;Jatinegara;250.0;0.6;0.6;Tercatat;Tidak diketahui;True;True;0.36;
1603;4535;CBS-27133;Sal. Jl. Cipinang Jaya JJ;Kota Adm. Jakarta Timur;Jatinegara;127.0;0.8;1.0;Tercatat;Tidak diketahui;True;True;0.8;
1604;4536;CBS-27134;Sal. Jl. Cipinang Jaya JJ;Kota Adm. Jakarta Timur;Jatinegara;127.0;0.8;1.0;Tercatat;Tidak diketahui;True;True;0.8;
1605;4537;CBS-27135;Sal. Jl. Cipinang Jaya HH;Kota Adm. Jakarta Timur;Jatinegara;126.0;0.8;1.0;Tercatat;Tidak diketahui;True;True;0.8;
1606;4538;CBS-27136;Sal. Jl. Cipinang Jaya HH;Kota Adm. Jakarta Timur;Jatinegara;126.0;0.8;1.0;Tercatat;Tidak diketahui;True;True;0.8;
1607;4539;CBS-27137;Sal. Jl. Cipinang Jaya KK;Kota Adm. Jakarta Timur;Jatinegara;115.0;0.6;0.6;Tercatat;Tidak diketahui;True;True;0.36;
1608;4540;CBS-27138;Sal. Jl. Cipinang Jaya KK;Kota Adm. Jakarta Timur;Jatinegara;115.0;0.6;0.6;Tercatat;Tidak diketahui;True;True;0.36;
1609;4541;CBS-27139;Sal. Jl. Cipinang Jaya KK;Kota Adm. Jakarta Timur;Jatinegara;251.0;0.6;0.6;Tercatat;Tidak diketahui;True;True;0.36;
1610;4542;CBS-27140;Sal. Jl. Cipinang Jaya KK;Kota Adm. Jakarta Timur;Jatinegara;251.0;0.6;0.6;Tercatat;Tidak diketahui;True;True;0.36;
1611;4543;CBS-27141;Sal. Jl. Cipinang Jaya MM;Kota Adm. Jakarta Timur;Jatinegara;111.0;0.6;0.6;Tercatat;Tidak diketahui;True;True;0.36;
1612;4544;CBS-27142;Sal. Jl. Cipinang Jaya MM;Kota Adm. Jakarta Timur;Jatinegara;111.0;0.6;0.6;Tercatat;Tidak diketahui;True;True;0.36;
1613;4545;CBS-27143;Sal. Jl. Cipinang Jaya NN;Kota Adm. Jakarta Timur;Jatinegara;114.0;0.4;0.4;Tercatat;Tidak diketahui;True;True;0.16;
1614;4546;CBS-27144;Sal. Jl. Cipinang Jaya NN;Kota Adm. Jakarta Timur;Jatinegara;114.0;0.4;0.4;Tercatat;Tidak diketahui;True;True;0.16;
1615;4547;CBS-27145;Sal. Jl. Kebon Nanas;Kota Adm. Jakarta Timur;Jatinegara;296.0;0.5;0.5;Tercatat;Tidak diketahui;True;True;0.25;
1616;4548;CBS-27146;Sal. Jl. Kebon Nanas;Kota Adm. Jakarta Timur;Jatinegara;296.0;0.5;0.5;Tercatat;Tidak diketahui;True;True;0.25;
1617;4549;CBS-27147;Sal. Jl. Ipin Lingkungan;Kota Adm. Jakarta Timur;Jatinegara;382.0;0.5;0.5;Tercatat;Tidak diketahui;True;True;0.25;
1618;4550;CBS-27148;Sal. Jl. Ipin Lingkungan;Kota Adm. Jakarta Timur;Jatinegara;382.0;0.5;0.5;Tercatat;Tidak diketahui;True;True;0.25;
1619;4551;CBS-27149;Sal. Jl. Cipinang Galur;Kota Adm. Jakarta Timur;Jatinegara;114.0;0.4;0.6;Tercatat;Tidak diketahui;True;True;0.24;
1620;4552;CBS-27150;Sal. Jl. Cipinang Galur;Kota Adm. Jakarta Timur;Jatinegara;114.0;0.4;0.6;Tercatat;Tidak diketahui;True;True;0.24;
1621;4553;CBS-27151;Sal. Jl. Panca Warga 3;Kota Adm. Jakarta Timur;Jatinegara;334.0;0.5;0.5;Tercatat;Tidak diketahui;True;True;0.25;
1622;4554;CBS-27152;Sal. Jl. Panca Warga 3;Kota Adm. Jakarta Timur;Jatinegara;334.0;0.5;0.5;Tercatat;Tidak diketahui;True;True;0.25;
1623;4555;CBS-27153;Sal. Jl. Panca Warga 2;Kota Adm. Jakarta Timur;Jatinegara;376.0;0.4;0.5;Tercatat;Tidak diketahui;True;True;0.2;
1624;4556;CBS-27154;Sal. Jl. Panca Warga 2;Kota Adm. Jakarta Timur;Jatinegara;376.0;0.4;0.5;Tercatat;Tidak diketahui;True;True;0.2;
1625;4557;CBS-27155;Sal. Jl. Gg. Panca Warga 2;Kota Adm. Jakarta Timur;Jatinegara;130.0;0.5;0.5;Tercatat;Tidak diketahui;True;True;0.25;
1626;4558;CBS-27156;Sal. Jl. Gg. PancaWarga 2;Kota Adm. Jakarta Timur;Jatinegara;130.0;0.5;0.5;Tercatat;Tidak diketahui;True;True;0.25;
1627;4559;CBS-27157;Sal. Jl. Panca Warga 1;Kota Adm. Jakarta Timur;Jatinegara;860.0;0.5;0.5;Tercatat;Tidak diketahui;True;True;0.25;
1628;4560;CBS-27158;Sal. Jl. Panca Warga 1;Kota Adm. Jakarta Timur;Jatinegara;860.0;0.5;0.5;Tercatat;Tidak diketahui;True;True;0.25;
1629;4561;CBS-27159;Sal. Jl. Panca Warga 16;Kota Adm. Jakarta Timur;Jatinegara;241.0;0.5;0.5;Tercatat;Tidak diketahui;True;True;0.25;
1630;4562;CBS-27160;Sal. Jl. Panca Warga 16;Kota Adm. Jakarta Timur;Jatinegara;241.0;0.5;0.5;Tercatat;Tidak diketahui;True;True;0.25;
1631;4563;CBS-27161;Sal. Jl. Cipinang Jaya 1;Kota Adm. Jakarta Timur;Jatinegara;1032.0;0.6;0.6;Tercatat;Tidak diketahui;True;True;0.36;
1632;4564;CBS-27162;Sal. Jl. Cipinang Jaya 1;Kota Adm. Jakarta Timur;Jatinegara;1032.0;0.6;0.6;Tercatat;Tidak diketahui;True;True;0.36;
1633;4565;CBS-27163;Sal. Jl. Antariksa;Kota Adm. Jakarta Timur;Jatinegara;208.0;0.4;0.4;Tercatat;Cor Beton;True;True;0.16;
1634;4566;CBS-27164;Sal. Jl. Antariksa;Kota Adm. Jakarta Timur;Jatinegara;208.0;0.4;0.4;Tercatat;Cor Beton;True;True;0.16;
1639;4571;CBS-27267;Sal. Jl. Cipinang Jaya Raya;Kota Adm. Jakarta Timur;Jatinegara;1099.0;0.6;0.6;Tercatat;Tidak diketahui;True;True;0.36;
1864;4796;CBU-27601;Sal. Jl. Bekasi Timur Raya;Kota Adm. Jakarta Timur;Jatinegara;783.0;0.6;0.6;Tercatat;Tidak diketahui;True;True;0.36;
1865;4797;CBU-27602;Sal. Jl. Cipinang Pulo Maja;Kota Adm. Jakarta Timur;Jatinegara;408.0;0.6;0.6;Tercatat;Tidak diketahui;True;True;0.36;
1866;4798;CBU-27603;Sal. Jl. Cipinang Pulo Maja;Kota Adm. Jakarta Timur;Jatinegara;408.0;0.6;0.6;Tercatat;Tidak diketahui;True;True;0.36;
1867;4799;CBU-27604;Sal. Jl. Cipinang Pulo Maja;Kota Adm. Jakarta Timur;Jatinegara;248.0;0.6;0.6;Tercatat;Tidak diketahui;True;True;0.36;
1868;4800;CBU-27605;Sal. Jl. Cipinang Pulo Maja;Kota Adm. Jakarta Timur;Jatinegara;248.0;0.6;0.6;Tercatat;Tidak diketahui;True;True;0.36;
1869;4801;CBU-27606;Sal. Jl. Cipinang Pulo Maja;Kota Adm. Jakarta Timur;Jatinegara;292.0;0.6;0.6;Tercatat;Tidak diketahui;True;True;0.36;
1870;4802;CBU-27607;Sal. Jl. Cipinang Pulo Maja;Kota Adm. Jakarta Timur;Jatinegara;385.0;0.6;0.6;Tercatat;Tidak diketahui;True;True;0.36;
1871;4803;CBU-27608;Sal. Jl. Cipinang Pulo Maja;Kota Adm. Jakarta Timur;Jatinegara;119.0;0.6;0.6;Tercatat;Tidak diketahui;True;True;0.36;
1872;4804;CBU-27610;Sal. Jl. Prumpung Tengah;Kota Adm. Jakarta Timur;Jatinegara;513.0;0.6;0.8;Tercatat;Tidak diketahui;True;True;0.48;
1873;4805;CBU-27611;Sal. Jl. Prumpung Tengah;Kota Adm. Jakarta Timur;Jatinegara;513.0;0.6;0.8;Tercatat;Tidak diketahui;True;True;0.48;
1874;4806;CBU-27612;Sal. Jl. Cipinang Pulo;Kota Adm. Jakarta Timur;Jatinegara;430.0;0.6;0.6;Tercatat;Tidak diketahui;True;True;0.36;
1875;4807;CBU-27613;Sal. Jl. Cipinang Pulo;Kota Adm. Jakarta Timur;Jatinegara;430.0;0.6;0.6;Tercatat;Tidak diketahui;True;True;0.36;
1876;4808;CBU-27614;Sal. Jl. Cipinang Pulo;Kota Adm. Jakarta Timur;Jatinegara;227.0;0.6;0.6;Tercatat;Tidak diketahui;True;True;0.36;
1877;4809;CBU-27615;Sal. Jl. Gang Remaja 6;Kota Adm. Jakarta Timur;Jatinegara;30.0;0.4;0.6;Tercatat;Tidak diketahui;True;True;0.24;
1878;4810;CBU-27616;Sal. Jl. Gang Remaja 6;Kota Adm. Jakarta Timur;Jatinegara;30.0;0.4;0.6;Tercatat;Tidak diketahui;True;True;0.24;
1879;4811;CBU-27617;Sal. Jl. Prumpung Sawah;Kota Adm. Jakarta Timur;Jatinegara;92.0;0.5;0.5;Tercatat;Tidak diketahui;True;True;0.25;
1880;4812;CBU-27618;Sal. Jl. Prumpung Sawah;Kota Adm. Jakarta Timur;Jatinegara;92.0;0.5;0.5;Tercatat;Tidak diketahui;True;True;0.25;
1881;4813;CBU-27619;Sal. Jl. Bekasi Timur IV;Kota Adm. Jakarta Timur;Jatinegara;113.0;0.6;0.4;Tercatat;Tidak diketahui;True;True;0.24;
1882;4814;CBU-27620;Sal. Jl. Bekasi Timur IV;Kota Adm. Jakarta Timur;Jatinegara;113.0;0.6;0.4;Tercatat;Tidak diketahui;True;True;0.24;
1883;4815;CBU-27621;Sal. Jl. Bekasi Timur IV;Kota Adm. Jakarta Timur;Jatinegara;180.0;0.5;0.4;Tercatat;Tidak diketahui;True;True;0.2;
1884;4816;CBU-27622;Sal. Jl. Bekasi Timur IV;Kota Adm. Jakarta Timur;Jatinegara;180.0;0.5;0.4;Tercatat;Tidak diketahui;True;True;0.2;
1885;4817;CBU-27623;Sal. Jl. Prumpung Timur;Kota Adm. Jakarta Timur;Jatinegara;238.0;0.6;0.6;Tercatat;Tidak diketahui;True;True;0.36;
1886;4818;CBU-27624;Sal. Jl. Prumpung Timur;Kota Adm. Jakarta Timur;Jatinegara;238.0;0.6;0.6;Tercatat;Tidak diketahui;True;True;0.36;
1887;4819;CBU-27625;Sal. Jl. Bekasi Timur V;Kota Adm. Jakarta Timur;Jatinegara;289.0;0.6;0.6;Tercatat;Tidak diketahui;True;True;0.36;
1888;4820;CBU-27626;Sal. Jl. Bekasi Timur V;Kota Adm. Jakarta Timur;Jatinegara;289.0;0.6;0.6;Tercatat;Tidak diketahui;True;True;0.36;
1889;4821;CBU-27627;Sal. Jl. Bekasi Timur V;Kota Adm. Jakarta Timur;Jatinegara;209.0;0.6;0.6;Tercatat;Tidak diketahui;True;True;0.36;
1890;4822;CBU-27628;Sal. Jl. Bekasi Timur V;Kota Adm. Jakarta Timur;Jatinegara;209.0;0.6;0.6;Tercatat;Tidak diketahui;True;True;0.36;
1891;4823;CBU-27629;Sal. Jl. Cipinang Pulo;Kota Adm. Jakarta Timur;Jatinegara;227.0;0.6;0.6;Tercatat;Tidak diketahui;True;True;0.36;
1892;4824;CBU-27630;Sal. Jl. Cipinang Pulo;Kota Adm. Jakarta Timur;Jatinegara;68.0;0.6;0.6;Tercatat;Tidak diketahui;True;True;0.36;
1893;4825;CBU-27631;Sal. Jl. Cipinang Pulo;Kota Adm. Jakarta Timur;Jatinegara;68.0;0.6;0.6;Tercatat;Tidak diketahui;True;True;0.36;
1635;4567;CMR-27263;Sal. Jl. Cipinang Lontar;Kota Adm. Jakarta Timur;Jatinegara;526.0;0.7;0.7;Tercatat;Tidak diketahui;True;True;0.49;
1636;4568;CMR-27264;Sal. Jl. Cipinang Lontar;Kota Adm. Jakarta Timur;Jatinegara;526.0;0.7;0.7;Tercatat;Tidak diketahui;True;True;0.49;
1637;4569;CMR-27265;Sal. Jl. Cipinang Lontar;Kota Adm. Jakarta Timur;Jatinegara;42.0;0.7;0.7;Tercatat;Tidak diketahui;True;True;0.49;
1638;4570;CMR-27266;Sal. Jl. Cipinang Lontar;Kota Adm. Jakarta Timur;Jatinegara;42.0;0.7;0.7;Tercatat;Tidak diketahui;True;True;0.49;
1640;4572;CMR-27268;Sal. Jl. Mulya Jaya;Kota Adm. Jakarta Timur;Jatinegara;536.0;0.8;0.8;Tercatat;Tidak diketahui;True;True;0.64;
1641;4573;CMR-27269;Sal. Jl. Cipinang Jaya Raya;Kota Adm. Jakarta Timur;Jatinegara;38.0;0.6;0.6;Tercatat;Tidak diketahui;True;True;0.36;
1642;4574;CMR-27270;Sal. Jl. Mulya Jaya;Kota Adm. Jakarta Timur;Jatinegara;536.0;0.8;0.8;Tercatat;Tidak diketahui;True;True;0.64;
1643;4575;CMR-27271;Sal. Jl. Taman Cipinang;Kota Adm. Jakarta Timur;Jatinegara;201.0;0.6;0.6;Tercatat;Tidak diketahui;True;True;0.36;
1644;4576;CMR-27272;Sal. Jl. Taman Cipinang;Kota Adm. Jakarta Timur;Jatinegara;201.0;0.6;0.6;Tercatat;Tidak diketahui;True;True;0.36;
1645;4577;CMR-27273;Sal. Jl. Cipinang Jaya Raya;Kota Adm. Jakarta Timur;Jatinegara;343.0;0.6;0.6;Tercatat;Tidak diketahui;True;True;0.36;
1646;4578;CMR-27274;Sal. Jl. Cipinang Lontar Indah;Kota Adm. Jakarta Timur;Jatinegara;140.0;0.5;0.5;Tercatat;Tidak diketahui;True;True;0.25;
1647;4579;CMR-27275;Sal. Jl. Cipinang Lontar Indah;Kota Adm. Jakarta Timur;Jatinegara;140.0;0.5;0.5;Tercatat;Tidak diketahui;True;True;0.25;
1648;4580;CMR-27276;Sal. Jl. Cipinang Lontar Indah;Kota Adm. Jakarta Timur;Jatinegara;306.0;0.5;0.5;Tercatat;Tidak diketahui;True;True;0.25;
1649;4581;CMR-27277;Sal. Jl. Cipinang Lontar Indah;Kota Adm. Jakarta Timur;Jatinegara;198.0;0.5;0.5;Tercatat;Tidak diketahui;True;True;0.25;
1650;4582;CMR-27278;Sal. Jl. Cipinang Lontar Indah;Kota Adm. Jakarta Timur;Jatinegara;198.0;0.5;0.5;Tercatat;Tidak diketahui;True;True;0.25;
1651;4583;CMR-27279;Sal. Jl. Cipinang Lontar Indah;Kota Adm. Jakarta Timur;Jatinegara;95.0;0.5;0.5;Tercatat;Tidak diketahui;True;True;0.25;
1652;4584;CMR-27280;Sal. Jl. Cipinang Lontar Indah;Kota Adm. Jakarta Timur;Jatinegara;95.0;0.5;0.5;Tercatat;Tidak diketahui;True;True;0.25;
1653;4585;CMR-27281;Sal. Jl. Cipinang Lontar Indah;Kota Adm. Jakarta Timur;Jatinegara;83.0;0.5;0.5;Tercatat;Tidak diketahui;True;True;0.25;
1654;4586;CMR-27282;Sal. Jl. Cipinang Lontar Indah;Kota Adm. Jakarta Timur;Jatinegara;83.0;0.5;0.5;Tercatat;Tidak diketahui;True;True;0.25;
1655;4587;CMR-27283;Sal. Jl. BB;Kota Adm. Jakarta Timur;Jatinegara;281.0;0.5;0.5;Tercatat;Tidak diketahui;True;True;0.25;
1656;4588;CMR-27284;Sal. Jl. BB;Kota Adm. Jakarta Timur;Jatinegara;281.0;0.5;0.5;Tercatat;Tidak diketahui;True;True;0.25;
1657;4589;CMR-27285;Sal. Jl. BB;Kota Adm. Jakarta Timur;Jatinegara;342.0;0.5;0.5;Tercatat;Tidak diketahui;True;True;0.25;
1658;4590;CMR-27286;Sal. Jl. BB;Kota Adm. Jakarta Timur;Jatinegara;342.0;0.5;0.5;Tercatat;Tidak diketahui;True;True;0.25;
1659;4591;CMR-27287;Sal. Jl. Cipinang Muara Raya;Kota Adm. Jakarta Timur;Jatinegara;744.0;0.6;0.6;Tercatat;Tidak diketahui;True;True;0.36;
1660;4592;CMR-27288;Sal. Jl. Cipinang Muara Raya;Kota Adm. Jakarta Timur;Jatinegara;744.0;0.6;0.6;Tercatat;Tidak diketahui;True;True;0.36;
1661;4593;CMR-27289;Sal. Jl. Cipinang Muara Raya;Kota Adm. Jakarta Timur;Jatinegara;547.0;0.6;0.6;Tercatat;Tidak diketahui;True;True;0.36;
1662;4594;CMR-27290;Sal. Jl. Cipinang Muara 2;Kota Adm. Jakarta Timur;Jatinegara;490.0;0.5;0.5;Tercatat;Tidak diketahui;True;True;0.25;
1663;4595;CMR-27291;Sal. Jl. Al Marzukiyah;Kota Adm. Jakarta Timur;Jatinegara;311.0;0.5;0.5;Tercatat;Cor Beton;True;True;0.25;
1664;4596;CMR-27292;Sal. Jl. Al Marzukiyah;Kota Adm. Jakarta Timur;Jatinegara;311.0;0.5;0.5;Tercatat;Cor Beton;True;True;0.25;
1665;4597;CMR-27293;Sal. Jl. L;Kota Adm. Jakarta Timur;Jatinegara;129.0;0.5;0.5;Tercatat;Cor Beton;True;True;0.25;
1666;4598;CMR-27294;Sal. Jl. L;Kota Adm. Jakarta Timur;Jatinegara;129.0;0.5;0.5;Tercatat;Cor Beton;True;True;0.25;
1667;4599;CMR-27295;Sal. Jl. L;Kota Adm. Jakarta Timur;Jatinegara;138.0;0.5;0.5;Tercatat;Cor Beton;True;True;0.25;
1668;4600;CMR-27296;Sal. Jl. L;Kota Adm. Jakarta Timur;Jatinegara;138.0;0.5;0.5;Tercatat;Cor Beton;True;True;0.25;
1669;4601;CMR-27297;Sal. Jl. Cipinang Muara 2;Kota Adm. Jakarta Timur;Jatinegara;262.0;0.5;0.5;Tercatat;Tidak diketahui;True;True;0.25;
1670;4602;CMR-27298;Sal. Jl. Cipinang Muara 2;Kota Adm. Jakarta Timur;Jatinegara;96.0;0.5;0.5;Tercatat;Tidak diketahui;True;True;0.25;
1671;4603;CMR-27299;Sal. Jl. K;Kota Adm. Jakarta Timur;Jatinegara;354.0;0.5;0.5;Tercatat;Cor Beton;True;True;0.25;
1672;4604;CMR-27300;Sal. Jl. K;Kota Adm. Jakarta Timur;Jatinegara;354.0;0.5;0.5;Tercatat;Cor Beton;True;True;0.25;
1673;4605;CMR-27301;Sal. Jl. K;Kota Adm. Jakarta Timur;Jatinegara;14.0;0.5;0.5;Tercatat;Cor Beton;True;True;0.25;
1674;4606;CMR-27302;Sal. Jl. K;Kota Adm. Jakarta Timur;Jatinegara;14.0;0.5;0.5;Tercatat;Cor Beton;True;True;0.25;
1675;4607;CMR-27303;Sal. Jl. Cipinang Muara 3;Kota Adm. Jakarta Timur;Jatinegara;78.0;0.5;0.5;Tercatat;Tidak diketahui;True;True;0.25;
1676;4608;CMR-27304;Sal. Jl. Cipinang Muara 3;Kota Adm. Jakarta Timur;Jatinegara;522.0;0.5;0.5;Tercatat;Tidak diketahui;True;True;0.25;
1677;4609;CMR-27305;Sal. Jl. BB 1;Kota Adm. Jakarta Timur;Jatinegara;285.0;0.5;0.5;Tercatat;Tidak diketahui;True;True;0.25;
1678;4610;CMR-27306;Sal. Jl. Gg. Perjuangan 1;Kota Adm. Jakarta Timur;Jatinegara;192.0;1.0;1.7;Tercatat;Tidak diketahui;True;True;1.7;
1679;4611;CMR-27307;Sal. Jl. Komplek PLN;Kota Adm. Jakarta Timur;Jatinegara;215.0;0.5;0.5;Tercatat;Tidak diketahui;True;True;0.25;
1680;4612;CMR-27308;Sal. Jl. Komplek PLN;Kota Adm. Jakarta Timur;Jatinegara;215.0;0.5;0.5;Tercatat;Tidak diketahui;True;True;0.25;
1681;4613;CMR-27309;Sal. Jl. Komplek PLN;Kota Adm. Jakarta Timur;Jatinegara;164.0;0.5;0.5;Tercatat;Tidak diketahui;True;True;0.25;
1682;4614;CMR-27310;Sal. Jl. Komplek PLN;Kota Adm. Jakarta Timur;Jatinegara;164.0;0.5;0.5;Tercatat;Tidak diketahui;True;True;0.25;
1683;4615;CMR-27311;Sal. Jl. Komplek PLN;Kota Adm. Jakarta Timur;Jatinegara;53.0;0.5;0.5;Tercatat;Tidak diketahui;True;True;0.25;
1684;4616;CMR-27312;Sal. Jl. Komplek PLN;Kota Adm. Jakarta Timur;Jatinegara;53.0;0.5;0.5;Tercatat;Tidak diketahui;True;True;0.25;
1685;4617;CMR-27313;Sal. Jl. Komplek PLN;Kota Adm. Jakarta Timur;Jatinegara;80.0;0.5;0.5;Tercatat;Tidak diketahui;True;True;0.25;
1686;4618;CMR-27314;Sal. Jl. Komplek PLN;Kota Adm. Jakarta Timur;Jatinegara;80.0;0.5;0.5;Tercatat;Tidak diketahui;True;True;0.25;
1687;4619;CMR-27315;Sal. Jl. Komplek PLN;Kota Adm. Jakarta Timur;Jatinegara;45.0;0.5;0.5;Tercatat;Tidak diketahui;True;True;0.25;
1688;4620;CMR-27316;Sal. Jl. Komplek PLN;Kota Adm. Jakarta Timur;Jatinegara;32.0;0.5;0.5;Tercatat;Tidak diketahui;True;True;0.25;
1689;4621;CMR-27317;Sal. Jl. Komplek PLN;Kota Adm. Jakarta Timur;Jatinegara;32.0;0.5;0.5;Tercatat;Tidak diketahui;True;True;0.25;
1690;4622;CMR-27318;Sal. Jl. Y;Kota Adm. Jakarta Timur;Jatinegara;61.0;0.5;0.5;Tercatat;Cor Beton;True;True;0.25;
1691;4623;CMR-27319;Sal. Jl. Y;Kota Adm. Jakarta Timur;Jatinegara;61.0;0.5;0.5;Tercatat;Cor Beton;True;True;0.25;
1692;4624;CMR-27320;Sal. Jl. Y;Kota Adm. Jakarta Timur;Jatinegara;198.0;0.5;0.5;Tercatat;Cor Beton;True;True;0.25;
1693;4625;CMR-27321;Sal. Jl. Y;Kota Adm. Jakarta Timur;Jatinegara;198.0;0.5;0.5;Tercatat;Cor Beton;True;True;0.25;
1694;4626;CMR-27322;Sal. Jl. Pembina;Kota Adm. Jakarta Timur;Jatinegara;87.0;0.5;0.5;Tercatat;Tidak diketahui;True;True;0.25;
1695;4627;CMR-27323;Sal. Jl. Pembina;Kota Adm. Jakarta Timur;Jatinegara;87.0;0.5;0.5;Tercatat;Tidak diketahui;True;True;0.25;
1696;4628;CMR-27324;Sal. Jl. Sadar;Kota Adm. Jakarta Timur;Jatinegara;122.0;0.5;0.5;Tercatat;Tidak diketahui;True;True;0.25;
1697;4629;CMR-27325;Sal. Jl. Sadar;Kota Adm. Jakarta Timur;Jatinegara;122.0;0.5;0.5;Tercatat;Tidak diketahui;True;True;0.25;
1698;4630;CMR-27326;Sal. Jl. Sadar;Kota Adm. Jakarta Timur;Jatinegara;206.0;0.5;0.5;Tercatat;Tidak diketahui;True;True;0.25;
1699;4631;CMR-27327;Sal. Jl. Sadar;Kota Adm. Jakarta Timur;Jatinegara;206.0;0.5;0.5;Tercatat;Tidak diketahui;True;True;0.25;
1700;4632;CMR-27328;Sal. Jl. Perintis;Kota Adm. Jakarta Timur;Jatinegara;127.0;0.5;0.5;Tercatat;Tidak diketahui;True;True;0.25;
1701;4633;CMR-27329;Sal. Jl. Perintis;Kota Adm. Jakarta Timur;Jatinegara;127.0;0.5;0.5;Tercatat;Tidak diketahui;True;True;0.25;
1702;4634;CMR-27330;Sal. Jl. A;Kota Adm. Jakarta Timur;Jatinegara;269.0;0.8;0.8;Tercatat;Tidak diketahui;True;True;0.64;
1703;4635;CMR-27331;Sal. Jl. A;Kota Adm. Jakarta Timur;Jatinegara;269.0;0.8;0.8;Tercatat;Tidak diketahui;True;True;0.64;
1704;4636;CMR-27332;Sal. Jl. Media Massa;Kota Adm. Jakarta Timur;Jatinegara;472.0;0.6;0.6;Tercatat;Tidak diketahui;True;True;0.36;
1705;4637;CMR-27333;Sal. Jl. Media Massa;Kota Adm. Jakarta Timur;Jatinegara;472.0;0.6;0.6;Tercatat;Tidak diketahui;True;True;0.36;
1706;4638;CMR-27334;Sal. Jl. F;Kota Adm. Jakarta Timur;Jatinegara;76.0;0.5;0.5;Tercatat;Tidak diketahui;True;True;0.25;
1707;4639;CMR-27335;Sal. Jl. F;Kota Adm. Jakarta Timur;Jatinegara;76.0;0.5;0.5;Tercatat;Tidak diketahui;True;True;0.25;
1708;4640;CMR-27336;Sal. Jl. F;Kota Adm. Jakarta Timur;Jatinegara;67.0;0.5;0.5;Tercatat;Tidak diketahui;True;True;0.25;
1709;4641;CMR-27337;Sal. Jl. F;Kota Adm. Jakarta Timur;Jatinegara;67.0;0.5;0.5;Tercatat;Tidak diketahui;True;True;0.25;
1710;4642;CMR-27338;Sal. Jl. F;Kota Adm. Jakarta Timur;Jatinegara;117.0;0.5;0.5;Tercatat;Tidak diketahui;True;True;0.25;
1711;4643;CMR-27339;Sal. Jl. F;Kota Adm. Jakarta Timur;Jatinegara;117.0;0.5;0.5;Tercatat;Tidak diketahui;True;True;0.25;
1712;4644;CMR-27340;Sal. Jl. F;Kota Adm. Jakarta Timur;Jatinegara;108.0;0.5;0.5;Tercatat;Tidak diketahui;True;True;0.25;
1713;4645;CMR-27341;Sal. Jl. F;Kota Adm. Jakarta Timur;Jatinegara;108.0;0.5;0.5;Tercatat;Tidak diketahui;True;True;0.25;
1714;4646;CMR-27342;Sal. Jl. Cipinang Bali 1;Kota Adm. Jakarta Timur;Jatinegara;300.0;0.5;0.5;Tercatat;Tidak diketahui;True;True;0.25;
1715;4647;CMR-27343;Sal. Jl. Cipinang Bali 1;Kota Adm. Jakarta Timur;Jatinegara;300.0;0.5;0.5;Tercatat;Tidak diketahui;True;True;0.25;
1716;4648;CMR-27344;Sal. Jl. Cipinang Bali;Kota Adm. Jakarta Timur;Jatinegara;232.0;0.5;0.5;Tercatat;Tidak diketahui;True;True;0.25;
1717;4649;CMR-27345;Sal. Jl. Cipinang Bali;Kota Adm. Jakarta Timur;Jatinegara;232.0;0.5;0.5;Tercatat;Tidak diketahui;True;True;0.25;
1718;4650;CMR-27346;Sal. Jl. Cipinang Bali 2;Kota Adm. Jakarta Timur;Jatinegara;147.0;0.5;0.5;Tercatat;Tidak diketahui;True;True;0.25;
1719;4651;CMR-27347;Sal. Jl. Cipinang Bali 2;Kota Adm. Jakarta Timur;Jatinegara;147.0;0.5;0.5;Tercatat;Tidak diketahui;True;True;0.25;
1720;4652;CMR-27348;Sal. Jl. Cipinang Bali 2;Kota Adm. Jakarta Timur;Jatinegara;483.0;0.5;0.5;Tercatat;Tidak diketahui;True;True;0.25;
1721;4653;CMR-27349;Sal. Jl. Cipinang Bali 2;Kota Adm. Jakarta Timur;Jatinegara;483.0;0.5;0.5;Tercatat;Tidak diketahui;True;True;0.25;
1722;4654;CMR-27376;Sal. Jl. Cipinang Elok I;Kota Adm. Jakarta Timur;Jatinegara;159.0;0.65;0.65;Tercatat;Tidak diketahui;True;True;0.423;
1723;4655;CMR-27377;Sal. Jl. Cipinang Elok I;Kota Adm. Jakarta Timur;Jatinegara;159.0;0.65;0.65;Tercatat;Tidak diketahui;True;True;0.423;
1724;4656;CMR-27378;Sal. Jl. Cipinang Elok II;Kota Adm. Jakarta Timur;Jatinegara;255.0;0.45;0.55;Tercatat;Tidak diketahui;True;True;0.248;
1725;4657;CMR-27385;Sal. Jl. Komplek PLN;Kota Adm. Jakarta Timur;Jatinegara;168.0;0.5;0.5;Tercatat;Tidak diketahui;True;True;0.25;
1726;4658;CMR-27394;Sal. Jl. Cakra Wijaya V;Kota Adm. Jakarta Timur;Jatinegara;432.0;0.8;0.5;Tercatat;Tidak diketahui;True;True;0.4;
1727;4659;CMR-27396;Sal. Jl. Cakra Wijaya V;Kota Adm. Jakarta Timur;Jatinegara;432.0;0.8;0.5;Tercatat;Tidak diketahui;True;True;0.4;
1728;4660;CMR-27406;Sal. Jl. I Gusti Ngurah Rai;Kota Adm. Jakarta Timur;Jatinegara;621.0;0.5;0.7;Tercatat;Tidak diketahui;True;True;0.35;
1729;4661;CMR-27455;Sal. Jl. Buletin;Kota Adm. Jakarta Timur;Jatinegara;173.0;0.5;0.4;Tercatat;Tidak diketahui;True;True;0.2;
1730;4662;CMR-27456;Sal. Jl. Buletin;Kota Adm. Jakarta Timur;Jatinegara;173.0;0.5;0.4;Tercatat;Tidak diketahui;True;True;0.2;
1731;4663;CMR-27457;Sal. Jl. Koran;Kota Adm. Jakarta Timur;Jatinegara;258.0;0.5;0.6;Tercatat;Tidak diketahui;True;True;0.3;
1732;4664;CMR-27458;Sal. Jl. Koran;Kota Adm. Jakarta Timur;Jatinegara;258.0;0.5;0.6;Tercatat;Tidak diketahui;True;True;0.3;
1733;4665;CMR-27460;Sal. Jl. Koran;Kota Adm. Jakarta Timur;Jatinegara;46.0;0.5;0.6;Tercatat;Tidak diketahui;True;True;0.3;
1734;4666;CMR-27461;Sal. Jl. Koran;Kota Adm. Jakarta Timur;Jatinegara;46.0;0.5;0.6;Tercatat;Tidak diketahui;True;True;0.3;
1735;4667;CMR-27464;Sal. Jl. Kesadaran IV;Kota Adm. Jakarta Timur;Jatinegara;352.0;0.5;0.6;Tercatat;Tidak diketahui;True;True;0.3;
1736;4668;CMR-27465;Sal. Jl. Kesadaran IV;Kota Adm. Jakarta Timur;Jatinegara;68.0;0.5;0.6;Tercatat;Tidak diketahui;True;True;0.3;
1737;4669;CMR-27466;Sal. Jl. Kesadaran IV;Kota Adm. Jakarta Timur;Jatinegara;68.0;0.5;0.6;Tercatat;Tidak diketahui;True;True;0.3;
1738;4670;CMR-27467;Sal. Jl. Kesadaran IV;Kota Adm. Jakarta Timur;Jatinegara;352.0;0.5;0.6;Tercatat;Tidak diketahui;True;True;0.3;
1739;4671;CMR-27468;Sal. Jl. Kesadaran III;Kota Adm. Jakarta Timur;Jatinegara;213.0;0.5;0.6;Tercatat;Tidak diketahui;True;True;0.3;
1740;4672;CMR-27469;Sal. Jl. Kesadaran III;Kota Adm. Jakarta Timur;Jatinegara;213.0;0.5;0.6;Tercatat;Tidak diketahui;True;True;0.3;
1741;4673;CMR-27474;Sal. Jl. Cipinang Muara 2;Kota Adm. Jakarta Timur;Jatinegara;490.0;0.5;0.5;Tercatat;Tidak diketahui;True;True;0.25;
1742;4674;CMR-27475;Sal. Jl. I Gusti Ngurah Rai;Kota Adm. Jakarta Timur;Jatinegara;217.0;0.5;0.7;Tercatat;Tidak diketahui;True;True;0.35;
1743;4675;CMR-27476;Sal. Jl. I Gusti Ngurah Rai;Kota Adm. Jakarta Timur;Jatinegara;141.0;0.5;0.7;Tercatat;Tidak diketahui;True;True;0.35;
1595;4527;CPC-27125;Sal. Jl. Pedati;Kota Adm. Jakarta Timur;Jatinegara;500.0;0.6;0.6;Tercatat;Cor Beton;True;True;0.36;
1758;4690;CPC-27491;Sal. Jl. Cawang Baru Tengah;Kota Adm. Jakarta Timur;Jatinegara;909.0;0.9;0.9;Tercatat;U-ditch;True;True;0.81;
1759;4691;CPC-27496;Sal. Jl. Biru Laut 1;Kota Adm. Jakarta Timur;Jatinegara;128.0;0.5;0.5;Tercatat;Cor Beton;True;True;0.25;
1760;4692;CPC-27497;Sal. Jl. Biru Laut 1;Kota Adm. Jakarta Timur;Jatinegara;128.0;0.5;0.5;Tercatat;Cor Beton;True;True;0.25;
1761;4693;CPC-27498;Sal. Jl. Biru Laut 2;Kota Adm. Jakarta Timur;Jatinegara;121.0;0.5;0.5;Tercatat;Cor Beton;True;True;0.25;
1762;4694;CPC-27499;Sal. Jl. Biru Laut 2;Kota Adm. Jakarta Timur;Jatinegara;121.0;0.5;0.5;Tercatat;Cor Beton;True;True;0.25;
1763;4695;CPC-27500;Sal. Jl. Biru Laut 3;Kota Adm. Jakarta Timur;Jatinegara;117.0;0.5;0.5;Tercatat;Cor Beton;True;True;0.25;
1764;4696;CPC-27501;Sal. Jl. Biru Laut 3;Kota Adm. Jakarta Timur;Jatinegara;117.0;0.5;0.5;Tercatat;Cor Beton;True;True;0.25;
1765;4697;CPC-27502;Sal. Jl. Biru Laut 4;Kota Adm. Jakarta Timur;Jatinegara;57.0;0.5;0.5;Tercatat;Cor Beton;True;True;0.25;
1766;4698;CPC-27503;Sal. Jl. Biru Laut 4;Kota Adm. Jakarta Timur;Jatinegara;57.0;0.5;0.5;Tercatat;Cor Beton;True;True;0.25;
1767;4699;CPC-27504;Sal. Jl. Biru Laut 5;Kota Adm. Jakarta Timur;Jatinegara;126.0;0.5;0.5;Tercatat;Cor Beton;True;True;0.25;
1768;4700;CPC-27505;Sal. Jl. Biru Laut 5;Kota Adm. Jakarta Timur;Jatinegara;126.0;0.5;0.5;Tercatat;Cor Beton;True;True;0.25;
1769;4701;CPC-27506;Sal. Jl. Biru Laut 6;Kota Adm. Jakarta Timur;Jatinegara;135.0;0.5;0.5;Tercatat;Cor Beton;True;True;0.25;
1770;4702;CPC-27507;Sal. Jl. Biru Laut 6;Kota Adm. Jakarta Timur;Jatinegara;135.0;0.5;0.5;Tercatat;Cor Beton;True;True;0.25;
1771;4703;CPC-27508;Sal. Jl. Biru Laut 7;Kota Adm. Jakarta Timur;Jatinegara;146.0;0.5;0.5;Tercatat;Cor Beton;True;True;0.25;
1772;4704;CPC-27509;Sal. Jl. Biru Laut 7;Kota Adm. Jakarta Timur;Jatinegara;146.0;0.5;0.5;Tercatat;Cor Beton;True;True;0.25;
1773;4705;CPC-27510;Sal. Jl. Biru Laut 8;Kota Adm. Jakarta Timur;Jatinegara;210.0;0.5;0.5;Tercatat;Cor Beton;True;True;0.25;
1774;4706;CPC-27511;Sal. Jl. Biru Laut 8;Kota Adm. Jakarta Timur;Jatinegara;210.0;0.5;0.5;Tercatat;Cor Beton;True;True;0.25;
1775;4707;CPC-27512;Sal. Jl. Hijau Daun 1;Kota Adm. Jakarta Timur;Jatinegara;138.0;0.6;0.6;Tercatat;Cor Beton;True;True;0.36;
1776;4708;CPC-27513;Sal. Jl. Hijau Daun 1;Kota Adm. Jakarta Timur;Jatinegara;138.0;0.6;0.6;Tercatat;Cor Beton;True;True;0.36;
1777;4709;CPC-27514;Sal. Jl. Hijau Daun 2;Kota Adm. Jakarta Timur;Jatinegara;137.0;0.6;0.6;Tercatat;Cor Beton;True;True;0.36;
1778;4710;CPC-27515;Sal. Jl. Hijau Daun 2;Kota Adm. Jakarta Timur;Jatinegara;137.0;0.6;0.6;Tercatat;Cor Beton;True;True;0.36;
1779;4711;CPC-27516;Sal. Jl. Hijau Daun 3;Kota Adm. Jakarta Timur;Jatinegara;137.0;0.6;0.6;Tercatat;Cor Beton;True;True;0.36;
1780;4712;CPC-27517;Sal. Jl. Hijau Daun 3;Kota Adm. Jakarta Timur;Jatinegara;137.0;0.6;0.6;Tercatat;Cor Beton;True;True;0.36;
1781;4713;CPC-27518;Sal. Jl. Hijau Daun 4;Kota Adm. Jakarta Timur;Jatinegara;139.0;0.6;0.6;Tercatat;Cor Beton;True;True;0.36;
1782;4714;CPC-27519;Sal. Jl. Hijau Daun 4;Kota Adm. Jakarta Timur;Jatinegara;139.0;0.6;0.6;Tercatat;Cor Beton;True;True;0.36;
1783;4715;CPC-27520;Sal. Jl. Biru Laut 9;Kota Adm. Jakarta Timur;Jatinegara;289.0;0.5;0.5;Tercatat;Cor Beton;True;True;0.25;
1784;4716;CPC-27521;Sal. Jl. Biru Laut 9;Kota Adm. Jakarta Timur;Jatinegara;289.0;0.5;0.5;Tercatat;Cor Beton;True;True;0.25;
1787;4719;CPC-27524;Sal. Jl. Cawang Baru;Kota Adm. Jakarta Timur;Jatinegara;339.0;0.8;0.8;Tercatat;Tidak diketahui;True;True;0.64;
1788;4720;CPC-27525;Sal. Jl. Cawang Baru;Kota Adm. Jakarta Timur;Jatinegara;339.0;0.8;0.8;Tercatat;Tidak diketahui;True;True;0.64;
1789;4721;CPC-27526;Sal. Jl. Bhineka 2;Kota Adm. Jakarta Timur;Jatinegara;172.0;0.5;0.5;Tercatat;Tidak diketahui;True;True;0.25;
1790;4722;CPC-27527;Sal. Jl. Bhineka 2;Kota Adm. Jakarta Timur;Jatinegara;172.0;0.5;0.5;Tercatat;Tidak diketahui;True;True;0.25;
1791;4723;CPC-27528;Sal. Jl. Bhineka 1;Kota Adm. Jakarta Timur;Jatinegara;203.0;0.5;0.5;Tercatat;Tidak diketahui;True;True;0.25;
1792;4724;CPC-27529;Sal. Jl. Bhineka 1;Kota Adm. Jakarta Timur;Jatinegara;203.0;0.5;0.5;Tercatat;Tidak diketahui;True;True;0.25;
1793;4725;CPC-27530;Sal. Jl. Cawang Baru Utara;Kota Adm. Jakarta Timur;Jatinegara;436.0;0.6;0.6;Tercatat;Batu Kali;True;True;0.36;
1794;4726;CPC-27531;Sal. Jl. Cawang Baru Utara;Kota Adm. Jakarta Timur;Jatinegara;436.0;0.6;0.6;Tercatat;Batu Kali;True;True;0.36;
1795;4727;CPC-27532;Sal. Jl. Swadaya Dalam;Kota Adm. Jakarta Timur;Jatinegara;94.0;0.5;0.5;Tercatat;Tidak diketahui;True;True;0.25;
1796;4728;CPC-27533;Sal. Jl. Swadaya Dalam;Kota Adm. Jakarta Timur;Jatinegara;94.0;0.5;0.5;Tercatat;Tidak diketahui;True;True;0.25;
1797;4729;CPC-27534;Sal. Jl. Swadaya 2;Kota Adm. Jakarta Timur;Jatinegara;111.0;0.5;0.5;Tercatat;Tidak diketahui;True;True;0.25;
1798;4730;CPC-27535;Sal. Jl. Swadaya 2;Kota Adm. Jakarta Timur;Jatinegara;111.0;0.5;0.5;Tercatat;Tidak diketahui;True;True;0.25;
1799;4731;CPC-27536;Sal. Jl. Cawang Baru Barat;Kota Adm. Jakarta Timur;Jatinegara;164.0;0.6;0.6;Tercatat;Tidak diketahui;True;True;0.36;
1800;4732;CPC-27537;Sal. Jl. Cawang Baru Barat;Kota Adm. Jakarta Timur;Jatinegara;164.0;0.6;0.6;Tercatat;Tidak diketahui;True;True;0.36;
1801;4733;CPC-27538;Sal. Jl. Tanah Manisan;Kota Adm. Jakarta Timur;Jatinegara;467.0;0.5;0.5;Tercatat;Tidak diketahui;True;True;0.25;
1802;4734;CPC-27539;Sal. Jl. Tanah Manisan;Kota Adm. Jakarta Timur;Jatinegara;334.0;0.5;0.5;Tercatat;Tidak diketahui;True;True;0.25;
1803;4735;CPC-27540;Sal. Jl. Tanah Manisan;Kota Adm. Jakarta Timur;Jatinegara;334.0;0.5;0.5;Tercatat;Tidak diketahui;True;True;0.25;
1804;4736;CPC-27541;Sal. Jl. Tanah Manisan;Kota Adm. Jakarta Timur;Jatinegara;467.0;0.5;0.5;Tercatat;Tidak diketahui;True;True;0.25;
1805;4737;CPC-27542;Sal. Jl. Cipinang Cempedak 4;Kota Adm. Jakarta Timur;Jatinegara;868.0;0.6;0.6;Tercatat;Tidak diketahui;True;True;0.36;
1806;4738;CPC-27543;Sal. Jl. Cipinang Cempedak 4;Kota Adm. Jakarta Timur;Jatinegara;868.0;0.6;0.6;Tercatat;Tidak diketahui;True;True;0.36;
1807;4739;CPC-27544;Sal. Jl. Cipinang Cempedak 2;Kota Adm. Jakarta Timur;Jatinegara;664.0;0.6;0.6;Tercatat;Tidak diketahui;True;True;0.36;
1808;4740;CPC-27545;Sal. Jl. Cipinang Cempedak 2;Kota Adm. Jakarta Timur;Jatinegara;664.0;0.6;0.6;Tercatat;Tidak diketahui;True;True;0.36;
1809;4741;CPC-27546;Sal. Jl. Cipinang Cempedak 3;Kota Adm. Jakarta Timur;Jatinegara;498.0;0.6;0.6;Tercatat;Tidak diketahui;True;True;0.36;
1810;4742;CPC-27547;Sal. Jl. Cipinang Cempedak 3;Kota Adm. Jakarta Timur;Jatinegara;498.0;0.6;0.6;Tercatat;Tidak diketahui;True;True;0.36;
1811;4743;CPC-27548;Sal. Jl. Kebon Nanas Selatan 3;Kota Adm. Jakarta Timur;Jatinegara;212.0;0.6;0.6;Tercatat;Tidak diketahui;True;True;0.36;
1812;4744;CPC-27549;Sal. Jl. Kebon Nanas Selatan 3;Kota Adm. Jakarta Timur;Jatinegara;212.0;0.6;0.6;Tercatat;Tidak diketahui;True;True;0.36;
1813;4745;CPC-27550;Sal. Jl. Kebon Nanas Selatan 3;Kota Adm. Jakarta Timur;Jatinegara;177.0;0.6;0.6;Tercatat;Tidak diketahui;True;True;0.36;
1814;4746;CPC-27551;Sal. Jl. Kebon Nanas Selatan 3;Kota Adm. Jakarta Timur;Jatinegara;177.0;0.6;0.6;Tercatat;Tidak diketahui;True;True;0.36;
1815;4747;CPC-27552;Sal. Jl. Kebon Nanas Selatan 2;Kota Adm. Jakarta Timur;Jatinegara;223.0;0.6;0.6;Tercatat;Tidak diketahui;True;True;0.36;
1816;4748;CPC-27553;Sal. Jl. Kebon Nanas Selatan 2;Kota Adm. Jakarta Timur;Jatinegara;223.0;0.6;0.6;Tercatat;Tidak diketahui;True;True;0.36;
1817;4749;CPC-27554;Sal. Jl. Kebon Nanas Selatan 2;Kota Adm. Jakarta Timur;Jatinegara;160.0;0.6;0.6;Tercatat;Tidak diketahui;True;True;0.36;
1818;4750;CPC-27555;Sal. Jl. Kebon Nanas Selatan 2;Kota Adm. Jakarta Timur;Jatinegara;160.0;0.6;0.6;Tercatat;Tidak diketahui;True;True;0.36;
1819;4751;CPC-27556;Sal. Jl. Kebon Nanas Selatan;Kota Adm. Jakarta Timur;Jatinegara;166.0;0.6;0.6;Tercatat;Tidak diketahui;True;True;0.36;
1820;4752;CPC-27557;Sal. Jl. Kebon Nanas Selatan;Kota Adm. Jakarta Timur;Jatinegara;166.0;0.6;0.6;Tercatat;Tidak diketahui;True;True;0.36;
1821;4753;CPC-27558;Sal. Jl. Kebon Nanas Selatan 1;Kota Adm. Jakarta Timur;Jatinegara;198.0;0.6;0.6;Tercatat;Tidak diketahui;True;True;0.36;
1822;4754;CPC-27559;Sal. Jl. Kebon Nanas Selatan 1;Kota Adm. Jakarta Timur;Jatinegara;237.0;0.6;0.6;Tercatat;Tidak diketahui;True;True;0.36;
1823;4755;CPC-27560;Sal. Jl. Otista 3;Kota Adm. Jakarta Timur;Jatinegara;732.0;0.6;0.6;Tercatat;Tidak diketahui;True;True;0.36;
1824;4756;CPC-27561;Sal. Jl. Otista 3;Kota Adm. Jakarta Timur;Jatinegara;732.0;0.6;0.6;Tercatat;Tidak diketahui;True;True;0.36;
1825;4757;CPC-27562;Sal. Jl. Panti Asuhan;Kota Adm. Jakarta Timur;Jatinegara;263.0;0.6;0.6;Tercatat;Tidak diketahui;True;True;0.36;
1826;4758;CPC-27563;Sal. Jl. Panti Asuhan;Kota Adm. Jakarta Timur;Jatinegara;263.0;0.6;0.6;Tercatat;Tidak diketahui;True;True;0.36;
1827;4759;CPC-27564;Sal. Jl. H. Yahya;Kota Adm. Jakarta Timur;Jatinegara;299.0;1.5;1.5;Tercatat;Tidak diketahui;True;True;2.25;
1828;4760;CPC-27565;Sal. Jl. H. Yahya;Kota Adm. Jakarta Timur;Jatinegara;299.0;1.5;1.5;Tercatat;Tidak diketahui;True;True;2.25;
1829;4761;CPC-27566;Sal. Jl. H. Yahya;Kota Adm. Jakarta Timur;Jatinegara;135.0;1.5;1.5;Tercatat;Tidak diketahui;True;True;2.25;
1830;4762;CPC-27567;Sal. Jl. H. Yahya;Kota Adm. Jakarta Timur;Jatinegara;135.0;1.5;1.5;Tercatat;Tidak diketahui;True;True;2.25;
1831;4763;CPC-27568;Sal. Jl. Kebon Nanas Utara;Kota Adm. Jakarta Timur;Jatinegara;159.0;0.5;0.7;Tercatat;Tidak diketahui;True;True;0.35;
1832;4764;CPC-27569;Sal. Jl. Kebon Nanas Utara;Kota Adm. Jakarta Timur;Jatinegara;159.0;0.5;0.7;Tercatat;Tidak diketahui;True;True;0.35;
1833;4765;CPC-27570;Sal. Jl. Kebon Nanas Utara;Kota Adm. Jakarta Timur;Jatinegara;104.0;0.5;0.7;Tercatat;Tidak diketahui;True;True;0.35;
1834;4766;CPC-27571;Sal. Jl. Kebon Nanas Utara;Kota Adm. Jakarta Timur;Jatinegara;104.0;0.5;0.7;Tercatat;Tidak diketahui;True;True;0.35;
1835;4767;CPC-27572;Sal. Jl. Kebon Nanas Utara II;Kota Adm. Jakarta Timur;Jatinegara;178.0;1.2;1.7;Tercatat;Tidak diketahui;True;True;2.04;
1836;4768;CPC-27573;Sal. Jl. Kebon Nanas Utara II;Kota Adm. Jakarta Timur;Jatinegara;178.0;1.2;1.7;Tercatat;Tidak diketahui;True;True;2.04;
1837;4769;CPC-27574;Sal. Jl. Cipinang Cempedak 1;Kota Adm. Jakarta Timur;Jatinegara;680.0;0.6;0.6;Tercatat;Tidak diketahui;True;True;0.36;
1838;4770;CPC-27575;Sal. Jl. Cipinang Cempedak 1;Kota Adm. Jakarta Timur;Jatinegara;680.0;0.6;0.6;Tercatat;Tidak diketahui;True;True;0.36;
1744;4676;KPM-27477;Sal. Jl. Permata 2;Kota Adm. Jakarta Timur;Jatinegara;215.0;0.6;0.6;Tercatat;Cor Beton;True;True;0.36;
1745;4677;KPM-27478;Sal. Jl. Permata 2;Kota Adm. Jakarta Timur;Jatinegara;215.0;0.6;0.6;Tercatat;Cor Beton;True;True;0.36;
1746;4678;KPM-27479;Sal. Jl. Permata 1;Kota Adm. Jakarta Timur;Jatinegara;98.0;0.6;0.6;Tercatat;U-ditch;True;True;0.36;
1747;4679;KPM-27480;Sal. Jl. Permata 1;Kota Adm. Jakarta Timur;Jatinegara;369.0;0.6;0.6;Tercatat;U-ditch;True;True;0.36;
1748;4680;KPM-27481;Sal. Jl. Permata 1;Kota Adm. Jakarta Timur;Jatinegara;98.0;0.6;0.6;Tercatat;U-ditch;True;True;0.36;
1749;4681;KPM-27482;Sal. Jl. Permata 1;Kota Adm. Jakarta Timur;Jatinegara;369.0;0.6;0.6;Tercatat;U-ditch;True;True;0.36;
1750;4682;KPM-27483;Sal. Jl. Kebon Pala 1;Kota Adm. Jakarta Timur;Jatinegara;323.0;0.6;0.6;Tercatat;Cor Beton;True;True;0.36;
1751;4683;KPM-27484;Sal. Jl. Kebon Pala 1;Kota Adm. Jakarta Timur;Jatinegara;323.0;0.6;0.6;Tercatat;Cor Beton;True;True;0.36;
1752;4684;KPM-27485;Sal. Jl. Kebon Pala;Kota Adm. Jakarta Timur;Jatinegara;95.0;0.6;0.5;Tercatat;U-ditch;True;True;0.3;
1753;4685;KPM-27486;Sal. Jl. Kebon Pala;Kota Adm. Jakarta Timur;Jatinegara;95.0;0.6;0.5;Tercatat;U-ditch;True;True;0.3;
1754;4686;KPM-27487;Sal. Jl. Kebon Pala 2;Kota Adm. Jakarta Timur;Jatinegara;346.0;0.6;0.6;Tercatat;U-ditch;True;True;0.36;
1755;4687;KPM-27488;Sal. Jl. Kebon Pala 2;Kota Adm. Jakarta Timur;Jatinegara;346.0;0.6;0.6;Tercatat;U-ditch;True;True;0.36;
1756;4688;KPM-27489;Sal. Jl. Tanah Rendah;Kota Adm. Jakarta Timur;Jatinegara;122.0;0.4;0.6;Tercatat;Cor Batu Kali;True;True;0.24;
1757;4689;KPM-27490;Sal. Jl. Tanah Rendah;Kota Adm. Jakarta Timur;Jatinegara;122.0;0.4;0.6;Tercatat;Cor Batu Kali;True;True;0.24;
1596;4528;RBU-27126;Sal. Jl. Pedati;Kota Adm. Jakarta Timur;Jatinegara;500.0;0.6;0.6;Tercatat;Cor Beton;True;True;0.36;
1894;4826;RBU-27632;Sal. Jl. Bekasi Barat;Kota Adm. Jakarta Timur;Jatinegara;780.0;0.6;0.6;Tercatat;Tidak diketahui;True;True;0.36;
1895;4827;RBU-27633;Sal. Jl. Bekasi Barat;Kota Adm. Jakarta Timur;Jatinegara;780.0;0.6;0.6;Tercatat;Tidak diketahui;True;True;0.36;
1896;4828;RBU-27634;Sal. Jl. Bekasi Barat 6;Kota Adm. Jakarta Timur;Jatinegara;153.0;0.6;0.6;Tercatat;Tidak diketahui;True;True;0.36;
1897;4829;RBU-27635;Sal. Jl. Bekasi Barat 6;Kota Adm. Jakarta Timur;Jatinegara;153.0;0.6;0.6;Tercatat;Tidak diketahui;True;True;0.36;
1898;4830;RBU-27636;;Kota Adm. Jakarta Timur;Jatinegara;;;;Tidak diketahui;Tidak diketahui;False;False;;dimensi_tidak_lengkap, status_belum_tercatat
1899;4831;RBU-27637;Sal. Jl. Bekasi Barat 1;Kota Adm. Jakarta Timur;Jatinegara;212.0;1.0;1.0;Tercatat;U-ditch;True;True;1.0;
1900;4832;RBU-27638;Sal. Jl. Bekasi Barat 1;Kota Adm. Jakarta Timur;Jatinegara;212.0;1.0;1.0;Tercatat;U-ditch;True;True;1.0;
1901;4833;RBU-27639;Sal. Jl. Bekasi Barat 4;Kota Adm. Jakarta Timur;Jatinegara;120.0;0.6;0.6;Tercatat;Tidak diketahui;True;True;0.36;
1902;4834;RBU-27640;Sal. Jl. Bekasi Barat 4;Kota Adm. Jakarta Timur;Jatinegara;120.0;0.6;0.6;Tercatat;Tidak diketahui;True;True;0.36;
1903;4835;RBU-27641;Sal. Jl. 40 Timur II;Kota Adm. Jakarta Timur;Jatinegara;246.0;0.6;0.6;Tercatat;U-ditch;True;True;0.36;
1904;4836;RBU-27642;Sal. Jl. 40 Timur II;Kota Adm. Jakarta Timur;Jatinegara;246.0;0.6;0.6;Tercatat;U-ditch;True;True;0.36;
1905;4837;RBU-27643;Sal. Jl. Bekasi Barat 1;Kota Adm. Jakarta Timur;Jatinegara;91.0;0.6;0.6;Tercatat;Tidak diketahui;True;True;0.36;
1906;4838;RBU-27644;Sal. Jl. Bekasi Barat 1;Kota Adm. Jakarta Timur;Jatinegara;91.0;0.6;0.6;Tercatat;Tidak diketahui;True;True;0.36;
1907;4839;RBU-27645;Sal. Jl. Bekasi Barat 1;Kota Adm. Jakarta Timur;Jatinegara;50.0;0.6;0.6;Tercatat;Tidak diketahui;True;True;0.36;
1908;4840;RBU-27646;Sal. Jl. Bekasi Barat 1;Kota Adm. Jakarta Timur;Jatinegara;50.0;0.6;0.6;Tercatat;Tidak diketahui;True;True;0.36;
1909;4841;RBU-27647;Sal. Jl. Bekasi Barat 1;Kota Adm. Jakarta Timur;Jatinegara;197.0;0.6;0.6;Tercatat;Tidak diketahui;True;True;0.36;
1910;4842;RBU-27648;Sal. Jl. Bekasi Barat 1;Kota Adm. Jakarta Timur;Jatinegara;197.0;0.6;0.6;Tercatat;Tidak diketahui;True;True;0.36;
1911;4843;RBU-27649;Sal. Jl. Bekasi Barat 3;Kota Adm. Jakarta Timur;Jatinegara;252.0;0.6;0.6;Tercatat;U-ditch;True;True;0.36;
1912;4844;RBU-27650;Sal. Jl. Bekasi Barat 3;Kota Adm. Jakarta Timur;Jatinegara;252.0;0.6;0.6;Tercatat;U-ditch;True;True;0.36;
1913;4845;RBU-27651;Sal. Jl. Bekasi Barat 2;Kota Adm. Jakarta Timur;Jatinegara;103.0;0.6;0.6;Tercatat;Tidak diketahui;True;True;0.36;
1914;4846;RBU-27652;Sal. Jl. Bekasi Barat 2;Kota Adm. Jakarta Timur;Jatinegara;103.0;0.6;0.6;Tercatat;Tidak diketahui;True;True;0.36;
1915;4847;RBU-27653;Sal. Jl. Bekasi Timur 9;Kota Adm. Jakarta Timur;Jatinegara;215.0;0.6;0.6;Tercatat;Cor Beton;True;True;0.36;
1916;4848;RBU-27654;Sal. Jl. Bekasi Timur 9;Kota Adm. Jakarta Timur;Jatinegara;216.0;0.6;0.6;Tercatat;Cor Beton;True;True;0.36;
1917;4849;RBU-27655;Sal. Jl. Bekasi Timur 1;Kota Adm. Jakarta Timur;Jatinegara;120.0;0.6;0.6;Tercatat;U-ditch;True;True;0.36;
1918;4850;RBU-27656;Sal. Jl. Bekasi Timur 1;Kota Adm. Jakarta Timur;Jatinegara;120.0;0.6;0.6;Tercatat;U-ditch;True;True;0.36;
1919;4851;RBU-27657;Sal. Jl. Bekasi Timur 7;Kota Adm. Jakarta Timur;Jatinegara;71.0;0.6;0.6;Tercatat;Tidak diketahui;True;True;0.36;
1920;4852;RBU-27658;Sal. Jl. Bekasi Timur 7;Kota Adm. Jakarta Timur;Jatinegara;71.0;0.6;0.6;Tercatat;Tidak diketahui;True;True;0.36;
1921;4853;RBU-27659;Sal. Jl. Bekasi Timur 1;Kota Adm. Jakarta Timur;Jatinegara;149.0;0.6;0.6;Tercatat;U-ditch;True;True;0.36;
1922;4854;RBU-27660;Sal. Jl. Bekasi Timur 1;Kota Adm. Jakarta Timur;Jatinegara;149.0;0.6;0.6;Tercatat;U-ditch;True;True;0.36;
1923;4855;RBU-27661;Sal. Jl. H. Yakub Saidi;Kota Adm. Jakarta Timur;Jatinegara;295.0;0.6;0.6;Tercatat;Cor Bertulang;True;True;0.36;
1924;4856;RBU-27662;Sal. Jl. H. Yakub Saidi;Kota Adm. Jakarta Timur;Jatinegara;295.0;0.6;0.6;Tercatat;Cor Bertulang;True;True;0.36;
1925;4857;RBU-27663;Sal. Jl. Bekasi Timur 2;Kota Adm. Jakarta Timur;Jatinegara;291.0;0.6;0.6;Tercatat;Cor Beton;True;True;0.36;
1926;4858;RBU-27664;Sal. Jl. H. Kaiman;Kota Adm. Jakarta Timur;Jatinegara;272.0;0.6;0.6;Tercatat;Cor Beton;True;True;0.36;
1927;4859;RBU-27665;Sal. Jl. Warung Asem;Kota Adm. Jakarta Timur;Jatinegara;258.0;0.6;0.6;Tercatat;Cor Beton;True;True;0.36;
1928;4860;RBU-27666;Sal. Jl. Warung Asem;Kota Adm. Jakarta Timur;Jatinegara;258.0;0.6;0.6;Tercatat;Cor Beton;True;True;0.36;
1929;4861;RBU-27667;Sal. Jl. Gang H. Kaiman;Kota Adm. Jakarta Timur;Jatinegara;229.0;0.3;0.4;Tercatat;Tidak diketahui;True;True;0.12;
1930;4862;RBU-27668;Sal. Jl. Gang H. Kaiman;Kota Adm. Jakarta Timur;Jatinegara;229.0;0.3;0.4;Tercatat;Tidak diketahui;True;True;0.12;
1931;4863;RBU-27669;Sal. Jl. Masjid II;Kota Adm. Jakarta Timur;Jatinegara;55.0;0.4;0.6;Tercatat;Cor Beton;True;True;0.24;
1932;4864;RBU-27670;Sal. Jl. Masjid II;Kota Adm. Jakarta Timur;Jatinegara;151.0;0.4;0.6;Tercatat;Cor Beton;True;True;0.24;
1933;4865;RBU-27671;Sal. Jl. Masjid II;Kota Adm. Jakarta Timur;Jatinegara;151.0;0.4;0.6;Tercatat;Cor Beton;True;True;0.24;
1934;4866;RBU-27672;Sal. Jl. Masjid II;Kota Adm. Jakarta Timur;Jatinegara;55.0;0.4;0.6;Tercatat;Cor Beton;True;True;0.24;
1935;4867;RBU-27673;Sal. Jl. Cenghay;Kota Adm. Jakarta Timur;Jatinegara;348.0;0.5;0.5;Tercatat;U-ditch;True;True;0.25;
1936;4868;RBU-27674;Sal. Jl. Cenghay;Kota Adm. Jakarta Timur;Jatinegara;348.0;0.5;0.5;Tercatat;U-ditch;True;True;0.25;
1937;4869;RBU-27675;Sal. Jl. Kober Ulu;Kota Adm. Jakarta Timur;Jatinegara;307.0;0.6;0.8;Tercatat;Tidak diketahui;True;True;0.48;
1938;4870;RBU-27676;Sal. Jl. Kober Ulu;Kota Adm. Jakarta Timur;Jatinegara;307.0;0.6;0.8;Tercatat;Tidak diketahui;True;True;0.48;
1939;4871;RBU-27677;;Kota Adm. Jakarta Timur;Jatinegara;;;;Tidak diketahui;Tidak diketahui;False;False;;dimensi_tidak_lengkap, status_belum_tercatat
1940;4872;RBU-27678;Sal. Jl. 40 Timur III;Kota Adm. Jakarta Timur;Jatinegara;137.0;0.4;0.6;Tercatat;Tidak diketahui;True;True;0.24;
1941;4873;RBU-27679;Sal. Jl. 40 Timur III;Kota Adm. Jakarta Timur;Jatinegara;137.0;0.4;0.6;Tercatat;Tidak diketahui;True;True;0.24;
1942;4874;RBU-27680;Sal. Jl. H. Kaiman;Kota Adm. Jakarta Timur;Jatinegara;193.0;0.6;0.6;Tercatat;Cor Beton;True;True;0.36;
1943;4875;RBU-27681;Sal. Jl. Cenghay;Kota Adm. Jakarta Timur;Jatinegara;86.0;0.5;0.5;Tercatat;U-ditch;True;True;0.25;
1944;4876;RBU-27682;Sal. Jl. Cenghay;Kota Adm. Jakarta Timur;Jatinegara;86.0;0.5;0.5;Tercatat;U-ditch;True;True;0.25;
1945;4877;RBU-27683;Sal. Jl. Kober Kecil;Kota Adm. Jakarta Timur;Jatinegara;340.0;0.6;0.6;Tercatat;Tidak diketahui;True;True;0.36;
1946;4878;RBU-27684;Sal. Jl. Kober Kecil;Kota Adm. Jakarta Timur;Jatinegara;340.0;0.6;0.6;Tercatat;Tidak diketahui;True;True;0.36;
1947;4879;RBU-27685;Sal. Jl. Pedati Timur Dalam;Kota Adm. Jakarta Timur;Jatinegara;416.0;0.4;0.3;Tercatat;Tidak diketahui;True;True;0.12;
1948;4880;RBU-27686;Sal. Jl. Pedati Timur Dalam;Kota Adm. Jakarta Timur;Jatinegara;416.0;0.4;0.3;Tercatat;Tidak diketahui;True;True;0.12;
1949;4881;RBU-27687;Sal. Jl. Pedati Timur Dalam;Kota Adm. Jakarta Timur;Jatinegara;321.0;0.4;0.3;Tercatat;Tidak diketahui;True;True;0.12;
1950;4882;RBU-27688;Sal. Jl. Pedati Timur Dalam;Kota Adm. Jakarta Timur;Jatinegara;321.0;0.4;0.3;Tercatat;Tidak diketahui;True;True;0.12;
1951;4883;RBU-27689;Sal. Jl. Bekasi Barat 1;Kota Adm. Jakarta Timur;Jatinegara;104.0;0.6;0.6;Tercatat;Tidak diketahui;True;True;0.36;
1952;4884;RBU-27690;Sal. Jl. Bekasi Barat 1;Kota Adm. Jakarta Timur;Jatinegara;104.0;0.6;0.6;Tercatat;Tidak diketahui;True;True;0.36;
2095;16884;BKB-9464;Sal. Jl. Raya Condet;Kota Adm. Jakarta Timur;Kramat Jati;700.0;0.8;0.8;Tercatat;Cor Beton;True;True;0.64;
2174;16963;BKB-9543;Sal. Jl. Gardu;Kota Adm. Jakarta Timur;Kramat Jati;1200.0;0.7;0.7;Tercatat;U-ditch;True;True;0.49;
2175;16964;BKB-9544;Sal. Jl. Manunggal;Kota Adm. Jakarta Timur;Kramat Jati;481.0;0.8;0.8;Tercatat;U-ditch;True;True;0.64;
2176;16965;BKB-9545;Sal. Jl. Manunggal;Kota Adm. Jakarta Timur;Kramat Jati;481.0;0.8;0.8;Tercatat;U-ditch;True;True;0.64;
2177;16966;BKB-9546;Sal. Jl. Raya Condet;Kota Adm. Jakarta Timur;Kramat Jati;1400.0;0.8;0.8;Tercatat;U-ditch;True;True;0.64;
2179;16968;BKB-9548;;Kota Adm. Jakarta Timur;Kramat Jati;;;;Tidak diketahui;Tidak diketahui;False;False;;dimensi_tidak_lengkap, status_belum_tercatat
2180;16969;BKB-9549;;Kota Adm. Jakarta Timur;Kramat Jati;;;;Tidak diketahui;Tidak diketahui;False;False;;dimensi_tidak_lengkap, status_belum_tercatat
2181;16970;BKB-9550;Sal. Jl. Kayu Manis;Kota Adm. Jakarta Timur;Kramat Jati;1300.0;0.6;0.6;Tercatat;U-dtich;True;True;0.36;
2182;16971;BKB-9551;Sal. Jl. Kayu Manis;Kota Adm. Jakarta Timur;Kramat Jati;1300.0;0.6;0.6;Tercatat;U-dtich;True;True;0.36;
2183;16972;BKB-9552;;Kota Adm. Jakarta Timur;Kramat Jati;;;;Tidak diketahui;Tidak diketahui;False;False;;dimensi_tidak_lengkap, status_belum_tercatat
2184;16973;BKB-9553;;Kota Adm. Jakarta Timur;Kramat Jati;;;;Tidak diketahui;Tidak diketahui;False;False;;dimensi_tidak_lengkap, status_belum_tercatat
2185;16974;BKB-9554;;Kota Adm. Jakarta Timur;Kramat Jati;;;;Tidak diketahui;Tidak diketahui;False;False;;dimensi_tidak_lengkap, status_belum_tercatat
2186;16975;BKB-9555;;Kota Adm. Jakarta Timur;Kramat Jati;;;;Tidak diketahui;Tidak diketahui;False;False;;dimensi_tidak_lengkap, status_belum_tercatat
2187;16976;BKB-9556;;Kota Adm. Jakarta Timur;Kramat Jati;;;;Tidak diketahui;Tidak diketahui;False;False;;dimensi_tidak_lengkap, status_belum_tercatat
2188;16977;BKB-9557;;Kota Adm. Jakarta Timur;Kramat Jati;;;;Tidak diketahui;Tidak diketahui;False;False;;dimensi_tidak_lengkap, status_belum_tercatat
2189;16978;BKB-9558;;Kota Adm. Jakarta Timur;Kramat Jati;;;;Tidak diketahui;Tidak diketahui;False;False;;dimensi_tidak_lengkap, status_belum_tercatat
2190;16979;BKB-9559;;Kota Adm. Jakarta Timur;Kramat Jati;;;;Tidak diketahui;Tidak diketahui;False;False;;dimensi_tidak_lengkap, status_belum_tercatat
2191;16980;BKB-9560;;Kota Adm. Jakarta Timur;Kramat Jati;;;;Tidak diketahui;Tidak diketahui;False;False;;dimensi_tidak_lengkap, status_belum_tercatat
2192;16981;BKB-9561;;Kota Adm. Jakarta Timur;Kramat Jati;;;;Tidak diketahui;Tidak diketahui;False;False;;dimensi_tidak_lengkap, status_belum_tercatat
2193;16982;BKB-9562;Sal. Jl. Eretan I;Kota Adm. Jakarta Timur;Kramat Jati;250.0;0.8;0.8;Tercatat;U-ditch;True;True;0.64;
2194;16983;BKB-9563;Sal. Jl. Eretan I;Kota Adm. Jakarta Timur;Kramat Jati;250.0;0.8;0.8;Tercatat;U-ditch;True;True;0.64;
2195;16984;BKB-9564;Sal. Jl. Buluh;Kota Adm. Jakarta Timur;Kramat Jati;750.0;0.6;0.6;Tercatat;Cor Beton;True;True;0.36;
2196;16985;BKB-9565;Sal. Jl. Buluh;Kota Adm. Jakarta Timur;Kramat Jati;750.0;0.6;0.6;Tercatat;Cor Beton;True;True;0.36;
2197;16986;BKB-9566;Sal. Jl. AMD 20;Kota Adm. Jakarta Timur;Kramat Jati;200.0;0.8;0.8;Tercatat;U-ditch;True;True;0.64;
2198;16987;BKB-9567;Sal. Jl. AMD 20;Kota Adm. Jakarta Timur;Kramat Jati;200.0;0.8;0.8;Tercatat;U-ditch;True;True;0.64;
2199;16988;BKB-9568;Sal. Jl. Mungggang;Kota Adm. Jakarta Timur;Kramat Jati;1000.0;0.5;0.5;Tercatat;U-ditch;True;True;0.25;
2200;16989;BKB-9569;Sal. Jl. Mungggang;Kota Adm. Jakarta Timur;Kramat Jati;1000.0;0.5;0.5;Tercatat;U-ditch;True;True;0.25;
2238;17027;BKB-9607;Sal. Jl. Buluh;Kota Adm. Jakarta Timur;Kramat Jati;750.0;0.6;0.6;Tercatat;Cor Beton;True;True;0.36;
1983;16772;BTA-6596;Sal. Jl. Waru;Kota Adm. Jakarta Timur;Kramat Jati;400.0;0.6;0.6;Tercatat;Cor Tempat/Saluran Teknis;True;True;0.36;
2086;16875;BTA-9455;Sal. Jl. Budaya;Kota Adm. Jakarta Timur;Kramat Jati;525.0;0.5;0.5;Tercatat;Cor Beton;True;True;0.25;
2087;16876;BTA-9456;Sal. Jl. Budaya;Kota Adm. Jakarta Timur;Kramat Jati;525.0;0.5;0.5;Tercatat;Cor Beton;True;True;0.25;
2088;16877;BTA-9457;Sal. Jl. Ikan Hias;Kota Adm. Jakarta Timur;Kramat Jati;365.0;1.0;1.0;Tercatat;U-ditch;True;True;1.0;
2089;16878;BTA-9458;Sal. Jl. Ikan Hias;Kota Adm. Jakarta Timur;Kramat Jati;365.0;1.0;1.0;Tercatat;U-ditch;True;True;1.0;
2090;16879;BTA-9459;Sal. Jl. Batu Ampar 1;Kota Adm. Jakarta Timur;Kramat Jati;950.0;0.6;0.8;Tercatat;Cor Beton;True;True;0.48;
2091;16880;BTA-9460;Sal. Jl. Batu Ampar 1;Kota Adm. Jakarta Timur;Kramat Jati;950.0;0.6;0.8;Tercatat;Cor Beton;True;True;0.48;
2092;16881;BTA-9461;Sal. Jl. Batu Ampar 1;Kota Adm. Jakarta Timur;Kramat Jati;950.0;0.6;0.8;Tercatat;Cor Beton;True;True;0.48;
2093;16882;BTA-9462;Sal. Jl. Batu Ampar 1;Kota Adm. Jakarta Timur;Kramat Jati;950.0;0.6;0.8;Tercatat;Cor Beton;True;True;0.48;
2094;16883;BTA-9463;Sal. Jl. Raya Condet;Kota Adm. Jakarta Timur;Kramat Jati;700.0;0.8;0.8;Tercatat;Cor Beton;True;True;0.64;
2096;16885;BTA-9465;Sal. Jl. Batu Sari;Kota Adm. Jakarta Timur;Kramat Jati;375.0;0.6;0.8;Tercatat;Cor Beton;True;True;0.48;
2097;16886;BTA-9466;Sal. Jl. Batu Sari;Kota Adm. Jakarta Timur;Kramat Jati;375.0;0.6;0.8;Tercatat;Cor Beton;True;True;0.48;
2098;16887;BTA-9467;;Kota Adm. Jakarta Timur;Kramat Jati;;;;Tercatat;Cor Beton;True;False;;dimensi_tidak_lengkap
2099;16888;BTA-9468;;Kota Adm. Jakarta Timur;Kramat Jati;;;;Tercatat;Cor Beton;True;False;;dimensi_tidak_lengkap
2100;16889;BTA-9469;;Kota Adm. Jakarta Timur;Kramat Jati;;;;Tercatat;Cor Beton;True;False;;dimensi_tidak_lengkap
2101;16890;BTA-9470;;Kota Adm. Jakarta Timur;Kramat Jati;;;;Tercatat;Cor Beton;True;False;;dimensi_tidak_lengkap
2102;16891;BTA-9471;;Kota Adm. Jakarta Timur;Kramat Jati;;;;Tercatat;Cor Beton;True;False;;dimensi_tidak_lengkap
2103;16892;BTA-9472;;Kota Adm. Jakarta Timur;Kramat Jati;;;;Tercatat;Cor Beton;True;False;;dimensi_tidak_lengkap
2104;16893;BTA-9473;;Kota Adm. Jakarta Timur;Kramat Jati;;;;Tercatat;Cor Beton;True;False;;dimensi_tidak_lengkap
2105;16894;BTA-9474;;Kota Adm. Jakarta Timur;Kramat Jati;;;;Tercatat;Cor Beton;True;False;;dimensi_tidak_lengkap
2106;16895;BTA-9475;;Kota Adm. Jakarta Timur;Kramat Jati;;;;Tercatat;Cor Beton;True;False;;dimensi_tidak_lengkap
2107;16896;BTA-9476;;Kota Adm. Jakarta Timur;Kramat Jati;;;;Tercatat;Cor Beton;True;False;;dimensi_tidak_lengkap
2108;16897;BTA-9477;;Kota Adm. Jakarta Timur;Kramat Jati;;;;Tercatat;Cor Beton;True;False;;dimensi_tidak_lengkap
2109;16898;BTA-9478;;Kota Adm. Jakarta Timur;Kramat Jati;;;;Tercatat;Cor Beton;True;False;;dimensi_tidak_lengkap
2110;16899;BTA-9479;;Kota Adm. Jakarta Timur;Kramat Jati;;;;Tercatat;Cor Beton;True;False;;dimensi_tidak_lengkap
2111;16900;BTA-9480;;Kota Adm. Jakarta Timur;Kramat Jati;;;;Tercatat;Cor Beton;True;False;;dimensi_tidak_lengkap
2112;16901;BTA-9481;;Kota Adm. Jakarta Timur;Kramat Jati;;;;Tercatat;Cor Beton;True;False;;dimensi_tidak_lengkap
2113;16902;BTA-9482;;Kota Adm. Jakarta Timur;Kramat Jati;;;;Tercatat;Cor Beton;True;False;;dimensi_tidak_lengkap
2114;16903;BTA-9483;;Kota Adm. Jakarta Timur;Kramat Jati;;;;Tercatat;Cor Beton;True;False;;dimensi_tidak_lengkap
2115;16904;BTA-9484;;Kota Adm. Jakarta Timur;Kramat Jati;;;;Tercatat;Cor Beton;True;False;;dimensi_tidak_lengkap
2116;16905;BTA-9485;;Kota Adm. Jakarta Timur;Kramat Jati;;;;Tercatat;Cor Beton;True;False;;dimensi_tidak_lengkap
2117;16906;BTA-9486;;Kota Adm. Jakarta Timur;Kramat Jati;;;;Tercatat;Cor Beton;True;False;;dimensi_tidak_lengkap
2118;16907;BTA-9487;;Kota Adm. Jakarta Timur;Kramat Jati;;;;Tercatat;Cor Beton;True;False;;dimensi_tidak_lengkap
2119;16908;BTA-9488;;Kota Adm. Jakarta Timur;Kramat Jati;;;;Tercatat;Cor Beton;True;False;;dimensi_tidak_lengkap
2120;16909;BTA-9489;;Kota Adm. Jakarta Timur;Kramat Jati;;;;Tercatat;Cor Beton;True;False;;dimensi_tidak_lengkap
2121;16910;BTA-9490;;Kota Adm. Jakarta Timur;Kramat Jati;;;;Tercatat;Cor Beton;True;False;;dimensi_tidak_lengkap
2122;16911;BTA-9491;Sal. Jl. Batu Ampar 7;Kota Adm. Jakarta Timur;Kramat Jati;875.0;0.8;0.8;Tercatat;Cor Beton;True;True;0.64;
2123;16912;BTA-9492;Sal. Jl. Batu Ampar 7;Kota Adm. Jakarta Timur;Kramat Jati;875.0;0.8;0.8;Tercatat;Cor Beton;True;True;0.64;
2124;16913;BTA-9493;Sal. Jl. Batu Permata;Kota Adm. Jakarta Timur;Kramat Jati;1500.0;0.6;0.6;Tercatat;Cor Beton;True;True;0.36;
2125;16914;BTA-9494;Sal. Jl. Batu Permata;Kota Adm. Jakarta Timur;Kramat Jati;1500.0;0.6;0.6;Tercatat;Cor Beton;True;True;0.36;
2126;16915;BTA-9495;Sal. Jl. Batu Permata;Kota Adm. Jakarta Timur;Kramat Jati;1500.0;0.6;0.6;Tercatat;Cor Beton;True;True;0.36;
2127;16916;BTA-9496;Sal. Jl. Batu Permata;Kota Adm. Jakarta Timur;Kramat Jati;1500.0;0.6;0.6;Tercatat;Cor Beton;True;True;0.36;
2128;16917;BTA-9497;Sal. Jl. Batu Permata;Kota Adm. Jakarta Timur;Kramat Jati;1500.0;0.6;0.6;Tercatat;Cor Beton;True;True;0.36;
2129;16918;BTA-9498;Sal. Jl. Batu Permata;Kota Adm. Jakarta Timur;Kramat Jati;1500.0;0.6;0.6;Tercatat;Cor Beton;True;True;0.36;
2130;16919;BTA-9499;Sal. Jl. Batu Permata;Kota Adm. Jakarta Timur;Kramat Jati;1500.0;0.6;0.6;Tercatat;Cor Beton;True;True;0.36;
2131;16920;BTA-9500;Sal. Jl. Batu Permata;Kota Adm. Jakarta Timur;Kramat Jati;1500.0;0.6;0.6;Tercatat;Cor Beton;True;True;0.36;
2132;16921;BTA-9501;Sal. Jl. Batu Permata;Kota Adm. Jakarta Timur;Kramat Jati;1500.0;0.6;0.6;Tercatat;Cor Beton;True;True;0.36;
2133;16922;BTA-9502;Sal. Jl. Batu Permata;Kota Adm. Jakarta Timur;Kramat Jati;1500.0;0.6;0.6;Tercatat;Cor Beton;True;True;0.36;
2134;16923;BTA-9503;Sal. Jl. Batu Permata;Kota Adm. Jakarta Timur;Kramat Jati;1500.0;0.6;0.6;Tercatat;Cor Beton;True;True;0.36;
2135;16924;BTA-9504;Sal. Jl. Batu Permata;Kota Adm. Jakarta Timur;Kramat Jati;1500.0;0.6;0.6;Tercatat;Cor Beton;True;True;0.36;
2136;16925;BTA-9505;Sal. Jl. Batu Permata;Kota Adm. Jakarta Timur;Kramat Jati;1500.0;0.6;0.6;Tercatat;Cor Beton;True;True;0.36;
2137;16926;BTA-9506;Sal. Jl. Batu Permata;Kota Adm. Jakarta Timur;Kramat Jati;1500.0;0.6;0.6;Tercatat;Cor Beton;True;True;0.36;
2138;16927;BTA-9507;Sal. Jl. Batu Permata;Kota Adm. Jakarta Timur;Kramat Jati;1500.0;0.6;0.6;Tercatat;Cor Beton;True;True;0.36;
2139;16928;BTA-9508;Sal. Jl. Batu Permata;Kota Adm. Jakarta Timur;Kramat Jati;1500.0;0.6;0.6;Tercatat;Cor Beton;True;True;0.36;
2140;16929;BTA-9509;Sal. Jl. Batu Permata;Kota Adm. Jakarta Timur;Kramat Jati;1500.0;0.6;0.6;Tercatat;Cor Beton;True;True;0.36;
2141;16930;BTA-9510;;Kota Adm. Jakarta Timur;Kramat Jati;;;;Tidak diketahui;Tidak diketahui;False;False;;dimensi_tidak_lengkap, status_belum_tercatat
2142;16931;BTA-9511;Sal. Jl. Batu Permata;Kota Adm. Jakarta Timur;Kramat Jati;1500.0;0.6;0.6;Tercatat;Cor Beton;True;True;0.36;
2143;16932;BTA-9512;Sal. Jl. Batu Permata;Kota Adm. Jakarta Timur;Kramat Jati;1500.0;0.6;0.6;Tercatat;Cor Beton;True;True;0.36;
2146;16935;BTA-9515;Sal. Jl. Batu Ampar 3;Kota Adm. Jakarta Timur;Kramat Jati;1500.0;0.8;1.0;Tercatat;Cor Beton;True;True;0.8;
2147;16936;BTA-9516;Sal. Jl. Batu Ampar 3;Kota Adm. Jakarta Timur;Kramat Jati;1500.0;0.8;1.0;Tercatat;Cor Beton;True;True;0.8;
2148;16937;BTA-9517;;Kota Adm. Jakarta Timur;Kramat Jati;;;;Tercatat;Cor Beton;True;False;;dimensi_tidak_lengkap
2149;16938;BTA-9518;;Kota Adm. Jakarta Timur;Kramat Jati;;;;Tercatat;Cor Beton;True;False;;dimensi_tidak_lengkap
2150;16939;BTA-9519;Sal. Jl. Batu Tulis;Kota Adm. Jakarta Timur;Kramat Jati;300.0;0.6;0.6;Tercatat;Cor Beton;True;True;0.36;
2151;16940;BTA-9520;Sal. Jl. Batu Tulis;Kota Adm. Jakarta Timur;Kramat Jati;300.0;0.6;0.6;Tercatat;Cor Beton;True;True;0.36;
2152;16941;BTA-9521;;Kota Adm. Jakarta Timur;Kramat Jati;;;;Tercatat;Cor Beton;True;False;;dimensi_tidak_lengkap
2153;16942;BTA-9522;;Kota Adm. Jakarta Timur;Kramat Jati;;;;Tercatat;Cor Beton;True;False;;dimensi_tidak_lengkap
2154;16943;BTA-9523;;Kota Adm. Jakarta Timur;Kramat Jati;;;;Tercatat;Cor Beton;True;False;;dimensi_tidak_lengkap
2155;16944;BTA-9524;;Kota Adm. Jakarta Timur;Kramat Jati;;;;Tercatat;Cor Beton;True;False;;dimensi_tidak_lengkap
2156;16945;BTA-9525;;Kota Adm. Jakarta Timur;Kramat Jati;;;;Tercatat;Cor Beton;True;False;;dimensi_tidak_lengkap
2157;16946;BTA-9526;;Kota Adm. Jakarta Timur;Kramat Jati;;;;Tercatat;Cor Beton;True;False;;dimensi_tidak_lengkap
2158;16947;BTA-9527;Sal. Jl. Batu Ampar 2;Kota Adm. Jakarta Timur;Kramat Jati;570.0;0.6;0.6;Tercatat;Cor Beton;True;True;0.36;
2159;16948;BTA-9528;Sal. Jl. Batu Ampar 2;Kota Adm. Jakarta Timur;Kramat Jati;570.0;0.6;0.6;Tercatat;Cor Beton;True;True;0.36;
2160;16949;BTA-9529;Sal. Jl. Masjid Condet;Kota Adm. Jakarta Timur;Kramat Jati;358.0;0.8;0.8;Tercatat;Cor Beton;True;True;0.64;
2161;16950;BTA-9530;Sal. Jl. Masjid Condet;Kota Adm. Jakarta Timur;Kramat Jati;363.0;0.8;0.8;Tercatat;Cor Beton;True;True;0.64;
2162;16951;BTA-9531;Sal. Jl. Masjid Condet;Kota Adm. Jakarta Timur;Kramat Jati;72.0;0.8;0.8;Tercatat;Cor Beton;True;True;0.64;
2163;16952;BTA-9532;Sal. Jl. Masjid Condet;Kota Adm. Jakarta Timur;Kramat Jati;73.0;0.8;0.8;Tercatat;Cor Beton;True;True;0.64;
2178;16967;BTA-9547;Sal. Jl. Raya Condet;Kota Adm. Jakarta Timur;Kramat Jati;1400.0;0.8;0.8;Tercatat;U-ditch;True;True;0.64;
2201;16990;BTA-9570;Sal. Jl. Raya Tengah;Kota Adm. Jakarta Timur;Kramat Jati;1200.0;0.6;0.6;Tercatat;Cor Beton;True;True;0.36;
2202;16991;BTA-9571;Sal. Jl. Raya Tengah;Kota Adm. Jakarta Timur;Kramat Jati;1200.0;0.6;0.6;Tercatat;Cor Beton;True;True;0.36;
2231;17020;CTT-9600;Sal. Jl. Condet Raya;Kota Adm. Jakarta Timur;Kramat Jati;3750.0;0.8;0.8;Tercatat;Cor Beton;True;True;0.64;
2232;17021;CTT-9601;Sal. Jl. Condet Raya;Kota Adm. Jakarta Timur;Kramat Jati;3750.0;0.8;0.8;Tercatat;Cor Beton;True;True;0.64;
2233;17022;CTT-9602;Sal. Jl. Ciliwung;Kota Adm. Jakarta Timur;Kramat Jati;600.0;0.6;0.6;Tercatat;Cor Beton;True;True;0.36;
2234;17023;CTT-9603;Sal. Jl. Ciliwung;Kota Adm. Jakarta Timur;Kramat Jati;600.0;0.6;0.6;Tercatat;Cor Beton;True;True;0.36;
2235;17024;CTT-9604;Sal. Jl. Ciliwung;Kota Adm. Jakarta Timur;Kramat Jati;600.0;0.6;0.6;Tercatat;Cor Beton;True;True;0.36;
2236;17025;CTT-9605;Sal. Jl. Ciliwung;Kota Adm. Jakarta Timur;Kramat Jati;600.0;0.6;0.6;Tercatat;Cor Beton;True;True;0.36;
2237;17026;CTT-9606;Sal. Jl. Buluh;Kota Adm. Jakarta Timur;Kramat Jati;750.0;0.6;0.6;Tercatat;Cor Beton;True;True;0.36;
2239;17028;CTT-9608;Sal. Jl. Olahraga 1;Kota Adm. Jakarta Timur;Kramat Jati;525.0;0.8;0.8;Tercatat;Cor Beton;True;True;0.64;
2240;17029;CTT-9609;Sal. Jl. Olahraga 1;Kota Adm. Jakarta Timur;Kramat Jati;525.0;0.8;0.8;Tercatat;Cor Beton;True;True;0.64;
2241;17030;CTT-9610;Sal. Jl. Olahraga 1;Kota Adm. Jakarta Timur;Kramat Jati;525.0;0.8;0.8;Tercatat;Cor Beton;True;True;0.64;
2242;17031;CTT-9611;Sal. Jl. Olahraga 1;Kota Adm. Jakarta Timur;Kramat Jati;525.0;0.8;0.8;Tercatat;Cor Beton;True;True;0.64;
2243;17032;CTT-9612;;Kota Adm. Jakarta Timur;Kramat Jati;;;;Tercatat;Cor Beton;True;False;;dimensi_tidak_lengkap
2244;17033;CTT-9613;;Kota Adm. Jakarta Timur;Kramat Jati;;;;Tercatat;Cor Beton;True;False;;dimensi_tidak_lengkap
2245;17034;CTT-9614;Sal. Jl. Olahraga 2;Kota Adm. Jakarta Timur;Kramat Jati;450.0;0.8;0.8;Tercatat;Cor Beton;True;True;0.64;
2246;17035;CTT-9615;Sal. Jl. Olahraga 2;Kota Adm. Jakarta Timur;Kramat Jati;450.0;0.8;0.8;Tercatat;Cor Beton;True;True;0.64;
2247;17036;CTT-9616;Sal. Jl. Olahraga 2;Kota Adm. Jakarta Timur;Kramat Jati;450.0;0.8;0.8;Tercatat;Cor Beton;True;True;0.64;
2248;17037;CTT-9617;Sal. Jl. Olahraga 2;Kota Adm. Jakarta Timur;Kramat Jati;450.0;0.8;0.8;Tercatat;Cor Beton;True;True;0.64;
2249;17038;CTT-9618;Sal. Jl. Cililitan Kecil II;Kota Adm. Jakarta Timur;Kramat Jati;475.0;0.6;0.6;Tercatat;Cor Beton;True;True;0.36;
2250;17039;CTT-9619;Sal. Jl. Cililitan Kecil II;Kota Adm. Jakarta Timur;Kramat Jati;475.0;0.6;0.6;Tercatat;Cor Beton;True;True;0.36;
2251;17040;CTT-9620;Sal. Jl. Cililitan Kecil I;Kota Adm. Jakarta Timur;Kramat Jati;325.0;0.6;0.6;Tercatat;U-ditch;True;True;0.36;
2252;17041;CTT-9621;Sal. Jl. Cililitan Kecil I;Kota Adm. Jakarta Timur;Kramat Jati;325.0;0.6;0.6;Tercatat;U-ditch;True;True;0.36;
2253;17042;CTT-9622;Sal. Jl. Cililitan Kecil I;Kota Adm. Jakarta Timur;Kramat Jati;325.0;0.6;0.6;Tercatat;U-ditch;True;True;0.36;
2254;17043;CTT-9623;Sal. Jl. Cililitan Kecil I;Kota Adm. Jakarta Timur;Kramat Jati;325.0;0.6;0.6;Tercatat;U-ditch;True;True;0.36;
2255;17044;CTT-9624;Sal. Jl. Cililitan Kecil I;Kota Adm. Jakarta Timur;Kramat Jati;325.0;0.6;0.6;Tercatat;U-ditch;True;True;0.36;
2256;17045;CTT-9625;Sal. Jl. Cililitan Kecil I;Kota Adm. Jakarta Timur;Kramat Jati;325.0;0.6;0.6;Tercatat;U-ditch;True;True;0.36;
2257;17046;CTT-9626;Sal. Jl. Mandala V;Kota Adm. Jakarta Timur;Kramat Jati;375.0;0.6;0.6;Tercatat;Turap Batu Kali;True;True;0.36;
2258;17047;CTT-9627;Sal. Jl. Mandala V;Kota Adm. Jakarta Timur;Kramat Jati;375.0;0.6;0.6;Tercatat;Turap Batu Kali;True;True;0.36;
2259;17048;CTT-9628;Sal. Jl. Cililitan Kecil I;Kota Adm. Jakarta Timur;Kramat Jati;325.0;0.6;0.6;Tercatat;U-ditch;True;True;0.36;
2260;17049;CTT-9629;Sal. Jl. Cililitan Kecil I;Kota Adm. Jakarta Timur;Kramat Jati;325.0;0.6;0.6;Tercatat;U-ditch;True;True;0.36;
2261;17050;CTT-9630;Sal. Jl. PLN;Kota Adm. Jakarta Timur;Kramat Jati;450.0;2.0;1.5;Tercatat;Turap Batu Kali;True;True;3.0;
2262;17051;CTT-9631;Sal. Jl. PLN;Kota Adm. Jakarta Timur;Kramat Jati;450.0;2.0;1.5;Tercatat;Turap Batu Kali;True;True;3.0;
1982;16771;CWG-6;Sal. Jl. Komp. Permata buana/pulau buana bira D1 RT14/09 Kel. 17 utara;Kota Adm. Jakarta Timur;Kramat Jati;;;;Tidak diketahui;Tidak diketahui;False;False;;dimensi_tidak_lengkap, status_belum_tercatat
2164;16953;CWG-9533;Sal. Jl. Arus;Kota Adm. Jakarta Timur;Kramat Jati;1000.0;1.5;1.5;Tercatat;Turap Batu Kali;True;True;2.25;
2165;16954;CWG-9534;Sal. Jl. Arus;Kota Adm. Jakarta Timur;Kramat Jati;1000.0;1.5;1.5;Tercatat;Turap Batu Kali;True;True;2.25;
2166;16955;CWG-9535;Sal. Jl. Arus;Kota Adm. Jakarta Timur;Kramat Jati;1000.0;1.5;1.5;Tercatat;Turap Batu Kali;True;True;2.25;
2167;16956;CWG-9536;Sal. Jl. Arus;Kota Adm. Jakarta Timur;Kramat Jati;1000.0;1.5;1.5;Tercatat;Turap Batu Kali;True;True;2.25;
2168;16957;CWG-9537;Sal. Jl. Arus;Kota Adm. Jakarta Timur;Kramat Jati;1000.0;1.5;1.5;Tercatat;Turap Batu Kali;True;True;2.25;
2169;16958;CWG-9538;Sal. Jl. Arus;Kota Adm. Jakarta Timur;Kramat Jati;1000.0;1.5;1.5;Tercatat;Turap Batu Kali;True;True;2.25;
2170;16959;CWG-9539;Sal. Jl. Arus;Kota Adm. Jakarta Timur;Kramat Jati;1000.0;1.5;1.5;Tercatat;Turap Batu Kali;True;True;2.25;
2171;16960;CWG-9540;Sal. Jl. Arus;Kota Adm. Jakarta Timur;Kramat Jati;1000.0;1.5;1.5;Tercatat;Turap Batu Kali;True;True;2.25;
2172;16961;CWG-9541;Sal. Jl. Arus;Kota Adm. Jakarta Timur;Kramat Jati;1000.0;1.5;1.5;Tercatat;Turap Batu Kali;True;True;2.25;
2173;16962;CWG-9542;Sal. Jl. Arus;Kota Adm. Jakarta Timur;Kramat Jati;1000.0;1.5;1.5;Tercatat;Turap Batu Kali;True;True;2.25;
1984;16773;DKH-9299;Sal. Jl. Dukuh III;Kota Adm. Jakarta Timur;Kramat Jati;325.0;0.6;0.6;Tercatat;Cor Beton;True;True;0.36;
1985;16774;DKH-9300;Sal. Jl. Dukuh III;Kota Adm. Jakarta Timur;Kramat Jati;325.0;0.6;0.6;Tercatat;Cor Beton;True;True;0.36;
1986;16775;DKH-9301;Sal. Jl. Pondok Gede Raya;Kota Adm. Jakarta Timur;Kramat Jati;750.0;0.7;0.7;Tercatat;Cor Beton;True;True;0.49;
1987;16776;DKH-9302;Sal. Jl. Pondok Gede Raya;Kota Adm. Jakarta Timur;Kramat Jati;750.0;0.7;0.7;Tercatat;Cor Beton;True;True;0.49;
1988;16777;DKH-9303;Sal. Jl. Pondok Gede Raya;Kota Adm. Jakarta Timur;Kramat Jati;750.0;0.7;0.7;Tercatat;Cor Beton;True;True;0.49;
1989;16778;DKH-9304;Sal. Jl. Pondok Gede Raya;Kota Adm. Jakarta Timur;Kramat Jati;750.0;0.7;0.7;Tercatat;Cor Beton;True;True;0.49;
1990;16779;DKH-9305;Sal. Jl. Dukuh VI;Kota Adm. Jakarta Timur;Kramat Jati;325.0;0.6;0.6;Tercatat;Cor Beton;True;True;0.36;
1991;16780;DKH-9306;Sal. Jl. Dukuh VI;Kota Adm. Jakarta Timur;Kramat Jati;325.0;0.6;0.6;Tercatat;Cor Beton;True;True;0.36;
1992;16781;DKH-9307;Sal. Jl. Dukuh V;Kota Adm. Jakarta Timur;Kramat Jati;825.0;0.6;0.6;Tercatat;Cor Beton;True;True;0.36;
1993;16782;DKH-9308;Sal. Jl. Dukuh V;Kota Adm. Jakarta Timur;Kramat Jati;825.0;0.6;0.6;Tercatat;Cor Beton;True;True;0.36;
1994;16783;DKH-9309;Sal. Jl. Dukuh V;Kota Adm. Jakarta Timur;Kramat Jati;825.0;0.6;0.6;Tercatat;Cor Beton;True;True;0.36;
1995;16784;DKH-9310;Sal. Jl. Dukuh V;Kota Adm. Jakarta Timur;Kramat Jati;825.0;0.6;0.6;Tercatat;Cor Beton;True;True;0.36;
1996;16785;DKH-9311;;Kota Adm. Jakarta Timur;Kramat Jati;;;;Tercatat;Cor Beton;True;False;;dimensi_tidak_lengkap
1997;16786;DKH-9312;;Kota Adm. Jakarta Timur;Kramat Jati;;;;Tercatat;Cor Beton;True;False;;dimensi_tidak_lengkap
1998;16787;DKH-9313;;Kota Adm. Jakarta Timur;Kramat Jati;;;;Tercatat;Cor Beton;True;False;;dimensi_tidak_lengkap
1999;16788;DKH-9314;;Kota Adm. Jakarta Timur;Kramat Jati;;;;Tercatat;Cor Beton;True;False;;dimensi_tidak_lengkap
2000;16789;DKH-9315;;Kota Adm. Jakarta Timur;Kramat Jati;;;;Tercatat;Cor Beton;True;False;;dimensi_tidak_lengkap
2001;16790;DKH-9316;;Kota Adm. Jakarta Timur;Kramat Jati;;;;Tercatat;Cor Beton;True;False;;dimensi_tidak_lengkap
2002;16791;DKH-9317;;Kota Adm. Jakarta Timur;Kramat Jati;;;;Tercatat;Cor Beton;True;False;;dimensi_tidak_lengkap
2003;16792;DKH-9318;;Kota Adm. Jakarta Timur;Kramat Jati;;;;Tercatat;Cor Beton;True;False;;dimensi_tidak_lengkap
2004;16793;DKH-9319;;Kota Adm. Jakarta Timur;Kramat Jati;;;;Tercatat;Cor Beton;True;False;;dimensi_tidak_lengkap
2005;16794;DKH-9320;;Kota Adm. Jakarta Timur;Kramat Jati;;;;Tercatat;Cor Beton;True;False;;dimensi_tidak_lengkap
2006;16795;DKH-9322;;Kota Adm. Jakarta Timur;Kramat Jati;;;;Tercatat;Cor Beton;True;False;;dimensi_tidak_lengkap
2007;16796;DKH-9324;;Kota Adm. Jakarta Timur;Kramat Jati;;;;Tercatat;Cor Beton;True;False;;dimensi_tidak_lengkap
2008;16797;DKH-9325;;Kota Adm. Jakarta Timur;Kramat Jati;;;;Tercatat;Cor Beton;True;False;;dimensi_tidak_lengkap
2009;16798;DKH-9328;;Kota Adm. Jakarta Timur;Kramat Jati;;;;Tercatat;Cor Beton;True;False;;dimensi_tidak_lengkap
2010;16799;DKH-9331;;Kota Adm. Jakarta Timur;Kramat Jati;;;;Tercatat;Cor Beton;True;False;;dimensi_tidak_lengkap
2011;16800;DKH-9332;;Kota Adm. Jakarta Timur;Kramat Jati;;;;Tercatat;Cor Beton;True;False;;dimensi_tidak_lengkap
2012;16801;DKH-9334;Sal. Jl. Penggilingan Baru;Kota Adm. Jakarta Timur;Kramat Jati;750.0;0.6;0.6;Tercatat;Cor Beton;True;True;0.36;
2013;16802;DKH-9336;Sal. Jl. Penggilingan Baru;Kota Adm. Jakarta Timur;Kramat Jati;750.0;0.6;0.6;Tercatat;Cor Beton;True;True;0.36;
2014;16803;DKH-9337;;Kota Adm. Jakarta Timur;Kramat Jati;;;;Tercatat;Cor Beton;True;False;;dimensi_tidak_lengkap
2015;16804;DKH-9338;;Kota Adm. Jakarta Timur;Kramat Jati;;;;Tercatat;Cor Beton;True;False;;dimensi_tidak_lengkap
2016;16805;DKH-9339;;Kota Adm. Jakarta Timur;Kramat Jati;;;;Tercatat;Cor Beton;True;False;;dimensi_tidak_lengkap
2017;16806;DKH-9340;;Kota Adm. Jakarta Timur;Kramat Jati;;;;Tercatat;Cor Beton;True;False;;dimensi_tidak_lengkap
2018;16807;DKH-9343;;Kota Adm. Jakarta Timur;Kramat Jati;;;;Tercatat;Cor Beton;True;False;;dimensi_tidak_lengkap
2019;16808;DKH-9344;;Kota Adm. Jakarta Timur;Kramat Jati;;;;Tercatat;Cor Beton;True;False;;dimensi_tidak_lengkap
2020;16809;DKH-9347;;Kota Adm. Jakarta Timur;Kramat Jati;;;;Tercatat;Cor Beton;True;False;;dimensi_tidak_lengkap
2021;16810;DKH-9348;;Kota Adm. Jakarta Timur;Kramat Jati;;;;Tercatat;Cor Beton;True;False;;dimensi_tidak_lengkap
2022;16811;DKH-9349;;Kota Adm. Jakarta Timur;Kramat Jati;;;;Tercatat;Cor Beton;True;False;;dimensi_tidak_lengkap
2023;16812;DKH-9350;;Kota Adm. Jakarta Timur;Kramat Jati;;;;Tercatat;Cor Beton;True;False;;dimensi_tidak_lengkap
2024;16813;DKH-9351;;Kota Adm. Jakarta Timur;Kramat Jati;;;;Tercatat;Cor Beton;True;False;;dimensi_tidak_lengkap
2025;16814;DKH-9352;;Kota Adm. Jakarta Timur;Kramat Jati;;;;Tercatat;Cor Beton;True;False;;dimensi_tidak_lengkap
2026;16815;DKH-9353;;Kota Adm. Jakarta Timur;Kramat Jati;;;;Tercatat;Cor Beton;True;False;;dimensi_tidak_lengkap
2027;16816;DKH-9355;;Kota Adm. Jakarta Timur;Kramat Jati;;;;Tercatat;Cor Beton;True;False;;dimensi_tidak_lengkap
2028;16817;DKH-9356;;Kota Adm. Jakarta Timur;Kramat Jati;;;;Tercatat;Cor Beton;True;False;;dimensi_tidak_lengkap
2029;16818;DKH-9358;;Kota Adm. Jakarta Timur;Kramat Jati;;;;Tercatat;Cor Beton;True;False;;dimensi_tidak_lengkap
2030;16819;DKH-9359;;Kota Adm. Jakarta Timur;Kramat Jati;;;;Tercatat;Cor Beton;True;False;;dimensi_tidak_lengkap
2031;16820;DKH-9360;;Kota Adm. Jakarta Timur;Kramat Jati;;;;Tercatat;Cor Beton;True;False;;dimensi_tidak_lengkap
2032;16821;DKH-9361;;Kota Adm. Jakarta Timur;Kramat Jati;;;;Tercatat;Cor Beton;True;False;;dimensi_tidak_lengkap
2033;16822;DKH-9366;;Kota Adm. Jakarta Timur;Kramat Jati;;;;Tercatat;Cor Beton;True;False;;dimensi_tidak_lengkap
2034;16823;DKH-9367;;Kota Adm. Jakarta Timur;Kramat Jati;;;;Tercatat;Cor Beton;True;False;;dimensi_tidak_lengkap
2035;16824;DKH-9368;;Kota Adm. Jakarta Timur;Kramat Jati;;;;Tercatat;Cor Beton;True;False;;dimensi_tidak_lengkap
2036;16825;DKH-9369;;Kota Adm. Jakarta Timur;Kramat Jati;;;;Tercatat;Cor Beton;True;False;;dimensi_tidak_lengkap
2037;16826;DKH-9370;;Kota Adm. Jakarta Timur;Kramat Jati;;;;Tercatat;Cor Beton;True;False;;dimensi_tidak_lengkap
2038;16827;DKH-9371;;Kota Adm. Jakarta Timur;Kramat Jati;;;;Tercatat;Cor Beton;True;False;;dimensi_tidak_lengkap
2039;16828;DKH-9372;;Kota Adm. Jakarta Timur;Kramat Jati;;;;Tercatat;Cor Beton;True;False;;dimensi_tidak_lengkap
2040;16829;DKH-9373;;Kota Adm. Jakarta Timur;Kramat Jati;;;;Tercatat;Cor Beton;True;False;;dimensi_tidak_lengkap
2041;16830;DKH-9374;;Kota Adm. Jakarta Timur;Kramat Jati;;;;Tercatat;Cor Beton;True;False;;dimensi_tidak_lengkap
2042;16831;DKH-9375;;Kota Adm. Jakarta Timur;Kramat Jati;;;;Tercatat;Cor Beton;True;False;;dimensi_tidak_lengkap
2043;16832;DKH-9376;;Kota Adm. Jakarta Timur;Kramat Jati;;;;Tercatat;Cor Beton;True;False;;dimensi_tidak_lengkap
2044;16833;DKH-9377;;Kota Adm. Jakarta Timur;Kramat Jati;;;;Tercatat;Cor Beton;True;False;;dimensi_tidak_lengkap
2045;16834;DKH-9378;;Kota Adm. Jakarta Timur;Kramat Jati;;;;Tercatat;Cor Beton;True;False;;dimensi_tidak_lengkap
2046;16835;DKH-9379;;Kota Adm. Jakarta Timur;Kramat Jati;;;;Tercatat;Cor Beton;True;False;;dimensi_tidak_lengkap
2047;16836;DKH-9380;;Kota Adm. Jakarta Timur;Kramat Jati;;;;Tercatat;Cor Beton;True;False;;dimensi_tidak_lengkap
2048;16837;DKH-9381;;Kota Adm. Jakarta Timur;Kramat Jati;;;;Tercatat;Cor Beton;True;False;;dimensi_tidak_lengkap
2049;16838;DKH-9382;;Kota Adm. Jakarta Timur;Kramat Jati;;;;Tercatat;Cor Beton;True;False;;dimensi_tidak_lengkap
2050;16839;DKH-9383;;Kota Adm. Jakarta Timur;Kramat Jati;;;;Tercatat;Cor Beton;True;False;;dimensi_tidak_lengkap
2051;16840;DKH-9386;;Kota Adm. Jakarta Timur;Kramat Jati;;;;Tercatat;Cor Beton;True;False;;dimensi_tidak_lengkap
2052;16841;DKH-9389;;Kota Adm. Jakarta Timur;Kramat Jati;;;;Tercatat;Cor Beton;True;False;;dimensi_tidak_lengkap
2053;16842;DKH-9390;;Kota Adm. Jakarta Timur;Kramat Jati;;;;Tercatat;Cor Beton;True;False;;dimensi_tidak_lengkap
2054;16843;DKH-9391;;Kota Adm. Jakarta Timur;Kramat Jati;;;;Tercatat;Cor Beton;True;False;;dimensi_tidak_lengkap
2055;16844;DKH-9392;;Kota Adm. Jakarta Timur;Kramat Jati;;;;Tercatat;Cor Beton;True;False;;dimensi_tidak_lengkap
2056;16845;DKH-9393;;Kota Adm. Jakarta Timur;Kramat Jati;;;;Tercatat;Cor Beton;True;False;;dimensi_tidak_lengkap
2057;16846;DKH-9394;Sal. Jl. Penggilingan Baru;Kota Adm. Jakarta Timur;Kramat Jati;750.0;0.6;0.6;Tercatat;Cor Beton;True;True;0.36;
2058;16847;DKH-9395;Sal. Jl. Penggilingan Baru;Kota Adm. Jakarta Timur;Kramat Jati;750.0;0.6;0.6;Tercatat;Cor Beton;True;True;0.36;
2059;16848;DKH-9396;;Kota Adm. Jakarta Timur;Kramat Jati;;;;Tercatat;Cor Beton;True;False;;dimensi_tidak_lengkap
2060;16849;DKH-9397;;Kota Adm. Jakarta Timur;Kramat Jati;;;;Tercatat;Cor Beton;True;False;;dimensi_tidak_lengkap
2061;16850;DKH-9398;;Kota Adm. Jakarta Timur;Kramat Jati;;;;Tercatat;Cor Beton;True;False;;dimensi_tidak_lengkap
2062;16851;DKH-9399;;Kota Adm. Jakarta Timur;Kramat Jati;;;;Tercatat;Cor Beton;True;False;;dimensi_tidak_lengkap
2063;16852;DKH-9401;;Kota Adm. Jakarta Timur;Kramat Jati;;;;Tercatat;Cor Beton;True;False;;dimensi_tidak_lengkap
2064;16853;DKH-9402;;Kota Adm. Jakarta Timur;Kramat Jati;;;;Tercatat;Cor Beton;True;False;;dimensi_tidak_lengkap
2065;16854;DKH-9403;;Kota Adm. Jakarta Timur;Kramat Jati;;;;Tercatat;Cor Beton;True;False;;dimensi_tidak_lengkap
2066;16855;DKH-9404;;Kota Adm. Jakarta Timur;Kramat Jati;;;;Tercatat;Cor Beton;True;False;;dimensi_tidak_lengkap
2067;16856;DKH-9406;;Kota Adm. Jakarta Timur;Kramat Jati;;;;Tercatat;Cor Beton;True;False;;dimensi_tidak_lengkap
2068;16857;DKH-9409;;Kota Adm. Jakarta Timur;Kramat Jati;;;;Tercatat;Cor Beton;True;False;;dimensi_tidak_lengkap
2069;16858;DKH-9410;;Kota Adm. Jakarta Timur;Kramat Jati;;;;Tercatat;Cor Beton;True;False;;dimensi_tidak_lengkap
2070;16859;DKH-9411;;Kota Adm. Jakarta Timur;Kramat Jati;;;;Tercatat;Cor Beton;True;False;;dimensi_tidak_lengkap
2071;16860;DKH-9412;;Kota Adm. Jakarta Timur;Kramat Jati;;;;Tercatat;Cor Beton;True;False;;dimensi_tidak_lengkap
2072;16861;DKH-9413;;Kota Adm. Jakarta Timur;Kramat Jati;;;;Tercatat;Cor Beton;True;False;;dimensi_tidak_lengkap
2073;16862;DKH-9415;;Kota Adm. Jakarta Timur;Kramat Jati;;;;Tercatat;Cor Beton;True;False;;dimensi_tidak_lengkap
2074;16863;DKH-9433;;Kota Adm. Jakarta Timur;Kramat Jati;;;;Tercatat;Cor Beton;True;False;;dimensi_tidak_lengkap
2075;16864;DKH-9434;;Kota Adm. Jakarta Timur;Kramat Jati;;;;Tercatat;Cor Beton;True;False;;dimensi_tidak_lengkap
2076;16865;DKH-9435;;Kota Adm. Jakarta Timur;Kramat Jati;;;;Tercatat;Cor Beton;True;False;;dimensi_tidak_lengkap
2077;16866;DKH-9436;;Kota Adm. Jakarta Timur;Kramat Jati;;;;Tercatat;Cor Beton;True;False;;dimensi_tidak_lengkap
2078;16867;DKH-9439;;Kota Adm. Jakarta Timur;Kramat Jati;;;;Tercatat;Cor Beton;True;False;;dimensi_tidak_lengkap
2079;16868;DKH-9440;;Kota Adm. Jakarta Timur;Kramat Jati;;;;Tercatat;Cor Beton;True;False;;dimensi_tidak_lengkap
2080;16869;DKH-9445;Sal. Jl. Gotong Royong;Kota Adm. Jakarta Timur;Kramat Jati;300.0;0.6;0.6;Tercatat;Cor Beton;True;True;0.36;
2081;16870;DKH-9446;Sal. Jl. Gotong Royong;Kota Adm. Jakarta Timur;Kramat Jati;300.0;0.6;0.6;Tercatat;Cor Beton;True;True;0.36;
2082;16871;DKH-9447;Sal. Jl. MAN 2;Kota Adm. Jakarta Timur;Kramat Jati;450.0;0.5;0.5;Tercatat;Cor Beton;True;True;0.25;
2083;16872;DKH-9448;Sal. Jl. MAN 2;Kota Adm. Jakarta Timur;Kramat Jati;450.0;0.5;0.5;Tercatat;Cor Beton;True;True;0.25;
2084;16873;DKH-9449;;Kota Adm. Jakarta Timur;Kramat Jati;;;;Tercatat;Cor Beton;True;False;;dimensi_tidak_lengkap
2085;16874;DKH-9450;;Kota Adm. Jakarta Timur;Kramat Jati;;;;Tercatat;Cor Beton;True;False;;dimensi_tidak_lengkap
2263;17052;KMJ-9646;Sal. Jl. 14 1;Kota Adm. Jakarta Timur;Kramat Jati;300.0;0.5;0.5;Tercatat;Cor Beton;True;True;0.25;
2264;17053;KMJ-9647;Sal. Jl. 14 1;Kota Adm. Jakarta Timur;Kramat Jati;300.0;0.5;0.5;Tercatat;Cor Beton;True;True;0.25;
2265;17054;KMJ-9648;Sal. Jl. 14 1;Kota Adm. Jakarta Timur;Kramat Jati;300.0;0.5;0.5;Tercatat;Cor Beton;True;True;0.25;
2266;17055;KMJ-9649;Sal. Jl. 14 1;Kota Adm. Jakarta Timur;Kramat Jati;300.0;0.5;0.5;Tercatat;Cor Beton;True;True;0.25;
2267;17056;KMJ-9650;Sal. Jl. 14;Kota Adm. Jakarta Timur;Kramat Jati;225.0;0.5;0.5;Tercatat;Cor Beton;True;True;0.25;
2268;17057;KMJ-9651;Sal. Jl. 14;Kota Adm. Jakarta Timur;Kramat Jati;225.0;0.5;0.5;Tercatat;Cor Beton;True;True;0.25;
2269;17058;KMJ-9652;Sal. Jl. 14;Kota Adm. Jakarta Timur;Kramat Jati;225.0;0.5;0.5;Tercatat;Cor Beton;True;True;0.25;
2270;17059;KMJ-9653;Sal. Jl. 14;Kota Adm. Jakarta Timur;Kramat Jati;225.0;0.5;0.5;Tercatat;Cor Beton;True;True;0.25;
2271;17060;KMJ-9654;Sal. Jl. 14 1;Kota Adm. Jakarta Timur;Kramat Jati;300.0;0.5;0.5;Tercatat;Cor Beton;True;True;0.25;
2272;17061;KMJ-9655;Sal. Jl. 14 1;Kota Adm. Jakarta Timur;Kramat Jati;300.0;0.5;0.5;Tercatat;Cor Beton;True;True;0.25;
2273;17062;KMJ-9656;Sal. Jl. 14 5;Kota Adm. Jakarta Timur;Kramat Jati;360.0;0.6;0.6;Tercatat;Cor Beton;True;True;0.36;
2274;17063;KMJ-9657;Sal. Jl. 14 5;Kota Adm. Jakarta Timur;Kramat Jati;360.0;0.6;0.6;Tercatat;Cor Beton;True;True;0.36;
2275;17064;KMJ-9658;Sal. Jl. 14 5;Kota Adm. Jakarta Timur;Kramat Jati;360.0;0.6;0.6;Tercatat;Cor Beton;True;True;0.36;
2276;17065;KMJ-9659;Sal. Jl. 14 5;Kota Adm. Jakarta Timur;Kramat Jati;360.0;0.6;0.6;Tercatat;Cor Beton;True;True;0.36;
2277;17066;KMJ-9662;Sal. Jl. Nusa;Kota Adm. Jakarta Timur;Kramat Jati;2000.0;3.0;3.0;Tercatat;Cor Beton;True;True;9.0;
2278;17067;KMJ-9665;Sal. Jl. Nusa;Kota Adm. Jakarta Timur;Kramat Jati;870.0;0.6;0.6;Tercatat;Cor Beton;True;True;0.36;
2279;17068;KMJ-9666;Sal. Jl. Nusa;Kota Adm. Jakarta Timur;Kramat Jati;870.0;0.6;0.6;Tercatat;Cor Beton;True;True;0.36;
2280;17069;KMJ-9669;Sal. Jl. RS Polri;Kota Adm. Jakarta Timur;Kramat Jati;650.0;0.6;0.6;Tercatat;U-ditch;True;True;0.36;
2281;17070;KMJ-9670;Sal. Jl. RS Polri;Kota Adm. Jakarta Timur;Kramat Jati;650.0;0.6;0.6;Tercatat;U-ditch;True;True;0.36;
2282;17071;KMJ-9671;Sal. Jl. Al-Amin;Kota Adm. Jakarta Timur;Kramat Jati;450.0;0.5;0.5;Tercatat;Cor Beton;True;True;0.25;
2283;17072;KMJ-9672;Sal. Jl. Al-Amin;Kota Adm. Jakarta Timur;Kramat Jati;450.0;0.5;0.5;Tercatat;Cor Beton;True;True;0.25;
2284;17073;KMJ-9673;Sal. Jl. Al-Amin;Kota Adm. Jakarta Timur;Kramat Jati;450.0;0.5;0.5;Tercatat;Cor Beton;True;True;0.25;
2285;17074;KMJ-9674;Sal. Jl. Al-Amin;Kota Adm. Jakarta Timur;Kramat Jati;450.0;0.5;0.5;Tercatat;Cor Beton;True;True;0.25;
2286;17075;KMJ-9676;Sal. Jl. RS Polri;Kota Adm. Jakarta Timur;Kramat Jati;650.0;0.6;0.6;Tercatat;U-ditch;True;True;0.36;
2287;17076;KMJ-9677;Sal. Jl. RS Polri;Kota Adm. Jakarta Timur;Kramat Jati;650.0;0.6;0.6;Tercatat;U-ditch;True;True;0.36;
2288;17077;KMJ-9692;;Kota Adm. Jakarta Timur;Kramat Jati;;;;Tercatat;Cor Beton;True;False;;dimensi_tidak_lengkap
2289;17078;KMJ-9694;;Kota Adm. Jakarta Timur;Kramat Jati;;;;Tercatat;Cor Beton;True;False;;dimensi_tidak_lengkap
2290;17079;KMJ-9698;Sal. Jl. Batu Tumbuh;Kota Adm. Jakarta Timur;Kramat Jati;300.0;0.6;0.6;Tercatat;Cor Beton;True;True;0.36;
2291;17080;KMJ-9699;Sal. Jl. Batu Tumbuh;Kota Adm. Jakarta Timur;Kramat Jati;300.0;0.6;0.6;Tercatat;Cor Beton;True;True;0.36;
2292;17081;KMJ-9702;Sal. Jl. Ditbekangad;Kota Adm. Jakarta Timur;Kramat Jati;300.0;0.4;0.6;Tercatat;Cor Beton;True;True;0.24;
2293;17082;KMJ-9703;Sal. Jl. Ditbekangad;Kota Adm. Jakarta Timur;Kramat Jati;300.0;0.4;0.6;Tercatat;Cor Beton;True;True;0.24;
2294;17083;KMJ-9704;Sal. Jl. Ditbekangad;Kota Adm. Jakarta Timur;Kramat Jati;300.0;0.4;0.6;Tercatat;Cor Beton;True;True;0.24;
2295;17084;KMJ-9705;Sal. Jl. Ditbekangad;Kota Adm. Jakarta Timur;Kramat Jati;300.0;0.4;0.6;Tercatat;Cor Beton;True;True;0.24;
2296;17085;KMJ-9706;Sal. Jl. Ditbekangad;Kota Adm. Jakarta Timur;Kramat Jati;300.0;0.4;0.6;Tercatat;Cor Beton;True;True;0.24;
2297;17086;KMJ-9707;Sal. Jl. Ditbekangad;Kota Adm. Jakarta Timur;Kramat Jati;300.0;0.4;0.6;Tercatat;Cor Beton;True;True;0.24;
2298;17087;KMJ-9708;Sal. Jl. Ditbekangad;Kota Adm. Jakarta Timur;Kramat Jati;300.0;0.4;0.6;Tercatat;Cor Beton;True;True;0.24;
2299;17088;KMJ-9709;Sal. Jl. Ditbekangad;Kota Adm. Jakarta Timur;Kramat Jati;300.0;0.4;0.6;Tercatat;Cor Beton;True;True;0.24;
2300;17089;KMJ-9710;Sal. Jl. Ditbekangad;Kota Adm. Jakarta Timur;Kramat Jati;300.0;0.4;0.6;Tercatat;Cor Beton;True;True;0.24;
2301;17090;KMJ-9711;Sal. Jl. Ditbekangad;Kota Adm. Jakarta Timur;Kramat Jati;300.0;0.4;0.6;Tercatat;Cor Beton;True;True;0.24;
2302;17091;KMJ-9712;Sal. Jl. Ditbekangad;Kota Adm. Jakarta Timur;Kramat Jati;300.0;0.4;0.6;Tercatat;Cor Beton;True;True;0.24;
2303;17092;KMJ-9713;Sal. Jl. Ditbekangad;Kota Adm. Jakarta Timur;Kramat Jati;300.0;0.4;0.6;Tercatat;Cor Beton;True;True;0.24;
2304;17093;KMJ-9714;Sal. Jl. Kerja Bakti;Kota Adm. Jakarta Timur;Kramat Jati;325.0;0.6;0.6;Tercatat;Cor Beton;True;True;0.36;
2305;17094;KMJ-9715;Sal. Jl. Kerja Bakti;Kota Adm. Jakarta Timur;Kramat Jati;325.0;0.6;0.6;Tercatat;Cor Beton;True;True;0.36;
2306;17095;KMJ-9716;Sal. Jl. Kerja Bakti;Kota Adm. Jakarta Timur;Kramat Jati;325.0;0.6;0.6;Tercatat;Cor Beton;True;True;0.36;
2307;17096;KMJ-9717;Sal. Jl. Kerja Bakti;Kota Adm. Jakarta Timur;Kramat Jati;325.0;0.6;0.6;Tercatat;Cor Beton;True;True;0.36;
2308;17097;KMJ-9718;Sal. Jl. Budimarwan;Kota Adm. Jakarta Timur;Kramat Jati;500.0;0.6;0.6;Tercatat;Cor Beton;True;True;0.36;
2309;17098;KMJ-9719;Sal. Jl. Budimarwan;Kota Adm. Jakarta Timur;Kramat Jati;500.0;0.6;0.6;Tercatat;Cor Beton;True;True;0.36;
2310;17099;KMJ-9720;;Kota Adm. Jakarta Timur;Kramat Jati;;;;Tercatat;Cor Beton;True;False;;dimensi_tidak_lengkap
2311;17100;KMJ-9721;;Kota Adm. Jakarta Timur;Kramat Jati;;;;Tercatat;Cor Beton;True;False;;dimensi_tidak_lengkap
2312;17101;KMJ-9722;;Kota Adm. Jakarta Timur;Kramat Jati;;;;Tercatat;Cor Beton;True;False;;dimensi_tidak_lengkap
2313;17102;KMJ-9723;;Kota Adm. Jakarta Timur;Kramat Jati;;;;Tercatat;Cor Beton;True;False;;dimensi_tidak_lengkap
2314;17103;KMJ-9724;Sal. Jl. Budimarwan;Kota Adm. Jakarta Timur;Kramat Jati;500.0;0.6;0.6;Tercatat;Cor Beton;True;True;0.36;
2315;17104;KMJ-9739;Sal. Jl. Budimarwan;Kota Adm. Jakarta Timur;Kramat Jati;500.0;0.6;0.6;Tercatat;Cor Beton;True;True;0.36;
2316;17105;KMJ-9740;Sal. Jl. Budimarwan;Kota Adm. Jakarta Timur;Kramat Jati;500.0;0.6;0.6;Tercatat;Cor Beton;True;True;0.36;
2317;17106;KMJ-9741;Sal. Jl. Budimarwan;Kota Adm. Jakarta Timur;Kramat Jati;500.0;0.6;0.6;Tercatat;Cor Beton;True;True;0.36;
2318;17107;KMJ-9742;Sal. Jl. Datuk Tonggaro;Kota Adm. Jakarta Timur;Kramat Jati;750.0;0.6;0.8;Tercatat;Cor Beton;True;True;0.48;
2319;17108;KMJ-9743;Sal. Jl. Datuk Tonggaro;Kota Adm. Jakarta Timur;Kramat Jati;750.0;0.6;0.8;Tercatat;Cor Beton;True;True;0.48;
2320;17109;KMJ-9744;;Kota Adm. Jakarta Timur;Kramat Jati;;;;Tercatat;Cor Beton;True;False;;dimensi_tidak_lengkap
2321;17110;KMJ-9745;;Kota Adm. Jakarta Timur;Kramat Jati;;;;Tercatat;Cor Beton;True;False;;dimensi_tidak_lengkap
2322;17111;KMJ-9749;;Kota Adm. Jakarta Timur;Kramat Jati;;;;Tercatat;Cor Beton;True;False;;dimensi_tidak_lengkap
2323;17112;KMJ-9759;;Kota Adm. Jakarta Timur;Kramat Jati;;;;Tercatat;Cor Beton;True;False;;dimensi_tidak_lengkap
2324;17113;KMJ-9761;;Kota Adm. Jakarta Timur;Kramat Jati;;;;Tercatat;Cor Beton;True;False;;dimensi_tidak_lengkap
2325;17114;KMJ-9764;;Kota Adm. Jakarta Timur;Kramat Jati;;;;Tercatat;Cor Beton;True;False;;dimensi_tidak_lengkap
2326;17115;KMJ-9765;;Kota Adm. Jakarta Timur;Kramat Jati;;;;Tercatat;Cor Beton;True;False;;dimensi_tidak_lengkap
2327;17116;KMJ-9766;;Kota Adm. Jakarta Timur;Kramat Jati;;;;Tercatat;Cor Beton;True;False;;dimensi_tidak_lengkap
2328;17117;KMJ-9767;;Kota Adm. Jakarta Timur;Kramat Jati;;;;Tercatat;Cor Beton;True;False;;dimensi_tidak_lengkap
2329;17118;KMJ-9768;;Kota Adm. Jakarta Timur;Kramat Jati;;;;Tercatat;Cor Beton;True;False;;dimensi_tidak_lengkap
2330;17119;KMJ-9770;;Kota Adm. Jakarta Timur;Kramat Jati;;;;Tercatat;Cor Beton;True;False;;dimensi_tidak_lengkap
2331;17120;KMJ-9772;;Kota Adm. Jakarta Timur;Kramat Jati;;;;Tercatat;Cor Beton;True;False;;dimensi_tidak_lengkap
2332;17121;KMJ-9780;;Kota Adm. Jakarta Timur;Kramat Jati;;;;Tercatat;Cor Beton;True;False;;dimensi_tidak_lengkap
2333;17122;KMJ-9781;;Kota Adm. Jakarta Timur;Kramat Jati;;;;Tercatat;Cor Beton;True;False;;dimensi_tidak_lengkap
2334;17123;KMJ-9782;;Kota Adm. Jakarta Timur;Kramat Jati;;;;Tercatat;Cor Beton;True;False;;dimensi_tidak_lengkap
2335;17124;KMJ-9783;;Kota Adm. Jakarta Timur;Kramat Jati;;;;Tercatat;Cor Beton;True;False;;dimensi_tidak_lengkap
2336;17125;KMJ-9784;;Kota Adm. Jakarta Timur;Kramat Jati;;;;Tercatat;Cor Beton;True;False;;dimensi_tidak_lengkap
2337;17126;KMJ-9785;;Kota Adm. Jakarta Timur;Kramat Jati;;;;Tercatat;Cor Beton;True;False;;dimensi_tidak_lengkap
2338;17127;KMJ-9786;;Kota Adm. Jakarta Timur;Kramat Jati;;;;Tercatat;Cor Beton;True;False;;dimensi_tidak_lengkap
2339;17128;KMJ-9787;;Kota Adm. Jakarta Timur;Kramat Jati;;;;Tercatat;Cor Beton;True;False;;dimensi_tidak_lengkap
2340;17129;KMJ-9798;;Kota Adm. Jakarta Timur;Kramat Jati;;;;Tercatat;Cor Beton;True;False;;dimensi_tidak_lengkap
2341;17130;KMJ-9809;;Kota Adm. Jakarta Timur;Kramat Jati;;;;Tercatat;Cor Beton;True;False;;dimensi_tidak_lengkap
2342;17131;KMJ-9810;;Kota Adm. Jakarta Timur;Kramat Jati;;;;Tercatat;Cor Beton;True;False;;dimensi_tidak_lengkap
2343;17132;KMJ-9811;;Kota Adm. Jakarta Timur;Kramat Jati;;;;Tercatat;Cor Beton;True;False;;dimensi_tidak_lengkap
2344;17133;KMJ-9812;;Kota Adm. Jakarta Timur;Kramat Jati;;;;Tercatat;Cor Beton;True;False;;dimensi_tidak_lengkap
2345;17134;KMJ-9813;;Kota Adm. Jakarta Timur;Kramat Jati;;;;Tercatat;Cor Beton;True;False;;dimensi_tidak_lengkap
2346;17135;KMJ-9814;;Kota Adm. Jakarta Timur;Kramat Jati;;;;Tercatat;Cor Beton;True;False;;dimensi_tidak_lengkap
2347;17136;KMJ-9815;;Kota Adm. Jakarta Timur;Kramat Jati;;;;Tercatat;Cor Beton;True;False;;dimensi_tidak_lengkap
2348;17137;KMJ-9816;;Kota Adm. Jakarta Timur;Kramat Jati;;;;Tercatat;Cor Beton;True;False;;dimensi_tidak_lengkap
2349;17138;KMJ-9817;;Kota Adm. Jakarta Timur;Kramat Jati;;;;Tercatat;Cor Beton;True;False;;dimensi_tidak_lengkap
2350;17139;KMJ-9818;;Kota Adm. Jakarta Timur;Kramat Jati;;;;Tercatat;Cor Beton;True;False;;dimensi_tidak_lengkap
2351;17140;KMJ-9819;;Kota Adm. Jakarta Timur;Kramat Jati;;;;Tercatat;Cor Beton;True;False;;dimensi_tidak_lengkap
2352;17141;KMJ-9820;;Kota Adm. Jakarta Timur;Kramat Jati;;;;Tercatat;Cor Beton;True;False;;dimensi_tidak_lengkap
2353;17142;KMJ-9821;;Kota Adm. Jakarta Timur;Kramat Jati;;;;Tercatat;Cor Beton;True;False;;dimensi_tidak_lengkap
2354;17143;KMJ-9822;;Kota Adm. Jakarta Timur;Kramat Jati;;;;Tercatat;Cor Beton;True;False;;dimensi_tidak_lengkap
2355;17144;KMJ-9823;;Kota Adm. Jakarta Timur;Kramat Jati;;;;Tercatat;Cor Beton;True;False;;dimensi_tidak_lengkap
2356;17145;KMJ-9824;;Kota Adm. Jakarta Timur;Kramat Jati;;;;Tercatat;Cor Beton;True;False;;dimensi_tidak_lengkap
2357;17146;KMJ-9825;;Kota Adm. Jakarta Timur;Kramat Jati;;;;Tercatat;Cor Beton;True;False;;dimensi_tidak_lengkap
2358;17147;KMJ-9826;;Kota Adm. Jakarta Timur;Kramat Jati;;;;Tercatat;Cor Beton;True;False;;dimensi_tidak_lengkap
2359;17148;KMJ-9827;;Kota Adm. Jakarta Timur;Kramat Jati;;;;Tercatat;Cor Beton;True;False;;dimensi_tidak_lengkap
2360;17149;KMJ-9828;;Kota Adm. Jakarta Timur;Kramat Jati;;;;Tercatat;Cor Beton;True;False;;dimensi_tidak_lengkap
2361;17150;KMJ-9829;;Kota Adm. Jakarta Timur;Kramat Jati;;;;Tercatat;Cor Beton;True;False;;dimensi_tidak_lengkap
2362;17151;KMJ-9830;;Kota Adm. Jakarta Timur;Kramat Jati;;;;Tercatat;Cor Beton;True;False;;dimensi_tidak_lengkap
2363;17152;KMJ-9831;;Kota Adm. Jakarta Timur;Kramat Jati;;;;Tercatat;Cor Beton;True;False;;dimensi_tidak_lengkap
2364;17153;KMJ-9832;;Kota Adm. Jakarta Timur;Kramat Jati;;;;Tercatat;Cor Beton;True;False;;dimensi_tidak_lengkap
2365;17154;KMJ-9833;;Kota Adm. Jakarta Timur;Kramat Jati;;;;Tercatat;Cor Beton;True;False;;dimensi_tidak_lengkap
2366;17155;KMJ-9834;;Kota Adm. Jakarta Timur;Kramat Jati;;;;Tercatat;Cor Beton;True;False;;dimensi_tidak_lengkap
2367;17156;KMJ-9837;;Kota Adm. Jakarta Timur;Kramat Jati;;;;Tercatat;Cor Beton;True;False;;dimensi_tidak_lengkap
2368;17157;KMJ-9838;;Kota Adm. Jakarta Timur;Kramat Jati;;;;Tercatat;Cor Beton;True;False;;dimensi_tidak_lengkap
2369;17158;KMJ-9839;;Kota Adm. Jakarta Timur;Kramat Jati;;;;Tercatat;Cor Beton;True;False;;dimensi_tidak_lengkap
2370;17159;KMJ-9840;;Kota Adm. Jakarta Timur;Kramat Jati;;;;Tercatat;Cor Beton;True;False;;dimensi_tidak_lengkap
2371;17160;KMJ-9841;;Kota Adm. Jakarta Timur;Kramat Jati;;;;Tercatat;Cor Beton;True;False;;dimensi_tidak_lengkap
2372;17161;KMJ-9842;;Kota Adm. Jakarta Timur;Kramat Jati;;;;Tercatat;Cor Beton;True;False;;dimensi_tidak_lengkap
2373;17162;KMJ-9843;;Kota Adm. Jakarta Timur;Kramat Jati;;;;Tercatat;Cor Beton;True;False;;dimensi_tidak_lengkap
2374;17163;KMJ-9844;;Kota Adm. Jakarta Timur;Kramat Jati;;;;Tercatat;Cor Beton;True;False;;dimensi_tidak_lengkap
2375;17164;KMJ-9845;;Kota Adm. Jakarta Timur;Kramat Jati;;;;Tercatat;Cor Beton;True;False;;dimensi_tidak_lengkap
2376;17165;KMJ-9846;;Kota Adm. Jakarta Timur;Kramat Jati;;;;Tercatat;Cor Beton;True;False;;dimensi_tidak_lengkap
2377;17166;KMJ-9847;;Kota Adm. Jakarta Timur;Kramat Jati;;;;Tercatat;Cor Beton;True;False;;dimensi_tidak_lengkap
2378;17167;KMJ-9848;;Kota Adm. Jakarta Timur;Kramat Jati;;;;Tercatat;Cor Beton;True;False;;dimensi_tidak_lengkap
2379;17168;KMJ-9849;;Kota Adm. Jakarta Timur;Kramat Jati;;;;Tercatat;Cor Beton;True;False;;dimensi_tidak_lengkap
2380;17169;KMJ-9850;;Kota Adm. Jakarta Timur;Kramat Jati;;;;Tercatat;Cor Beton;True;False;;dimensi_tidak_lengkap
2381;17170;KMJ-9851;;Kota Adm. Jakarta Timur;Kramat Jati;;;;Tercatat;Cor Beton;True;False;;dimensi_tidak_lengkap
2382;17171;KMJ-9852;;Kota Adm. Jakarta Timur;Kramat Jati;;;;Tercatat;Cor Beton;True;False;;dimensi_tidak_lengkap
2383;17172;KMJ-9853;;Kota Adm. Jakarta Timur;Kramat Jati;;;;Tercatat;Cor Beton;True;False;;dimensi_tidak_lengkap
2384;17173;KMJ-9854;;Kota Adm. Jakarta Timur;Kramat Jati;;;;Tercatat;Cor Beton;True;False;;dimensi_tidak_lengkap
2385;17174;KMJ-9855;;Kota Adm. Jakarta Timur;Kramat Jati;;;;Tercatat;Cor Beton;True;False;;dimensi_tidak_lengkap
2386;17175;KMJ-9856;;Kota Adm. Jakarta Timur;Kramat Jati;;;;Tercatat;Cor Beton;True;False;;dimensi_tidak_lengkap
2387;17176;KMJ-9857;;Kota Adm. Jakarta Timur;Kramat Jati;;;;Tercatat;Cor Beton;True;False;;dimensi_tidak_lengkap
2388;17177;KMJ-9858;;Kota Adm. Jakarta Timur;Kramat Jati;;;;Tercatat;Cor Beton;True;False;;dimensi_tidak_lengkap
2389;17178;KMJ-9861;;Kota Adm. Jakarta Timur;Kramat Jati;;;;Tercatat;Cor Beton;True;False;;dimensi_tidak_lengkap
2390;17179;KMJ-9862;;Kota Adm. Jakarta Timur;Kramat Jati;;;;Tercatat;Cor Beton;True;False;;dimensi_tidak_lengkap
2391;17180;KMJ-9863;;Kota Adm. Jakarta Timur;Kramat Jati;;;;Tercatat;Cor Beton;True;False;;dimensi_tidak_lengkap
2392;17181;KMJ-9866;;Kota Adm. Jakarta Timur;Kramat Jati;;;;Tercatat;Cor Beton;True;False;;dimensi_tidak_lengkap
2144;16933;KPT-9513;Sal. Jl. Inerbang;Kota Adm. Jakarta Timur;Kramat Jati;750.0;0.8;0.8;Tercatat;Cor Beton;True;True;0.64;
2145;16934;KPT-9514;Sal. Jl. Inerbang;Kota Adm. Jakarta Timur;Kramat Jati;750.0;0.8;0.8;Tercatat;Cor Beton;True;True;0.64;
2203;16992;KPT-9572;Sal. Jl. Raya Tengah;Kota Adm. Jakarta Timur;Kramat Jati;1200.0;0.6;0.6;Tercatat;Cor Beton;True;True;0.36;
2204;16993;KPT-9573;Sal. Jl. Raya Tengah;Kota Adm. Jakarta Timur;Kramat Jati;1200.0;0.6;0.6;Tercatat;Cor Beton;True;True;0.36;
2205;16994;KPT-9574;Sal. Jl. Masjid Al Bariyah;Kota Adm. Jakarta Timur;Kramat Jati;500.0;0.8;0.8;Tercatat;Cor Beton;True;True;0.64;
2206;16995;KPT-9575;Sal. Jl. Masjid Al Bariyah;Kota Adm. Jakarta Timur;Kramat Jati;500.0;0.8;0.8;Tercatat;Cor Beton;True;True;0.64;
2207;16996;KPT-9576;Sal. Jl. H. Ali;Kota Adm. Jakarta Timur;Kramat Jati;750.0;0.6;0.8;Tercatat;Cor Beton;True;True;0.48;
2208;16997;KPT-9577;Sal. Jl. H. Ali;Kota Adm. Jakarta Timur;Kramat Jati;750.0;0.6;0.8;Tercatat;Cor Beton;True;True;0.48;
2209;16998;KPT-9578;Sal. Jl. H. Ali;Kota Adm. Jakarta Timur;Kramat Jati;750.0;0.6;0.8;Tercatat;Cor Beton;True;True;0.48;
2210;16999;KPT-9579;Sal. Jl. H. Ali;Kota Adm. Jakarta Timur;Kramat Jati;750.0;0.6;0.8;Tercatat;Cor Beton;True;True;0.48;
2211;17000;KPT-9580;;Kota Adm. Jakarta Timur;Kramat Jati;;;;Tercatat;Tidak diketahui;True;False;;dimensi_tidak_lengkap
2212;17001;KPT-9581;;Kota Adm. Jakarta Timur;Kramat Jati;;;;Tercatat;Tidak diketahui;True;False;;dimensi_tidak_lengkap
2213;17002;KPT-9582;Sal. Jl. H. Ali;Kota Adm. Jakarta Timur;Kramat Jati;750.0;0.6;0.8;Tercatat;Cor Beton;True;True;0.48;
2214;17003;KPT-9583;Sal. Jl. H. Ali;Kota Adm. Jakarta Timur;Kramat Jati;750.0;0.6;0.8;Tercatat;Cor Beton;True;True;0.48;
2215;17004;KPT-9584;;Kota Adm. Jakarta Timur;Kramat Jati;;;;Tercatat;Tidak diketahui;True;False;;dimensi_tidak_lengkap
2216;17005;KPT-9585;;Kota Adm. Jakarta Timur;Kramat Jati;;;;Tercatat;Tidak diketahui;True;False;;dimensi_tidak_lengkap
2217;17006;KPT-9586;Sal. Jl. H. Ali;Kota Adm. Jakarta Timur;Kramat Jati;750.0;0.6;0.8;Tercatat;Cor Beton;True;True;0.48;
2218;17007;KPT-9587;Sal. Jl. H. Ali;Kota Adm. Jakarta Timur;Kramat Jati;750.0;0.6;0.8;Tercatat;Cor Beton;True;True;0.48;
2219;17008;KPT-9588;Sal. Jl. H. Ali;Kota Adm. Jakarta Timur;Kramat Jati;750.0;0.6;0.8;Tercatat;Cor Beton;True;True;0.48;
2220;17009;KPT-9589;Sal. Jl. H. Ali;Kota Adm. Jakarta Timur;Kramat Jati;750.0;0.6;0.8;Tercatat;Cor Beton;True;True;0.48;
2221;17010;KPT-9590;;Kota Adm. Jakarta Timur;Kramat Jati;;;;Tercatat;Tidak diketahui;True;False;;dimensi_tidak_lengkap
2222;17011;KPT-9591;;Kota Adm. Jakarta Timur;Kramat Jati;;;;Tercatat;Tidak diketahui;True;False;;dimensi_tidak_lengkap
2223;17012;KPT-9592;;Kota Adm. Jakarta Timur;Kramat Jati;;;;Tercatat;Tidak diketahui;True;False;;dimensi_tidak_lengkap
2224;17013;KPT-9593;;Kota Adm. Jakarta Timur;Kramat Jati;;;;Tercatat;Tidak diketahui;True;False;;dimensi_tidak_lengkap
2225;17014;KPT-9594;Sal. Jl. Inpres;Kota Adm. Jakarta Timur;Kramat Jati;1350.0;0.8;0.8;Tercatat;Cor Beton;True;True;0.64;
2226;17015;KPT-9595;Sal. Jl. Inpres;Kota Adm. Jakarta Timur;Kramat Jati;1350.0;0.8;0.8;Tercatat;Cor Beton;True;True;0.64;
2227;17016;KPT-9596;Sal. Jl. Inpres;Kota Adm. Jakarta Timur;Kramat Jati;1350.0;0.8;0.8;Tercatat;Cor Beton;True;True;0.64;
2228;17017;KPT-9597;Sal. Jl. Inpres;Kota Adm. Jakarta Timur;Kramat Jati;1350.0;0.8;0.8;Tercatat;Cor Beton;True;True;0.64;
2229;17018;KPT-9598;Sal. Jl. Merpati;Kota Adm. Jakarta Timur;Kramat Jati;350.0;0.6;0.6;Tercatat;Cor Beton;True;True;0.36;
2230;17019;KPT-9599;Sal. Jl. Merpati;Kota Adm. Jakarta Timur;Kramat Jati;350.0;0.6;0.6;Tercatat;Cor Beton;True;True;0.36;
2623;17412;CPM-1000;Sal. Jl. Kavaleri;Kota Adm. Jakarta Timur;Makasar;195.0;0.4;0.4;Tercatat;Tidak diketahui;True;True;0.16;
2624;17413;CPM-1001;Sal. Jl. Arochman Nurkhoir;Kota Adm. Jakarta Timur;Makasar;250.0;0.5;0.5;Tercatat;Coran di tempat;True;True;0.25;
2625;17414;CPM-1002;Sal. Jl. Arochman Nurkhoir;Kota Adm. Jakarta Timur;Makasar;250.0;0.5;0.5;Tercatat;Coran di tempat;True;True;0.25;
2564;17353;CPM-903;Sal. Jl. Masjid Sabillillah;Kota Adm. Jakarta Timur;Makasar;50.0;0.4;0.4;Tercatat;Turap batu kali;True;True;0.16;
2565;17354;CPM-904;Sal. Jl. Masjid Sabillillah;Kota Adm. Jakarta Timur;Makasar;50.0;0.4;0.4;Tercatat;Turap batu kali;True;True;0.16;
2566;17355;CPM-905;Sal. Jl. Sulaiman;Kota Adm. Jakarta Timur;Makasar;600.0;0.4;0.4;Tercatat;Turap batu kali;True;True;0.16;
2568;17357;CPM-924;Sal. Jl. Mukarobin;Kota Adm. Jakarta Timur;Makasar;150.0;0.5;0.4;Tercatat;Turap batu kali;True;True;0.2;
2569;17358;CPM-925;Sal. Jl. Mukarobin;Kota Adm. Jakarta Timur;Makasar;150.0;0.5;0.4;Tercatat;Turap batu kali;True;True;0.2;
2570;17359;CPM-926;Sal. Jl. Kali Sunter;Kota Adm. Jakarta Timur;Makasar;300.0;0.4;0.4;Tercatat;Precast;True;True;0.16;
2571;17360;CPM-928;Sal. Jl. Kali Sunter;Kota Adm. Jakarta Timur;Makasar;300.0;0.4;0.4;Tercatat;Precast;True;True;0.16;
2572;17361;CPM-930;;Kota Adm. Jakarta Timur;Makasar;;;;Tercatat;Turap batu kali;True;False;;dimensi_tidak_lengkap
2573;17362;CPM-931;;Kota Adm. Jakarta Timur;Makasar;;;;Tercatat;Turap batu kali;True;False;;dimensi_tidak_lengkap
2574;17363;CPM-933;Sal. Jl. Pintu Air 2;Kota Adm. Jakarta Timur;Makasar;150.0;0.4;0.4;Tercatat;Turap batu kali;True;True;0.16;
2575;17364;CPM-934;Sal. Jl. Pintu Air 2;Kota Adm. Jakarta Timur;Makasar;150.0;0.4;0.4;Tercatat;Turap batu kali;True;True;0.16;
2576;17365;CPM-936;Sal. Jl. Jagur;Kota Adm. Jakarta Timur;Makasar;253.0;0.4;0.4;Tercatat;Turap batu kali;True;True;0.16;
2577;17366;CPM-937;Sal. Jl. Jagur;Kota Adm. Jakarta Timur;Makasar;257.0;0.4;0.4;Tercatat;Turap batu kali;True;True;0.16;
2578;17367;CPM-938;Sal. Jl. Budi Harapan 1;Kota Adm. Jakarta Timur;Makasar;57.0;0.4;1.6;Tercatat;Turap batu kali;True;True;0.64;
2579;17368;CPM-939;Sal. Jl. Budi Harapan 1;Kota Adm. Jakarta Timur;Makasar;57.0;0.4;1.6;Tercatat;Turap batu kali;True;True;0.64;
2580;17369;CPM-940;Sal. Jl. Budi Harapan 2;Kota Adm. Jakarta Timur;Makasar;133.0;0.4;1.5;Tercatat;Turap batu kali;True;True;0.6;
2581;17370;CPM-941;Sal. Jl. Budi Harapan 2;Kota Adm. Jakarta Timur;Makasar;133.0;0.4;1.5;Tercatat;Turap batu kali;True;True;0.6;
2582;17371;CPM-942;Sal. Jl. Budi Harapan;Kota Adm. Jakarta Timur;Makasar;294.0;1.0;0.5;Tercatat;Turap batu kali;True;True;0.5;
2583;17372;CPM-943;Sal. Jl. Budi Harapan;Kota Adm. Jakarta Timur;Makasar;291.0;1.0;0.5;Tercatat;Turap batu kali;True;True;0.5;
2584;17373;CPM-945;Sal. Jl. Ki Ajeng Pamanahan;Kota Adm. Jakarta Timur;Makasar;239.0;0.4;0.4;Tercatat;Turap batu kali;True;True;0.16;
2585;17374;CPM-946;Sal. Jl. Ki Ajeng Pamanahan;Kota Adm. Jakarta Timur;Makasar;250.0;0.4;0.4;Tercatat;Turap batu kali;True;True;0.16;
2586;17375;CPM-947;Sal. Jl. Bakti Raya;Kota Adm. Jakarta Timur;Makasar;267.0;0.4;0.4;Tercatat;Turap batu kali;True;True;0.16;
2587;17376;CPM-948;Sal. Jl. Bakti Raya;Kota Adm. Jakarta Timur;Makasar;264.0;0.4;0.4;Tercatat;Turap batu kali;True;True;0.16;
2588;17377;CPM-949;Sal. Jl. Pangkalan Jati 1;Kota Adm. Jakarta Timur;Makasar;276.0;0.5;0.5;Tercatat;Turap batu kali;True;True;0.25;
2589;17378;CPM-950;Sal. Jl. Pangkalan Jati 1;Kota Adm. Jakarta Timur;Makasar;279.0;0.5;0.5;Tercatat;Turap batu kali;True;True;0.25;
2590;17379;CPM-952;Sal. Jl. Harapan Jaya;Kota Adm. Jakarta Timur;Makasar;166.0;1.5;0.5;Tercatat;Turap batu kali;True;True;0.75;
2591;17380;CPM-953;Sal. Jl. Harapan Jaya;Kota Adm. Jakarta Timur;Makasar;174.0;1.5;0.5;Tercatat;Turap batu kali;True;True;0.75;
2592;17381;CPM-956;Sal. Jl. Harapan Indah;Kota Adm. Jakarta Timur;Makasar;440.0;0.5;0.5;Tercatat;Turap batu kali;True;True;0.25;
2593;17382;CPM-957;Sal. Jl. Harapan Indah;Kota Adm. Jakarta Timur;Makasar;436.0;0.5;0.5;Tercatat;Turap batu kali;True;True;0.25;
2594;17383;CPM-960;Sal. Jl. Pangkalan Jati 3;Kota Adm. Jakarta Timur;Makasar;402.0;0.5;0.5;Tercatat;Turap batu kali;True;True;0.25;
2595;17384;CPM-961;Sal. Jl. Pangkalan Jati 3;Kota Adm. Jakarta Timur;Makasar;402.0;0.5;0.5;Tercatat;Turap batu kali;True;True;0.25;
2596;17385;CPM-965;Sal. Jl. Pangkalan Jati 2;Kota Adm. Jakarta Timur;Makasar;207.0;0.4;0.4;Tercatat;Turap batu kali;True;True;0.16;
2597;17386;CPM-966;Sal. Jl. Pangkalan Jati 2;Kota Adm. Jakarta Timur;Makasar;211.0;0.4;0.4;Tercatat;Turap batu kali;True;True;0.16;
2598;17387;CPM-967;Sal. Jl. Pangkalan Jati 4;Kota Adm. Jakarta Timur;Makasar;180.0;0.6;0.5;Tercatat;Turap batu kali;True;True;0.3;
2599;17388;CPM-968;Sal. Jl. Pangkalan Jati 4;Kota Adm. Jakarta Timur;Makasar;181.0;0.6;0.5;Tercatat;Turap batu kali;True;True;0.3;
2600;17389;CPM-971;Sal. Jl. Pangkalan Jati;Kota Adm. Jakarta Timur;Makasar;391.0;0.4;0.4;Tercatat;Turap batu kali;True;True;0.16;
2601;17390;CPM-972;Sal. Jl. Pangkalan Jati;Kota Adm. Jakarta Timur;Makasar;390.0;0.4;0.4;Tercatat;Turap batu kali;True;True;0.16;
2602;17391;CPM-973;Sal. Jl. Seulawah Raya;Kota Adm. Jakarta Timur;Makasar;333.0;0.4;0.4;Tercatat;Turap batu kali;True;True;0.16;
2603;17392;CPM-974;Sal. Jl. Seulawah Raya;Kota Adm. Jakarta Timur;Makasar;193.0;0.4;0.4;Tercatat;Turap batu kali;True;True;0.16;
2604;17393;CPM-975;Sal. Jl. Seulawah Raya;Kota Adm. Jakarta Timur;Makasar;348.0;0.4;0.4;Tercatat;Turap batu kali;True;True;0.16;
2605;17394;CPM-976;Sal. Jl. Seulawah Raya;Kota Adm. Jakarta Timur;Makasar;211.0;0.4;0.4;Tercatat;Turap batu kali;True;True;0.16;
2606;17395;CPM-977;Sal. Jl. Infantri;Kota Adm. Jakarta Timur;Makasar;401.0;0.4;0.4;Tercatat;Turap batu kali;True;True;0.16;
2607;17396;CPM-978;Sal. Jl. Infantri;Kota Adm. Jakarta Timur;Makasar;401.0;0.4;0.4;Tercatat;Turap batu kali;True;True;0.16;
2608;17397;CPM-979;Sal. Jl. Meriam;Kota Adm. Jakarta Timur;Makasar;472.0;1.3;1.0;Tercatat;Turap batu kali;True;True;1.3;
2609;17398;CPM-980;Sal. Jl. Meriam;Kota Adm. Jakarta Timur;Makasar;472.0;1.3;1.0;Tercatat;Turap batu kali;True;True;1.3;
2610;17399;CPM-981;;Kota Adm. Jakarta Timur;Makasar;;;;Tercatat;Turap batu kali;True;False;;dimensi_tidak_lengkap
2611;17400;CPM-982;;Kota Adm. Jakarta Timur;Makasar;;;;Tercatat;Turap batu kali;True;False;;dimensi_tidak_lengkap
2612;17401;CPM-983;Sal. Jl. Kavaleri;Kota Adm. Jakarta Timur;Makasar;186.0;0.4;0.4;Tercatat;Turap batu kali;True;True;0.16;
2613;17402;CPM-984;Sal. Jl. Kavaleri;Kota Adm. Jakarta Timur;Makasar;186.0;0.4;0.4;Tercatat;Turap batu kali;True;True;0.16;
2614;17403;CPM-985;Sal. Jl. Tank;Kota Adm. Jakarta Timur;Makasar;240.0;0.4;0.4;Tercatat;Turap batu kali;True;True;0.16;
2615;17404;CPM-986;Sal. Jl. Tank;Kota Adm. Jakarta Timur;Makasar;240.0;0.4;0.4;Tercatat;Turap batu kali;True;True;0.16;
2616;17405;CPM-988;Sal. Jl. Angkutan;Kota Adm. Jakarta Timur;Makasar;90.0;0.6;0.6;Tercatat;Turap batu kali;True;True;0.36;
2617;17406;CPM-989;Sal. Jl. Angkutan;Kota Adm. Jakarta Timur;Makasar;90.0;0.6;0.6;Tercatat;Turap batu kali;True;True;0.36;
2618;17407;CPM-990;Sal. Jl. Angkutan;Kota Adm. Jakarta Timur;Makasar;347.0;0.6;0.6;Tercatat;Turap batu kali;True;True;0.36;
2619;17408;CPM-991;Sal. Jl. Angkutan;Kota Adm. Jakarta Timur;Makasar;338.0;0.6;0.6;Tercatat;Turap batu kali;True;True;0.36;
2620;17409;CPM-992;Sal. Jl. Pomad;Kota Adm. Jakarta Timur;Makasar;393.0;0.5;0.5;Tercatat;Turap batu kali;True;True;0.25;
2621;17410;CPM-993;Sal. Jl. Pomad;Kota Adm. Jakarta Timur;Makasar;393.0;0.5;0.5;Tercatat;Turap batu kali;True;True;0.25;
2622;17411;CPM-999;Sal. Jl. Kavaleri;Kota Adm. Jakarta Timur;Makasar;194.0;0.4;0.4;Tercatat;Turap batu kali;True;True;0.16;
2481;17270;HPK-114;Sal. Jl. Cililitan Besar;Kota Adm. Jakarta Timur;Makasar;500.0;0.6;0.6;Tercatat;Precast;True;True;0.36;
2626;17415;HPK-3434;Sal. Jl. Mandala;Kota Adm. Jakarta Timur;Makasar;350.0;0.6;0.6;Tercatat;Tidak diketahui;True;True;0.36;
2627;17416;HPK-3435;Sal. Jl. Mandala;Kota Adm. Jakarta Timur;Makasar;350.0;0.6;0.6;Tercatat;Tidak diketahui;True;True;0.36;
2628;17417;HPK-3436;Sal. Jl. Mandala;Kota Adm. Jakarta Timur;Makasar;350.0;0.6;0.6;Tercatat;Tidak diketahui;True;True;0.36;
2629;17418;HPK-3437;Sal. Jl. Mandala;Kota Adm. Jakarta Timur;Makasar;350.0;0.6;0.6;Tercatat;Tidak diketahui;True;True;0.36;
2630;17419;HPK-3438;Sal. Jl. Maphilindo;Kota Adm. Jakarta Timur;Makasar;300.0;0.25;0.6;Tercatat;Tidak diketahui;True;True;0.15;
2631;17420;HPK-3439;Sal. Jl. Maphilindo;Kota Adm. Jakarta Timur;Makasar;300.0;0.25;0.6;Tercatat;Tidak diketahui;True;True;0.15;
2632;17421;HPK-3440;Sal. Jl. Siaga;Kota Adm. Jakarta Timur;Makasar;600.0;0.6;0.6;Tercatat;Tidak diketahui;True;True;0.36;
2633;17422;HPK-3441;Sal. Jl. Siaga 1;Kota Adm. Jakarta Timur;Makasar;200.0;0.4;0.4;Tercatat;Tidak diketahui;True;True;0.16;
2634;17423;HPK-3442;Sal. Jl. Siaga 2;Kota Adm. Jakarta Timur;Makasar;200.0;0.6;0.6;Tercatat;Tidak diketahui;True;True;0.36;
2635;17424;HPK-3443;Sal. Jl. Siaga 3;Kota Adm. Jakarta Timur;Makasar;200.0;0.4;0.4;Tercatat;Tidak diketahui;True;True;0.16;
2636;17425;HPK-3444;Sal. Jl. Dwikora;Kota Adm. Jakarta Timur;Makasar;550.0;0.6;0.6;Tercatat;Tidak diketahui;True;True;0.36;
2637;17426;HPK-3445;Sal. Jl. Rajawali Raya;Kota Adm. Jakarta Timur;Makasar;100.0;0.4;0.4;Tercatat;Tidak diketahui;True;True;0.16;
2638;17427;HPK-3446;Sal. Jl. Rajawali Raya;Kota Adm. Jakarta Timur;Makasar;100.0;0.4;0.4;Tercatat;Tidak diketahui;True;True;0.16;
2639;17428;HPK-3447;Sal. Jl. Rajawali Baru;Kota Adm. Jakarta Timur;Makasar;100.0;0.4;0.4;Tercatat;Tidak diketahui;True;True;0.16;
2640;17429;HPK-3448;Sal. Jl. Rajawali Baru;Kota Adm. Jakarta Timur;Makasar;100.0;0.4;0.4;Tercatat;Tidak diketahui;True;True;0.16;
2641;17430;HPK-3449;Sal. Jl. Rajawali Timur;Kota Adm. Jakarta Timur;Makasar;200.0;0.4;0.4;Tercatat;Tidak diketahui;True;True;0.16;
2642;17431;HPK-3450;Sal. Jl. Rajawali Timur;Kota Adm. Jakarta Timur;Makasar;200.0;0.4;0.4;Tercatat;Tidak diketahui;True;True;0.16;
2643;17432;HPK-3451;Sal. Jl. Branjangan;Kota Adm. Jakarta Timur;Makasar;300.0;0.4;0.4;Tercatat;Tidak diketahui;True;True;0.16;
2644;17433;HPK-3452;Sal. Jl. Branjangan;Kota Adm. Jakarta Timur;Makasar;300.0;0.4;0.4;Tercatat;Tidak diketahui;True;True;0.16;
2645;17434;HPK-3453;Sal. Jl. Cendrawasih;Kota Adm. Jakarta Timur;Makasar;50.0;0.4;0.4;Tercatat;Tidak diketahui;True;True;0.16;
2646;17435;HPK-3454;Sal. Jl. Cendrawasih;Kota Adm. Jakarta Timur;Makasar;50.0;0.4;0.4;Tercatat;Tidak diketahui;True;True;0.16;
2647;17436;HPK-3455;Sal. Jl. Lumbanta;Kota Adm. Jakarta Timur;Makasar;150.0;1.0;1.2;Tercatat;Tidak diketahui;True;True;1.2;
2648;17437;HPK-3456;Sal. Jl. Lumbanta;Kota Adm. Jakarta Timur;Makasar;150.0;1.0;1.2;Tercatat;Tidak diketahui;True;True;1.2;
2649;17438;HPK-3457;Sal. Jl. Wangko;Kota Adm. Jakarta Timur;Makasar;200.0;0.5;0.5;Tercatat;Tidak diketahui;True;True;0.25;
2650;17439;HPK-3458;Sal. Jl. Wangko;Kota Adm. Jakarta Timur;Makasar;200.0;0.5;0.5;Tercatat;Tidak diketahui;True;True;0.25;
2651;17440;HPK-3459;Sal. Jl. Candra;Kota Adm. Jakarta Timur;Makasar;50.0;0.4;0.4;Tercatat;Tidak diketahui;True;True;0.16;
2652;17441;HPK-3460;Sal. Jl. Candra;Kota Adm. Jakarta Timur;Makasar;50.0;0.4;0.4;Tercatat;Tidak diketahui;True;True;0.16;
2653;17442;HPK-3461;;Kota Adm. Jakarta Timur;Makasar;;;;Tercatat;Tidak diketahui;True;False;;dimensi_tidak_lengkap
2654;17443;HPK-3462;;Kota Adm. Jakarta Timur;Makasar;;;;Tercatat;Tidak diketahui;True;False;;dimensi_tidak_lengkap
2655;17444;HPK-3463;Sal. Jl. Al Fida;Kota Adm. Jakarta Timur;Makasar;150.0;0.4;0.4;Tercatat;Tidak diketahui;True;True;0.16;
2656;17445;HPK-3464;Sal. Jl. Al Fida;Kota Adm. Jakarta Timur;Makasar;150.0;0.4;0.4;Tercatat;Tidak diketahui;True;True;0.16;
2657;17446;HPK-3465;Sal. Jl. Angkasa;Kota Adm. Jakarta Timur;Makasar;100.0;0.5;0.5;Tercatat;Tidak diketahui;True;True;0.25;
2658;17447;HPK-3466;Sal. Jl. Angkasa;Kota Adm. Jakarta Timur;Makasar;100.0;0.5;0.5;Tercatat;Tidak diketahui;True;True;0.25;
2659;17448;HPK-3467;Sal. Jl. Padang Golf;Kota Adm. Jakarta Timur;Makasar;750.0;0.4;0.4;Tercatat;Tidak diketahui;True;True;0.16;
2660;17449;HPK-3468;Sal. Jl. Padang Golf;Kota Adm. Jakarta Timur;Makasar;750.0;0.4;0.4;Tercatat;Tidak diketahui;True;True;0.16;
2661;17450;HPK-3469;Sal. Jl. Mustang;Kota Adm. Jakarta Timur;Makasar;530.0;0.6;0.6;Tercatat;Tidak diketahui;True;True;0.36;
2662;17451;HPK-3470;Sal. Jl. Permadi;Kota Adm. Jakarta Timur;Makasar;150.0;1.0;0.6;Tercatat;Tidak diketahui;True;True;0.6;
2663;17452;HPK-3471;Sal. Jl. Permadi;Kota Adm. Jakarta Timur;Makasar;150.0;1.0;0.6;Tercatat;Tidak diketahui;True;True;0.6;
2664;17453;HPK-3472;Sal. Jl. Setiaki;Kota Adm. Jakarta Timur;Makasar;150.0;0.4;0.4;Tercatat;Tidak diketahui;True;True;0.16;
2665;17454;HPK-3473;Sal. Jl. Sadewo;Kota Adm. Jakarta Timur;Makasar;96.0;0.4;0.4;Tercatat;Tidak diketahui;True;True;0.16;
2666;17455;HPK-3474;Sal. Jl. Sadewo;Kota Adm. Jakarta Timur;Makasar;96.0;0.4;0.4;Tercatat;Tidak diketahui;True;True;0.16;
2667;17456;HPK-3475;Sal. Jl. Sembodro;Kota Adm. Jakarta Timur;Makasar;50.0;0.4;0.4;Tercatat;Tidak diketahui;True;True;0.16;
2668;17457;HPK-3476;Sal. Jl. Sembodro;Kota Adm. Jakarta Timur;Makasar;50.0;0.4;0.4;Tercatat;Tidak diketahui;True;True;0.16;
2669;17458;HPK-3477;Sal. Jl. Arimbi;Kota Adm. Jakarta Timur;Makasar;50.0;0.4;0.4;Tercatat;Tidak diketahui;True;True;0.16;
2670;17459;HPK-3478;Sal. Jl. Arimbi;Kota Adm. Jakarta Timur;Makasar;50.0;0.4;0.4;Tercatat;Tidak diketahui;True;True;0.16;
2671;17460;HPK-3479;Sal. Jl. Gatotkaca;Kota Adm. Jakarta Timur;Makasar;100.0;0.8;0.8;Tercatat;Tidak diketahui;True;True;0.64;
2672;17461;HPK-3480;Sal. Jl. Gatotkaca;Kota Adm. Jakarta Timur;Makasar;100.0;0.8;0.8;Tercatat;Tidak diketahui;True;True;0.64;
2673;17462;HPK-3481;Sal. Jl. Setiobomo;Kota Adm. Jakarta Timur;Makasar;50.0;0.4;0.4;Tercatat;Tidak diketahui;True;True;0.16;
2674;17463;HPK-3482;Sal. Jl. Setiobomo;Kota Adm. Jakarta Timur;Makasar;50.0;0.4;0.4;Tercatat;Tidak diketahui;True;True;0.16;
2675;17464;HPK-3483;Sal. Jl. Punto Dewo;Kota Adm. Jakarta Timur;Makasar;160.0;0.5;0.5;Tercatat;Tidak diketahui;True;True;0.25;
2676;17465;HPK-3484;Sal. Jl. Banowati;Kota Adm. Jakarta Timur;Makasar;125.0;0.4;0.4;Tercatat;Tidak diketahui;True;True;0.16;
2677;17466;HPK-3485;Sal. Jl. Banowati;Kota Adm. Jakarta Timur;Makasar;125.0;0.4;0.4;Tercatat;Tidak diketahui;True;True;0.16;
2678;17467;HPK-3486;Sal. Jl. Sengkumi;Kota Adm. Jakarta Timur;Makasar;160.0;0.6;0.4;Tercatat;Tidak diketahui;True;True;0.24;
2679;17468;HPK-3487;Sal. Jl. Sengkumi;Kota Adm. Jakarta Timur;Makasar;160.0;0.6;0.4;Tercatat;Tidak diketahui;True;True;0.24;
2680;17469;HPK-3488;Sal. Jl. Destoroto;Kota Adm. Jakarta Timur;Makasar;125.0;0.4;0.4;Tercatat;Tidak diketahui;True;True;0.16;
2681;17470;HPK-3489;Sal. Jl. Destoroto;Kota Adm. Jakarta Timur;Makasar;125.0;0.4;0.4;Tercatat;Tidak diketahui;True;True;0.16;
2682;17471;HPK-3490;Sal. Jl. Basudewo;Kota Adm. Jakarta Timur;Makasar;125.0;0.4;0.4;Tercatat;Tidak diketahui;True;True;0.16;
2683;17472;HPK-3491;Sal. Jl. Basudewo;Kota Adm. Jakarta Timur;Makasar;125.0;0.4;0.4;Tercatat;Tidak diketahui;True;True;0.16;
2684;17473;HPK-3492;Sal. Jl. Resi Bismo;Kota Adm. Jakarta Timur;Makasar;125.0;0.4;0.4;Tercatat;Tidak diketahui;True;True;0.16;
2685;17474;HPK-3493;Sal. Jl. Resi Bismo;Kota Adm. Jakarta Timur;Makasar;125.0;0.4;0.4;Tercatat;Tidak diketahui;True;True;0.16;
2686;17475;HPK-3494;Sal. Jl. Mega;Kota Adm. Jakarta Timur;Makasar;110.0;0.6;0.6;Tercatat;Tidak diketahui;True;True;0.36;
2687;17476;HPK-3495;Sal. Jl. Mega;Kota Adm. Jakarta Timur;Makasar;110.0;0.6;0.6;Tercatat;Tidak diketahui;True;True;0.36;
2688;17477;HPK-3496;Sal. Jl. Candra;Kota Adm. Jakarta Timur;Makasar;50.0;0.4;0.4;Tercatat;Tidak diketahui;True;True;0.16;
2689;17478;HPK-3497;Sal. Jl. Candra;Kota Adm. Jakarta Timur;Makasar;50.0;0.4;0.4;Tercatat;Tidak diketahui;True;True;0.16;
2690;17479;HPK-3498;Sal. Jl. Mustang;Kota Adm. Jakarta Timur;Makasar;530.0;0.6;0.6;Tercatat;Tidak diketahui;True;True;0.36;
2691;17480;HPK-3499;Sal. Jl. Setiaki;Kota Adm. Jakarta Timur;Makasar;150.0;0.4;0.4;Tercatat;Tidak diketahui;True;True;0.16;
2692;17481;HPK-3500;;Kota Adm. Jakarta Timur;Makasar;;;;Tidak diketahui;Tidak diketahui;False;False;;dimensi_tidak_lengkap, status_belum_tercatat
2693;17482;HPK-3501;Sal. Jl. Ontorejo;Kota Adm. Jakarta Timur;Makasar;400.0;0.6;0.6;Tercatat;Tidak diketahui;True;True;0.36;
2694;17483;HPK-3502;Sal. Jl. Abimanyu;Kota Adm. Jakarta Timur;Makasar;50.0;0.4;0.4;Tercatat;Tidak diketahui;True;True;0.16;
2695;17484;HPK-3503;Sal. Jl. Abimanyu;Kota Adm. Jakarta Timur;Makasar;50.0;0.4;0.4;Tercatat;Tidak diketahui;True;True;0.16;
2696;17485;HPK-3504;Sal. Jl. Abimanyu;Kota Adm. Jakarta Timur;Makasar;50.0;0.4;0.4;Tercatat;Tidak diketahui;True;True;0.16;
2697;17486;HPK-3505;Sal. Jl. Abimanyu;Kota Adm. Jakarta Timur;Makasar;50.0;0.4;0.4;Tercatat;Tidak diketahui;True;True;0.16;
2698;17487;HPK-3506;Sal. Jl. Poncowolo;Kota Adm. Jakarta Timur;Makasar;50.0;0.4;0.4;Tercatat;Tidak diketahui;True;True;0.16;
2699;17488;HPK-3507;Sal. Jl. Poncowolo;Kota Adm. Jakarta Timur;Makasar;50.0;0.4;0.4;Tercatat;Tidak diketahui;True;True;0.16;
2700;17489;HPK-3508;Sal. Jl. Siti Sundari;Kota Adm. Jakarta Timur;Makasar;50.0;0.4;0.4;Tercatat;Tidak diketahui;True;True;0.16;
2701;17490;HPK-3509;Sal. Jl. Siti Sundari;Kota Adm. Jakarta Timur;Makasar;50.0;0.4;0.4;Tercatat;Tidak diketahui;True;True;0.16;
2702;17491;HPK-3510;Sal. Jl. Bayu;Kota Adm. Jakarta Timur;Makasar;150.0;0.4;0.4;Tercatat;Tidak diketahui;True;True;0.16;
2567;17356;HPK-906;Sal. Jl. Sulaiman;Kota Adm. Jakarta Timur;Makasar;600.0;0.4;0.4;Tercatat;Turap batu kali;True;True;0.16;
2510;17299;KBP-741;Sal. Jl. Perindustrian 1;Kota Adm. Jakarta Timur;Makasar;100.0;0.4;0.5;Tercatat;Turap Batu Kali;True;True;0.2;
2511;17300;KBP-742;Sal. Jl. Perindustrian 1;Kota Adm. Jakarta Timur;Makasar;100.0;0.4;0.5;Tercatat;Turap Batu Kali;True;True;0.2;
2512;17301;KBP-743;Sal. Jl. Perindustrian;Kota Adm. Jakarta Timur;Makasar;350.0;0.4;0.4;Tercatat;Turap Batu Kali;True;True;0.16;
2513;17302;KBP-744;Sal. Jl. Perindustrian;Kota Adm. Jakarta Timur;Makasar;350.0;0.4;0.4;Tercatat;Turap Batu Kali;True;True;0.16;
2514;17303;KBP-745;Sal. Jl. Perindustrian 2;Kota Adm. Jakarta Timur;Makasar;250.0;0.6;0.5;Tercatat;Turap Batu Kali;True;True;0.3;
2515;17304;KBP-746;Sal. Jl. Perindustrian 2;Kota Adm. Jakarta Timur;Makasar;250.0;0.6;0.5;Tercatat;Turap Batu Kali;True;True;0.3;
2516;17305;KBP-747;Sal. Jl. Darul Khairat;Kota Adm. Jakarta Timur;Makasar;650.0;0.5;0.5;Tercatat;Turap Batu Kali;True;True;0.25;
2517;17306;KBP-748;Sal. Jl. Darul Khairat;Kota Adm. Jakarta Timur;Makasar;650.0;0.5;0.5;Tercatat;Turap Batu Kali;True;True;0.25;
2518;17307;KBP-749;Sal. Jl. Darul Khairat;Kota Adm. Jakarta Timur;Makasar;650.0;0.5;0.5;Tercatat;Turap Batu Kali;True;True;0.25;
2519;17308;KBP-750;Sal. Jl. Darul Khairat;Kota Adm. Jakarta Timur;Makasar;650.0;0.5;0.5;Tercatat;Turap Batu Kali;True;True;0.25;
2520;17309;KBP-751;Sal. Jl. Sutomo 1;Kota Adm. Jakarta Timur;Makasar;200.0;0.4;0.4;Tercatat;Turap Batu Kali;True;True;0.16;
2521;17310;KBP-752;Sal. Jl. Sutomo 1;Kota Adm. Jakarta Timur;Makasar;200.0;0.4;0.4;Tercatat;Turap Batu Kali;True;True;0.16;
2522;17311;KBP-753;Sal. Jl. Sutomo 2;Kota Adm. Jakarta Timur;Makasar;200.0;0.4;0.4;Tercatat;Turap Batu Kali;True;True;0.16;
2523;17312;KBP-754;Sal. Jl. Sutomo 2;Kota Adm. Jakarta Timur;Makasar;200.0;0.4;0.4;Tercatat;Turap Batu Kali;True;True;0.16;
2524;17313;KBP-755;Sal. Jl. Kolonel Sutomo;Kota Adm. Jakarta Timur;Makasar;300.0;0.4;0.4;Tercatat;Turap Batu Kali;True;True;0.16;
2525;17314;KBP-756;Sal. Jl. Kolonel Sutomo;Kota Adm. Jakarta Timur;Makasar;300.0;0.4;0.4;Tercatat;Turap Batu Kali;True;True;0.16;
2526;17315;KBP-757;Sal. Jl. STM Gutama;Kota Adm. Jakarta Timur;Makasar;350.0;1.2;0.6;Tercatat;Turap Batu Kali;True;True;0.72;
2527;17316;KBP-758;Sal. Jl. STM Gutama;Kota Adm. Jakarta Timur;Makasar;350.0;1.2;0.6;Tercatat;Turap Batu Kali;True;True;0.72;
2528;17317;KBP-759;Sal. Jl. Permata;Kota Adm. Jakarta Timur;Makasar;250.0;0.8;0.8;Tercatat;Turap Batu Kali;True;True;0.64;
2529;17318;KBP-760;Sal. Jl. Permata;Kota Adm. Jakarta Timur;Makasar;250.0;0.8;0.8;Tercatat;Turap Batu Kali;True;True;0.64;
2530;17319;KBP-761;Sal. Jl. Jengki;Kota Adm. Jakarta Timur;Makasar;1300.0;0.6;0.6;Tercatat;Turap Batu Kali;True;True;0.36;
2531;17320;KBP-762;Sal. Jl. Jengki;Kota Adm. Jakarta Timur;Makasar;1300.0;0.6;0.6;Tercatat;Turap Batu Kali;True;True;0.36;
2532;17321;KBP-763;Sal. Jl. Jengki;Kota Adm. Jakarta Timur;Makasar;1300.0;0.6;0.6;Tercatat;Turap Batu Kali;True;True;0.36;
2533;17322;KBP-764;Sal. Jl. Melati;Kota Adm. Jakarta Timur;Makasar;350.0;0.5;0.5;Tercatat;Turap Batu Kali;True;True;0.25;
2534;17323;KBP-765;Sal. Jl. Melati;Kota Adm. Jakarta Timur;Makasar;350.0;0.5;0.5;Tercatat;Turap Batu Kali;True;True;0.25;
2535;17324;KBP-766;Sal. Jl. Nusa Indah 1;Kota Adm. Jakarta Timur;Makasar;200.0;0.4;0.4;Tercatat;Turap Batu Kali;True;True;0.16;
2536;17325;KBP-767;Sal. Jl. Nusa Indah 1;Kota Adm. Jakarta Timur;Makasar;200.0;0.4;0.4;Tercatat;Turap Batu Kali;True;True;0.16;
2537;17326;KBP-768;Sal. Jl. Nusa Indah 2;Kota Adm. Jakarta Timur;Makasar;200.0;0.5;0.5;Tercatat;Turap Batu Kali;True;True;0.25;
2538;17327;KBP-769;Sal. Jl. Nusa Indah 2;Kota Adm. Jakarta Timur;Makasar;200.0;0.5;0.5;Tercatat;Turap Batu Kali;True;True;0.25;
2539;17328;KBP-770;Sal. Jl. SD Inpres;Kota Adm. Jakarta Timur;Makasar;200.0;0.4;0.4;Tercatat;Turap Batu Kali;True;True;0.16;
2540;17329;KBP-771;Sal. Jl. SD Inpres;Kota Adm. Jakarta Timur;Makasar;200.0;0.4;0.4;Tercatat;Turap Batu Kali;True;True;0.16;
2541;17330;KBP-772;Sal. Jl. Mawar;Kota Adm. Jakarta Timur;Makasar;150.0;0.5;0.5;Tercatat;Precast;True;True;0.25;
2542;17331;KBP-773;Sal. Jl. Mawar;Kota Adm. Jakarta Timur;Makasar;150.0;0.5;0.5;Tercatat;Precast;True;True;0.25;
2543;17332;KBP-774;Sal. Jl. Puskesmas Kebon Pala;Kota Adm. Jakarta Timur;Makasar;300.0;0.4;0.4;Tercatat;Turap Batu Kali;True;True;0.16;
2544;17333;KBP-775;Sal. Jl. Puskesmas Kebon Pala;Kota Adm. Jakarta Timur;Makasar;300.0;0.4;0.4;Tercatat;Turap Batu Kali;True;True;0.16;
2545;17334;KBP-776;Sal. Jl. Cakrawala;Kota Adm. Jakarta Timur;Makasar;250.0;0.8;0.4;Tercatat;Turap Batu Kali;True;True;0.32;
2546;17335;KBP-777;Sal. Jl. Cakrawala;Kota Adm. Jakarta Timur;Makasar;250.0;0.8;0.4;Tercatat;Turap Batu Kali;True;True;0.32;
2547;17336;KBP-779;Sal. Jl. Kamboja;Kota Adm. Jakarta Timur;Makasar;400.0;0.6;0.4;Tercatat;Turap Batu Kali;True;True;0.24;
2548;17337;KBP-780;Sal. Jl. Kamboja;Kota Adm. Jakarta Timur;Makasar;400.0;0.6;0.4;Tercatat;Turap Batu Kali;True;True;0.24;
2549;17338;KBP-824;Sal. Jl. Cililitan Besar;Kota Adm. Jakarta Timur;Makasar;200.0;1.0;1.0;Tercatat;Turap Batu Kali;True;True;1.0;
2550;17339;KBP-825;Sal. Jl. Cililitan Besar;Kota Adm. Jakarta Timur;Makasar;200.0;1.0;1.0;Tercatat;Turap Batu Kali;True;True;1.0;
2551;17340;KBP-826;Sal. Jl. Yumas;Kota Adm. Jakarta Timur;Makasar;200.0;0.4;0.4;Tercatat;Turap Batu Kali;True;True;0.16;
2552;17341;KBP-827;Sal. Jl. Yumas;Kota Adm. Jakarta Timur;Makasar;200.0;0.4;0.4;Tercatat;Turap Batu Kali;True;True;0.16;
2553;17342;KBP-828;Sal. Jl. Al-Falah;Kota Adm. Jakarta Timur;Makasar;200.0;0.65;0.6;Tercatat;Turap Batu Kali;True;True;0.39;
2554;17343;KBP-829;Sal. Jl. Al-Falah;Kota Adm. Jakarta Timur;Makasar;200.0;0.65;0.6;Tercatat;Turap Batu Kali;True;True;0.39;
2555;17344;KBP-830;Sal. Jl. Usman Harun 1;Kota Adm. Jakarta Timur;Makasar;700.0;0.6;0.4;Tercatat;Turap Batu Kali;True;True;0.24;
2556;17345;KBP-831;Sal. Jl. Usman Harun;Kota Adm. Jakarta Timur;Makasar;250.0;0.4;0.5;Tercatat;Turap Batu Kali;True;True;0.2;
2557;17346;KBP-832;Sal. Jl. Usman Harun;Kota Adm. Jakarta Timur;Makasar;250.0;0.4;0.5;Tercatat;Turap Batu Kali;True;True;0.2;
2558;17347;KBP-833;Sal. Jl. Usman Harun 1;Kota Adm. Jakarta Timur;Makasar;700.0;0.6;0.4;Tercatat;Turap Batu Kali;True;True;0.24;
2559;17348;KBP-838;Sal. Jl. Hasbi;Kota Adm. Jakarta Timur;Makasar;255.0;0.4;0.4;Tercatat;Turap Batu Kali;True;True;0.16;
2560;17349;KBP-839;Sal. Jl. Hasbi;Kota Adm. Jakarta Timur;Makasar;255.0;0.4;0.4;Tercatat;Turap Batu Kali;True;True;0.16;
2561;17350;KBP-840;Sal. Jl. Hasbi;Kota Adm. Jakarta Timur;Makasar;255.0;0.4;0.4;Tercatat;Turap Batu Kali;True;True;0.16;
2562;17351;KBP-841;Sal. Jl. Cililitan Besar;Kota Adm. Jakarta Timur;Makasar;200.0;1.0;1.0;Tercatat;Turap Batu Kali;True;True;1.0;
2563;17352;KBP-842;Sal. Jl. Cililitan Besar;Kota Adm. Jakarta Timur;Makasar;200.0;1.0;1.0;Tercatat;Turap Batu Kali;True;True;1.0;
2397;17186;KBP-9064;Sal. Jl. Cililitan Besar;Kota Adm. Jakarta Timur;Makasar;184.0;1.0;1.0;Tercatat;Turap Batu Kali;True;True;1.0;
2467;17256;MKS-100;Sal. Jl. Suparno Suprapto;Kota Adm. Jakarta Timur;Makasar;150.0;0.4;0.4;Tercatat;Precast;True;True;0.16;
2468;17257;MKS-101;Sal. Jl. Suparno Suprapto;Kota Adm. Jakarta Timur;Makasar;150.0;0.4;0.4;Tercatat;Precast;True;True;0.16;
2469;17258;MKS-102;Sal. Jl. Gelanggang Remaja;Kota Adm. Jakarta Timur;Makasar;500.0;0.4;0.4;Tercatat;Precast;True;True;0.16;
2470;17259;MKS-103;Sal. Jl. Gelanggang Remaja;Kota Adm. Jakarta Timur;Makasar;500.0;0.4;0.4;Tercatat;Precast;True;True;0.16;
2471;17260;MKS-104;Sal. Jl. Depnaker;Kota Adm. Jakarta Timur;Makasar;800.0;0.6;0.4;Tercatat;Batu kali;True;True;0.24;
2472;17261;MKS-105;Sal. Jl. Depnaker;Kota Adm. Jakarta Timur;Makasar;800.0;0.6;0.4;Tercatat;Batu kali;True;True;0.24;
2473;17262;MKS-106;Sal. Jl. Sarbini 1;Kota Adm. Jakarta Timur;Makasar;201.0;0.25;0.4;Tercatat;Turap batu kali;True;True;0.1;
2474;17263;MKS-107;Sal. Jl. Sarbini 1;Kota Adm. Jakarta Timur;Makasar;201.0;0.25;0.4;Tercatat;Turap batu kali;True;True;0.1;
2475;17264;MKS-108;Sal. Jl. Sarbini 3;Kota Adm. Jakarta Timur;Makasar;230.0;0.5;0.5;Tercatat;Turap batu kali;True;True;0.25;
2476;17265;MKS-109;Sal. Jl. Sarbini 3;Kota Adm. Jakarta Timur;Makasar;230.0;0.5;0.5;Tercatat;Turap batu kali;True;True;0.25;
2477;17266;MKS-110;Sal. Jl. Sumur Jambu;Kota Adm. Jakarta Timur;Makasar;200.0;0.4;0.4;Tercatat;Cor tempat;True;True;0.16;
2478;17267;MKS-111;Sal. Jl. Sumur Jambu;Kota Adm. Jakarta Timur;Makasar;200.0;0.4;0.4;Tercatat;Cor tempat;True;True;0.16;
2479;17268;MKS-112;Sal. Jl. Cililitan Besar;Kota Adm. Jakarta Timur;Makasar;183.0;0.6;0.6;Tercatat;Precast;True;True;0.36;
2480;17269;MKS-113;Sal. Jl. Cililitan Besar;Kota Adm. Jakarta Timur;Makasar;500.0;0.6;0.6;Tercatat;Precast;True;True;0.36;
2482;17271;MKS-115;Sal. Jl. SDN 05;Kota Adm. Jakarta Timur;Makasar;300.0;1.5;1.5;Tercatat;Turap batu kali;True;True;2.25;
2483;17272;MKS-116;Sal. Jl. SDN 05;Kota Adm. Jakarta Timur;Makasar;300.0;1.5;1.5;Tercatat;Turap batu kali;True;True;2.25;
2455;17244;MKS-88;Sal. Jl. Jayakusuma;Kota Adm. Jakarta Timur;Makasar;250.0;0.4;0.4;Tercatat;Turap batu kali;True;True;0.16;
2456;17245;MKS-89;Sal. Jl. Jayakusuma;Kota Adm. Jakarta Timur;Makasar;250.0;0.4;0.4;Tercatat;Turap batu kali;True;True;0.16;
2457;17246;MKS-90;Sal. Jl. PLK;Kota Adm. Jakarta Timur;Makasar;200.0;0.5;0.5;Tercatat;Turap batu kali;True;True;0.25;
2393;17182;MKS-9060;Sal. Jl. Lembur;Kota Adm. Jakarta Timur;Makasar;300.0;0.4;0.4;Tercatat;Batu kali;True;True;0.16;
2394;17183;MKS-9061;Sal. Jl. Lembur;Kota Adm. Jakarta Timur;Makasar;300.0;0.4;0.4;Tercatat;Batu kali;True;True;0.16;
2395;17184;MKS-9062;Sal. Jl. PLK II;Kota Adm. Jakarta Timur;Makasar;100.0;0.5;0.5;Tercatat;Turap batu kali;True;True;0.25;
2396;17185;MKS-9063;Sal. Jl. PLK II;Kota Adm. Jakarta Timur;Makasar;100.0;0.5;0.5;Tercatat;Turap batu kali;True;True;0.25;
2398;17187;MKS-9065;Sal. Jl. Jaya Kusuma;Kota Adm. Jakarta Timur;Makasar;600.0;0.4;0.4;Tercatat;Precast;True;True;0.16;
2399;17188;MKS-9066;Sal. Jl. Berkah Raya;Kota Adm. Jakarta Timur;Makasar;200.0;0.6;0.6;Tercatat;Precast;True;True;0.36;
2458;17247;MKS-91;Sal. Jl. Pasar Yasau Lama;Kota Adm. Jakarta Timur;Makasar;700.0;0.4;0.4;Tercatat;Turap batu kali;True;True;0.16;
2459;17248;MKS-92;Sal. Jl. Al Munir;Kota Adm. Jakarta Timur;Makasar;400.0;0.4;0.4;Tercatat;Turap batu kali;True;True;0.16;
2400;17189;MKS-9244;Sal. Jl. Bentengan II;Kota Adm. Jakarta Timur;Makasar;100.0;0.4;0.4;Tercatat;Turap Batu Kali;True;True;0.16;
2401;17190;MKS-9245;Sal. Jl. Bentengan II;Kota Adm. Jakarta Timur;Makasar;100.0;0.4;0.4;Tercatat;Turap Batu Kali;True;True;0.16;
2402;17191;MKS-9246;Sal. Jl. Gg. Ahmad;Kota Adm. Jakarta Timur;Makasar;80.0;0.6;0.6;Tercatat;Precast;True;True;0.36;
2403;17192;MKS-9247;Sal. Jl. Nyata;Kota Adm. Jakarta Timur;Makasar;150.0;0.4;0.4;Tercatat;Turap Batu Kali;True;True;0.16;
2404;17193;MKS-9248;Sal. Jl. Nyata;Kota Adm. Jakarta Timur;Makasar;150.0;0.4;0.4;Tercatat;Turap Batu Kali;True;True;0.16;
2405;17194;MKS-9249;Sal. Jl. Bukti;Kota Adm. Jakarta Timur;Makasar;200.0;0.4;0.4;Tercatat;Turap Batu Kali;True;True;0.16;
2406;17195;MKS-9250;Sal. Jl. Bukti;Kota Adm. Jakarta Timur;Makasar;200.0;0.4;0.4;Tercatat;Turap Batu Kali;True;True;0.16;
2407;17196;MKS-9251;Sal. Jl. Gg. Dago II;Kota Adm. Jakarta Timur;Makasar;100.0;0.4;0.4;Tercatat;Tidak diketahui;True;True;0.16;
2408;17197;MKS-9252;Sal. Jl. Gg. Dago II;Kota Adm. Jakarta Timur;Makasar;100.0;0.4;0.4;Tercatat;Tidak diketahui;True;True;0.16;
2409;17198;MKS-9253;Sal. Jl. Rapih;Kota Adm. Jakarta Timur;Makasar;200.0;0.4;0.4;Tercatat;Turap Batu Kali;True;True;0.16;
2410;17199;MKS-9254;Sal. Jl. Rapih;Kota Adm. Jakarta Timur;Makasar;200.0;0.4;0.4;Tercatat;Turap Batu Kali;True;True;0.16;
2411;17200;MKS-9255;Sal. Jl. Gg. Dago III;Kota Adm. Jakarta Timur;Makasar;150.0;0.4;0.6;Tercatat;Turap Batu Kali;True;True;0.24;
2412;17201;MKS-9256;Sal. Jl. Ahmad;Kota Adm. Jakarta Timur;Makasar;150.0;0.6;1.0;Tercatat;Turap Batu Kali;True;True;0.6;
2413;17202;MKS-9257;Sal. Jl. Ahmad;Kota Adm. Jakarta Timur;Makasar;150.0;0.6;1.0;Tercatat;Turap Batu Kali;True;True;0.6;
2414;17203;MKS-9258;Sal. Jl. Masjid Al-Munir;Kota Adm. Jakarta Timur;Makasar;200.0;0.4;0.4;Tercatat;Turap Batu Kali;True;True;0.16;
2415;17204;MKS-9259;Sal. Jl. Masjid Al-Munir;Kota Adm. Jakarta Timur;Makasar;200.0;0.4;0.4;Tercatat;Turap Batu Kali;True;True;0.16;
2416;17205;MKS-9260;Sal. Jl. Gg. Langgar II;Kota Adm. Jakarta Timur;Makasar;100.0;0.4;0.4;Tercatat;Turap Batu Kali;True;True;0.16;
2417;17206;MKS-9261;Sal. Jl. Gg. Langgar II;Kota Adm. Jakarta Timur;Makasar;100.0;0.4;0.4;Tercatat;Turap Batu Kali;True;True;0.16;
2418;17207;MKS-9262;Sal. Jl. Kudin;Kota Adm. Jakarta Timur;Makasar;300.0;0.4;0.4;Tercatat;Turap Batu Kali;True;True;0.16;
2419;17208;MKS-9263;Sal. Jl. Kudin;Kota Adm. Jakarta Timur;Makasar;212.0;0.4;0.4;Tercatat;Turap Batu Kali;True;True;0.16;
2420;17209;MKS-9264;Sal. Jl. Manunggal;Kota Adm. Jakarta Timur;Makasar;200.0;0.4;0.4;Tercatat;Turap Batu Kali;True;True;0.16;
2421;17210;MKS-9265;Sal. Jl. Manunggal;Kota Adm. Jakarta Timur;Makasar;200.0;0.4;0.4;Tercatat;Turap Batu Kali;True;True;0.16;
2422;17211;MKS-9266;Sal. Jl. Manunggal;Kota Adm. Jakarta Timur;Makasar;200.0;0.4;0.4;Tercatat;Turap Batu Kali;True;True;0.16;
2423;17212;MKS-9267;Sal. Jl. Madukara;Kota Adm. Jakarta Timur;Makasar;200.0;0.5;0.5;Tercatat;Precast;True;True;0.25;
2424;17213;MKS-9268;Sal. Jl. Madukara;Kota Adm. Jakarta Timur;Makasar;200.0;0.5;0.5;Tercatat;Precast;True;True;0.25;
2425;17214;MKS-9269;Sal. Jl. AMD XII;Kota Adm. Jakarta Timur;Makasar;100.0;0.4;0.4;Tercatat;Turap Batu Kali;True;True;0.16;
2426;17215;MKS-9270;Sal. Jl. Pelur;Kota Adm. Jakarta Timur;Makasar;100.0;0.4;0.4;Tercatat;Turap Batu Kali;True;True;0.16;
2427;17216;MKS-9271;Sal. Jl. AMD XII A;Kota Adm. Jakarta Timur;Makasar;100.0;0.2;0.2;Tercatat;Turap Batu Kali;True;True;0.04;
2428;17217;MKS-9272;Sal. Jl. Kerja Bakti Raya;Kota Adm. Jakarta Timur;Makasar;400.0;0.8;0.8;Tercatat;Precast;True;True;0.64;
2429;17218;MKS-9273;Sal. Jl. Kerja Bakti Raya;Kota Adm. Jakarta Timur;Makasar;400.0;0.8;0.8;Tercatat;Precast;True;True;0.64;
2430;17219;MKS-9274;Sal. Jl. Tipala I;Kota Adm. Jakarta Timur;Makasar;150.0;0.4;0.4;Tercatat;Turap Batu Kali;True;True;0.16;
2431;17220;MKS-9275;Sal. Jl. Tipala I;Kota Adm. Jakarta Timur;Makasar;150.0;0.4;0.4;Tercatat;Turap Batu Kali;True;True;0.16;
2432;17221;MKS-9276;Sal. Jl. Tipala II;Kota Adm. Jakarta Timur;Makasar;150.0;0.4;0.4;Tercatat;Turap Batu Kali;True;True;0.16;
2433;17222;MKS-9277;Sal. Jl. Tipala II;Kota Adm. Jakarta Timur;Makasar;150.0;0.4;0.4;Tercatat;Turap Batu Kali;True;True;0.16;
2434;17223;MKS-9278;Sal. Jl. Empun Tipala;Kota Adm. Jakarta Timur;Makasar;150.0;0.4;0.4;Tercatat;Turap Batu Kali;True;True;0.16;
2435;17224;MKS-9279;Sal. Jl. Empun Tipala;Kota Adm. Jakarta Timur;Makasar;150.0;0.4;0.4;Tercatat;Turap Batu Kali;True;True;0.16;
2436;17225;MKS-9280;Sal. Jl. Akses Maju II;Kota Adm. Jakarta Timur;Makasar;100.0;0.4;0.4;Tercatat;Turap Batu Kali;True;True;0.16;
2437;17226;MKS-9281;Sal. Jl. Akses Maju II;Kota Adm. Jakarta Timur;Makasar;100.0;0.4;0.4;Tercatat;Turap Batu Kali;True;True;0.16;
2438;17227;MKS-9282;Sal. Jl. AMD II;Kota Adm. Jakarta Timur;Makasar;100.0;0.4;0.4;Tercatat;Turap Batu Kali;True;True;0.16;
2439;17228;MKS-9283;Sal. Jl. AMD II;Kota Adm. Jakarta Timur;Makasar;100.0;0.4;0.4;Tercatat;Turap Batu Kali;True;True;0.16;
2440;17229;MKS-9284;;Kota Adm. Jakarta Timur;Makasar;;;;Tercatat;Tidak diketahui;True;False;;dimensi_tidak_lengkap
2441;17230;MKS-9285;;Kota Adm. Jakarta Timur;Makasar;;;;Tercatat;Tidak diketahui;True;False;;dimensi_tidak_lengkap
2442;17231;MKS-9286;Sal. Jl. Gg. Langgar;Kota Adm. Jakarta Timur;Makasar;150.0;0.4;0.4;Tercatat;Turap Batu Kali;True;True;0.16;
2443;17232;MKS-9287;Sal. Jl. Gg. Langgar;Kota Adm. Jakarta Timur;Makasar;150.0;0.4;0.4;Tercatat;Turap Batu Kali;True;True;0.16;
2444;17233;MKS-9288;Sal. Jl. Teratai;Kota Adm. Jakarta Timur;Makasar;100.0;0.5;0.5;Tercatat;Turap Batu Kali;True;True;0.25;
2445;17234;MKS-9289;Sal. Jl. Mawar;Kota Adm. Jakarta Timur;Makasar;200.0;0.3;0.3;Tercatat;Turap Batu Kali;True;True;0.09;
2446;17235;MKS-9290;Sal. Jl. Teratai;Kota Adm. Jakarta Timur;Makasar;100.0;0.5;0.5;Tercatat;Turap Batu Kali;True;True;0.25;
2447;17236;MKS-9291;Sal. Jl. Mawar;Kota Adm. Jakarta Timur;Makasar;200.0;0.3;0.3;Tercatat;Turap Batu Kali;True;True;0.09;
2448;17237;MKS-9292;Sal. Jl. Mawar;Kota Adm. Jakarta Timur;Makasar;200.0;0.3;0.3;Tercatat;Turap Batu Kali;True;True;0.09;
2449;17238;MKS-9293;Sal. Jl. Mawar;Kota Adm. Jakarta Timur;Makasar;200.0;0.3;0.3;Tercatat;Turap Batu Kali;True;True;0.09;
2460;17249;MKS-93;Sal. Jl. Al Munir;Kota Adm. Jakarta Timur;Makasar;400.0;0.4;0.4;Tercatat;Turap batu kali;True;True;0.16;
2461;17250;MKS-94;Sal. Jl. Pasar Yasau Lama;Kota Adm. Jakarta Timur;Makasar;700.0;0.4;0.4;Tercatat;Turap batu kali;True;True;0.16;
2462;17251;MKS-95;Sal. Jl. Dago;Kota Adm. Jakarta Timur;Makasar;50.0;0.4;0.4;Tercatat;Turap batu kali;True;True;0.16;
2463;17252;MKS-96;Sal. Jl. Dago;Kota Adm. Jakarta Timur;Makasar;50.0;0.4;0.4;Tercatat;Turap batu kali;True;True;0.16;
2464;17253;MKS-97;Sal. Jl. Kerja Bakti;Kota Adm. Jakarta Timur;Makasar;150.0;0.4;0.4;Tercatat;Batu kali;True;True;0.16;
2465;17254;MKS-98;Sal. Jl. Lembur;Kota Adm. Jakarta Timur;Makasar;300.0;0.4;0.4;Tercatat;Batu kali;True;True;0.16;
2466;17255;MKS-99;Sal. Jl. Lembur;Kota Adm. Jakarta Timur;Makasar;300.0;0.4;0.4;Tercatat;Batu kali;True;True;0.16;
2484;17273;PNR-117;Sal. Jl. Asem Nirbaya;Kota Adm. Jakarta Timur;Makasar;826.0;0.4;0.2;Tercatat;Turap batu kali;True;True;0.08;
2485;17274;PNR-118;Sal. Jl. Asem Nirbaya;Kota Adm. Jakarta Timur;Makasar;826.0;0.4;0.2;Tercatat;Turap batu kali;True;True;0.08;
2486;17275;PNR-119;Sal. Jl. TMII Pintu II;Kota Adm. Jakarta Timur;Makasar;767.0;0.8;0.5;Tercatat;Turap batu kali;True;True;0.4;
2487;17276;PNR-121;Sal. Jl. RW 03 Pinang Ranti;Kota Adm. Jakarta Timur;Makasar;250.0;0.4;0.4;Tercatat;Turap batu kali;True;True;0.16;
2488;17277;PNR-122;Sal. Jl. RW 03 Pinang Ranti;Kota Adm. Jakarta Timur;Makasar;250.0;0.4;0.4;Tercatat;Turap batu kali;True;True;0.16;
2489;17278;PNR-123;Sal. Jl. Pinang Ranti;Kota Adm. Jakarta Timur;Makasar;500.0;0.4;0.11;Tercatat;Precast;True;True;0.044;
2490;17279;PNR-124;Sal. Jl. Pinang Ranti;Kota Adm. Jakarta Timur;Makasar;500.0;0.4;0.11;Tercatat;Precast;True;True;0.044;
2491;17280;PNR-125;Sal. Jl. Polsek Pinang Ranti;Kota Adm. Jakarta Timur;Makasar;650.0;0.4;0.4;Tercatat;Turap batu kali;True;True;0.16;
2492;17281;PNR-126;Sal. Jl. Polsek Pinang Ranti;Kota Adm. Jakarta Timur;Makasar;650.0;0.4;0.4;Tercatat;Turap batu kali;True;True;0.16;
2493;17282;PNR-127;Sal. Jl. Pondok Gede;Kota Adm. Jakarta Timur;Makasar;562.0;0.6;0.6;Tercatat;Turap batu kali;True;True;0.36;
2494;17283;PNR-128;Sal. Jl. Pondok Gede;Kota Adm. Jakarta Timur;Makasar;562.0;0.6;0.6;Tercatat;Turap batu kali;True;True;0.36;
2495;17284;PNR-129;;Kota Adm. Jakarta Timur;Makasar;;;;Tidak diketahui;Tidak diketahui;False;False;;dimensi_tidak_lengkap, status_belum_tercatat
2496;17285;PNR-130;;Kota Adm. Jakarta Timur;Makasar;;;;Tidak diketahui;Tidak diketahui;False;False;;dimensi_tidak_lengkap, status_belum_tercatat
2497;17286;PNR-131;Sal. Jl. Pinang Ranti 2;Kota Adm. Jakarta Timur;Makasar;591.0;0.8;0.8;Tercatat;Precast;True;True;0.64;
2498;17287;PNR-132;Sal. Jl. Pinang Ranti 2;Kota Adm. Jakarta Timur;Makasar;590.0;0.8;0.8;Tercatat;Precast;True;True;0.64;
2499;17288;PNR-133;Sal. Jl. Villa Pinang Ranti;Kota Adm. Jakarta Timur;Makasar;349.0;0.4;0.4;Tercatat;Turap batu kali;True;True;0.16;
2500;17289;PNR-134;Sal. Jl. Uswatun;Kota Adm. Jakarta Timur;Makasar;400.0;2.0;0.4;Tercatat;Turap batu kali;True;True;0.8;
2501;17290;PNR-135;Sal. Jl. Kel. Pinang Ranti;Kota Adm. Jakarta Timur;Makasar;200.0;0.4;0.4;Tercatat;Turap batu kali;True;True;0.16;
2502;17291;PNR-136;Sal. Jl. Kel. Pinang Ranti;Kota Adm. Jakarta Timur;Makasar;200.0;0.4;0.4;Tercatat;Turap batu kali;True;True;0.16;
2503;17292;PNR-137;Sal. Jl. SMA 48;Kota Adm. Jakarta Timur;Makasar;200.0;0.4;0.4;Tercatat;Turap batu kali;True;True;0.16;
2504;17293;PNR-138;Sal. Jl. SMA 48;Kota Adm. Jakarta Timur;Makasar;200.0;0.4;0.4;Tercatat;Turap batu kali;True;True;0.16;
2505;17294;PNR-139;Sal. Jl. Al Khoiriyah;Kota Adm. Jakarta Timur;Makasar;300.0;0.4;0.4;Tercatat;Turap batu kali;True;True;0.16;
2506;17295;PNR-140;Sal. Jl. Al Khoiriyah;Kota Adm. Jakarta Timur;Makasar;300.0;0.4;0.4;Tercatat;Turap batu kali;True;True;0.16;
2507;17296;PNR-141;Sal. Jl. Kampung Pulo;Kota Adm. Jakarta Timur;Makasar;294.0;0.3;0.4;Tercatat;Turap batu kali;True;True;0.12;
2508;17297;PNR-142;Sal. Jl. Kampung Pulo;Kota Adm. Jakarta Timur;Makasar;291.0;0.3;0.4;Tercatat;Turap batu kali;True;True;0.12;
2509;17298;PNR-143;Sal. Jl. Villa Pinang Ranti;Kota Adm. Jakarta Timur;Makasar;109.0;0.4;0.4;Tercatat;Turap batu kali;True;True;0.16;
2703;17492;PNR-18637;Sal. Jl. Pintu 2 Raya;Kota Adm. Jakarta Timur;Makasar;1100.0;0.6;0.6;Tercatat;U-ditch;True;True;0.36;
2450;17239;PNR-9294;Sal. Jl. Hias;Kota Adm. Jakarta Timur;Makasar;150.0;0.4;0.4;Tercatat;Turap Batu Kali;True;True;0.16;
2451;17240;PNR-9295;Sal. Jl. H. Yakub;Kota Adm. Jakarta Timur;Makasar;100.0;0.3;0.3;Tercatat;Turap Batu Kali;True;True;0.09;
2452;17241;PNR-9296;Sal. Jl. H. Yakub;Kota Adm. Jakarta Timur;Makasar;100.0;0.3;0.3;Tercatat;Turap Batu Kali;True;True;0.09;
2453;17242;PNR-9297;Sal. Jl. H. Sidan;Kota Adm. Jakarta Timur;Makasar;80.0;0.5;0.5;Tercatat;Turap Batu Kali;True;True;0.25;
2454;17243;PNR-9298;Sal. Jl. H. Sidan;Kota Adm. Jakarta Timur;Makasar;80.0;0.5;0.5;Tercatat;Turap Batu Kali;True;True;0.25;
2839;18047;KBM-27691;Sal. Jl. Kesatriaan 7;Kota Adm. Jakarta Timur;Matraman;218.0;0.4;0.4;Tercatat;Cor Beton / Saluran terbuka dan tertutup;True;True;0.16;
2840;18048;KBM-27692;Sal. Jl. Kesatriaan 7;Kota Adm. Jakarta Timur;Matraman;218.0;0.4;0.4;Tercatat;Cor Beton / Saluran terbuka dan tertutup;True;True;0.16;
2744;17952;KBM-357;Sal. Jl. 44 Raya;Kota Adm. Jakarta Timur;Matraman;1414.0;1.0;1.0;Tercatat;Cor Beton / Saluran Tertutup;True;True;1.0;
2745;17953;KBM-358;Sal. Jl. Kebon Manggis 3;Kota Adm. Jakarta Timur;Matraman;109.0;0.6;0.5;Tercatat;Cor Beton / Saluran terbuka dan tertutup;True;True;0.3;
2746;17954;KBM-359;Sal. Jl. Kebon Manggis 3;Kota Adm. Jakarta Timur;Matraman;110.0;0.6;0.5;Tercatat;Cor Beton / Saluran terbuka dan tertutup;True;True;0.3;
2747;17955;KBM-360;Sal. Jl. Kebon Manggis 2;Kota Adm. Jakarta Timur;Matraman;165.0;0.6;0.5;Tercatat;Cor Beton / Saluran terbuka dan tertutup;True;True;0.3;
2748;17956;KBM-361;Sal. Jl. Kebon Manggis 2;Kota Adm. Jakarta Timur;Matraman;171.0;0.6;0.5;Tercatat;Cor Beton / Saluran terbuka dan tertutup;True;True;0.3;
2749;17957;KBM-362;Sal. Jl. Kebon Manggis 2;Kota Adm. Jakarta Timur;Matraman;72.0;0.6;0.5;Tercatat;Cor Beton / Saluran terbuka dan tertutup;True;True;0.3;
2750;17958;KBM-363;Sal. Jl. Kebon Manggis 2;Kota Adm. Jakarta Timur;Matraman;72.0;0.6;0.5;Tercatat;Cor Beton / Saluran terbuka dan tertutup;True;True;0.3;
2751;17959;KBM-364;Sal. Jl. Kebon Manggis 1;Kota Adm. Jakarta Timur;Matraman;245.0;0.5;0.4;Tercatat;Cor Beton / Saluran terbuka dan tertutup;True;True;0.2;
2752;17960;KBM-365;Sal. Jl. Kebon Manggis 1;Kota Adm. Jakarta Timur;Matraman;245.0;0.5;0.4;Tercatat;Cor Beton / Saluran terbuka dan tertutup;True;True;0.2;
2753;17961;KBM-366;Sal. Jl. Kesatriaan 9;Kota Adm. Jakarta Timur;Matraman;162.0;0.6;0.6;Tercatat;Cor Beton / Saluran terbuka dan tertutup;True;True;0.36;
2754;17962;KBM-367;Sal. Jl. Kesatriaan;Kota Adm. Jakarta Timur;Matraman;334.0;0.4;0.5;Tercatat;Cor Beton / Saluran terbuka dan tertutup;True;True;0.2;
2755;17963;KBM-368;Sal. Jl. Kesatriaan 5;Kota Adm. Jakarta Timur;Matraman;101.0;0.5;0.5;Tercatat;Cor Beton / Saluran terbuka dan tertutup;True;True;0.25;
2756;17964;KBM-369;Sal. Jl. Kesatriaan 5;Kota Adm. Jakarta Timur;Matraman;174.0;0.6;0.6;Tercatat;Cor Beton / Saluran terbuka dan tertutup;True;True;0.36;
2757;17965;KBM-370;Sal. Jl. Kesatriaan 6;Kota Adm. Jakarta Timur;Matraman;146.0;0.3;0.3;Tercatat;Cor Beton / Saluran terbuka dan tertutup;True;True;0.09;
2758;17966;KBM-371;Sal. Jl. Kesatriaan 6;Kota Adm. Jakarta Timur;Matraman;146.0;0.3;0.3;Tercatat;Cor Beton / Saluran terbuka dan tertutup;True;True;0.09;
2759;17967;KBM-372;Sal. Jl. Kesatriaan 1;Kota Adm. Jakarta Timur;Matraman;124.0;0.6;0.6;Tercatat;Turap batu kali / Saluran terbuka;True;True;0.36;
2760;17968;KBM-373;Sal. Jl. Kesatriaan 1;Kota Adm. Jakarta Timur;Matraman;124.0;0.6;0.6;Tercatat;Turap batu kali / Saluran terbuka;True;True;0.36;
2761;17969;KBM-374;Sal. Jl. Kesatriaan 10;Kota Adm. Jakarta Timur;Matraman;266.0;0.3;0.3;Tercatat;Cor Beton / Saluran terbuka dan tertutup;True;True;0.09;
2762;17970;KBM-375;Sal. Jl. Kesatriaan 8;Kota Adm. Jakarta Timur;Matraman;311.0;0.6;0.6;Tercatat;U-ditch / Saluran Tertutup;True;True;0.36;
2763;17971;KBM-376;Sal. Jl. Kesatriaan 8;Kota Adm. Jakarta Timur;Matraman;247.0;0.6;0.6;Tercatat;U-ditch dan Cor Beton / Saluran terbuka dan tertutup;True;True;0.36;
2764;17972;KBM-377;Sal. Jl. Kesatriaan 8;Kota Adm. Jakarta Timur;Matraman;247.0;0.6;0.6;Tercatat;U-ditch dan Cor Beton / Saluran terbuka dan tertutup;True;True;0.36;
2765;17973;KBM-378;Sal. Jl. Kesatriaan 8;Kota Adm. Jakarta Timur;Matraman;311.0;0.6;0.6;Tercatat;U-ditch / Saluran Tertutup;True;True;0.36;
2766;17974;KBM-379;Sal. Jl. Kesatriaan 9;Kota Adm. Jakarta Timur;Matraman;162.0;0.6;0.6;Tercatat;Cor Beton / Saluran terbuka dan tertutup;True;True;0.36;
2767;17975;KBM-380;Sal. Jl. Slamet Riyadi 1;Kota Adm. Jakarta Timur;Matraman;158.0;0.5;0.5;Tercatat;Turap Batu Kali / Saluran terbuka;True;True;0.25;
2768;17976;KBM-381;Sal. Jl. Slamet Riyadi 1;Kota Adm. Jakarta Timur;Matraman;158.0;0.5;0.5;Tercatat;Turap Batu Kali / Saluran terbuka;True;True;0.25;
2769;17977;KBM-382;Sal. Jl. Slamet Riyadi 2;Kota Adm. Jakarta Timur;Matraman;245.0;1.0;1.0;Tercatat;Turap Batu Kali / Saluran terbuka dan tertutup;True;True;1.0;
2770;17978;KBM-383;Sal. Jl. Slamet Riyadi;Kota Adm. Jakarta Timur;Matraman;439.0;1.0;1.0;Tercatat;Cor Beton / Saluran Tertutup;True;True;1.0;
2771;17979;KBM-384;Sal. Jl. Slamet Riyadi 2;Kota Adm. Jakarta Timur;Matraman;240.0;1.0;1.0;Tercatat;Turap Batu Kali / Saluran terbuka dan tertutup;True;True;1.0;
2772;17980;KBM-385;Sal. Jl. Slamet Riyadi 3;Kota Adm. Jakarta Timur;Matraman;195.0;0.6;0.4;Tercatat;Turap Batu Kali dan Cor Beton / Saluran tertutup;True;True;0.24;
2773;17981;KBM-386;Sal. Jl. Slamet Riyadi 3;Kota Adm. Jakarta Timur;Matraman;200.0;0.7;0.4;Tercatat;Turap Batu Kali dan Cor Beton / Saluran tertutup;True;True;0.28;
2774;17982;KBM-387;Sal. Jl. Slamet Riyadi 1;Kota Adm. Jakarta Timur;Matraman;158.0;0.5;0.5;Tercatat;Turap Batu Kali / Saluran terbuka;True;True;0.25;
2775;17983;KBM-388;Sal. Jl. Slamet Riyadi 1;Kota Adm. Jakarta Timur;Matraman;158.0;0.5;0.5;Tercatat;Turap Batu Kali / Saluran terbuka;True;True;0.25;
2776;17984;KBM-389;Sal. Jl. Slamet Riyadi 4;Kota Adm. Jakarta Timur;Matraman;371.0;0.4;0.4;Tercatat;Cor Beton / Saluran terbuka dan tertutup;True;True;0.16;
2777;17985;KBM-390;Sal. Jl. Slamet Riyadi 4;Kota Adm. Jakarta Timur;Matraman;371.0;0.4;0.4;Tercatat;Cor Beton / Saluran terbuka dan tertutup;True;True;0.16;
2778;17986;KBM-391;Sal. Jl. Kesatriaan;Kota Adm. Jakarta Timur;Matraman;334.0;0.4;0.5;Tercatat;Cor Beton / Saluran terbuka dan tertutup;True;True;0.2;
2779;17987;KBM-392;Sal. Jl. Kesatriaan 10;Kota Adm. Jakarta Timur;Matraman;266.0;0.3;0.3;Tercatat;Cor Beton / Saluran terbuka dan tertutup;True;True;0.09;
2869;18077;KYM-27721;Sal. Jl. Kayu Manis Barat;Kota Adm. Jakarta Timur;Matraman;1200.0;0.8;1.0;Tercatat;U-ditch / Saluran Tertutup;True;True;0.8;
2870;18078;KYM-27722;Sal. Jl. Kayu Manis Barat;Kota Adm. Jakarta Timur;Matraman;1200.0;0.8;1.0;Tercatat;U-ditch / Saluran Tertutup;True;True;0.8;
2871;18079;KYM-27723;Sal. Jl. Kayu Manis Barat;Kota Adm. Jakarta Timur;Matraman;142.0;0.8;1.0;Tercatat;U-ditch / Saluran Tertutup;True;True;0.8;
2872;18080;KYM-27724;Sal. Jl. Kayu Manis Barat;Kota Adm. Jakarta Timur;Matraman;142.0;0.8;1.0;Tercatat;U-ditch / Saluran Tertutup;True;True;0.8;
2873;18081;KYM-27725;Sal. Jl. Kayu Manis Timur;Kota Adm. Jakarta Timur;Matraman;409.0;0.7;1.0;Tercatat;Cor Beton dan Turap Batu Kali / Saluran terbuka dan tertutup;True;True;0.7;
2875;18083;KYM-27727;Sal. Jl. Kelapa Sawit Raya;Kota Adm. Jakarta Timur;Matraman;339.0;0.6;0.6;Tercatat;U-ditch / Saluran Tertutup;True;True;0.36;
2718;17926;KYM-331;Sal. Jl. Kayu Manis Utara;Kota Adm. Jakarta Timur;Matraman;165.0;0.6;0.5;Tercatat;U-ditch / Saluran tertutup;True;True;0.3;
2719;17927;KYM-332;Sal. Jl. Kayu Manis Utara;Kota Adm. Jakarta Timur;Matraman;168.0;0.6;0.5;Tercatat;U-ditch / Saluran tertutup;True;True;0.3;
2720;17928;KYM-333;Sal. Jl. Gg. Lontar IV;Kota Adm. Jakarta Timur;Matraman;273.0;0.5;0.9;Tercatat;Cor Beton / Saluran terbuka dan tertutup;True;True;0.45;
2721;17929;KYM-334;Sal. Jl. Gg. Lontar IV;Kota Adm. Jakarta Timur;Matraman;273.0;0.5;0.9;Tercatat;Cor Beton / Saluran terbuka dan tertutup;True;True;0.45;
2722;17930;KYM-335;Sal. Jl. Kayu Manis 1;Kota Adm. Jakarta Timur;Matraman;348.0;0.5;0.9;Tercatat;Cor Beton / Saluran terbuka dan tertutup;True;True;0.45;
2723;17931;KYM-336;Sal. Jl. Kayu Manis 1;Kota Adm. Jakarta Timur;Matraman;348.0;0.5;0.9;Tercatat;Cor Beton / Saluran terbuka dan tertutup;True;True;0.45;
2724;17932;KYM-337;Sal. Jl. Kayu Manis 2;Kota Adm. Jakarta Timur;Matraman;278.0;0.6;0.8;Tercatat;Cor Beton / Saluran terbuka dan tertutup;True;True;0.48;
2725;17933;KYM-338;Sal. Jl. Kayu Manis 2;Kota Adm. Jakarta Timur;Matraman;278.0;0.6;0.8;Tercatat;Cor Beton / Saluran terbuka dan tertutup;True;True;0.48;
2726;17934;KYM-339;Sal. Jl. Kayu Manis 3;Kota Adm. Jakarta Timur;Matraman;293.0;0.6;0.6;Tercatat;Cor Beton / Saluran terbuka dan tertutup;True;True;0.36;
2727;17935;KYM-340;Sal. Jl. Kayu Manis 3;Kota Adm. Jakarta Timur;Matraman;293.0;0.6;0.6;Tercatat;Cor Beton / Saluran terbuka dan tertutup;True;True;0.36;
2728;17936;KYM-341;Sal. Jl. Kayu Manis 4;Kota Adm. Jakarta Timur;Matraman;320.0;0.6;0.8;Tercatat;Cor Beton / Saluran terbuka dan tertutup;True;True;0.48;
2729;17937;KYM-342;Sal. Jl. Kayu Manis 4;Kota Adm. Jakarta Timur;Matraman;321.0;0.6;0.8;Tercatat;Cor Beton / Saluran terbuka dan tertutup;True;True;0.48;
2730;17938;KYM-343;Sal. Jl. Kayu Manis 5;Kota Adm. Jakarta Timur;Matraman;329.0;0.6;0.7;Tercatat;Cor Beton / Saluran terbuka dan tertutup;True;True;0.42;
2731;17939;KYM-344;Sal. Jl. Kayu Manis 5;Kota Adm. Jakarta Timur;Matraman;329.0;0.6;0.7;Tercatat;Cor Beton / Saluran terbuka dan tertutup;True;True;0.42;
2732;17940;KYM-345;Sal. Jl. Kapuk;Kota Adm. Jakarta Timur;Matraman;336.0;0.4;0.4;Tercatat;Cor Beton / Saluran terbuka dan tertutup;True;True;0.16;
2733;17941;KYM-346;Sal. Jl. Kapuk;Kota Adm. Jakarta Timur;Matraman;336.0;0.4;0.4;Tercatat;Cor Beton / Saluran terbuka dan tertutup;True;True;0.16;
2734;17942;KYM-347;Sal. Jl. Kayu Manis 6;Kota Adm. Jakarta Timur;Matraman;336.0;0.6;0.5;Tercatat;Cor Beton / Saluran terbuka dan tertutup;True;True;0.3;
2735;17943;KYM-348;Sal. Jl. Kayu Manis 6;Kota Adm. Jakarta Timur;Matraman;337.0;0.6;0.5;Tercatat;Cor Beton / Saluran terbuka dan tertutup;True;True;0.3;
2736;17944;KYM-349;Sal. Jl. Kayu Manis 7;Kota Adm. Jakarta Timur;Matraman;360.0;0.7;0.7;Tercatat;Cor Beton / Saluran terbuka dan tertutup;True;True;0.49;
2737;17945;KYM-350;Sal. Jl. Kayu Manis 7;Kota Adm. Jakarta Timur;Matraman;363.0;0.7;0.7;Tercatat;Cor Beton / Saluran terbuka dan tertutup;True;True;0.49;
2738;17946;KYM-351;Sal. Jl. Kayu Manis 8;Kota Adm. Jakarta Timur;Matraman;385.0;1.0;1.5;Tercatat;Cor Beton / Saluran terbuka dan tertutup;True;True;1.5;
2739;17947;KYM-352;Sal. Jl. Kayu Manis 8;Kota Adm. Jakarta Timur;Matraman;386.0;0.6;0.6;Tercatat;Cor Beton / Saluran terbuka dan tertutup;True;True;0.36;
2740;17948;KYM-353;Sal. Jl. Kayu Manis 9;Kota Adm. Jakarta Timur;Matraman;407.0;0.6;0.6;Tercatat;U-ditch / Saluran tertutup;True;True;0.36;
2741;17949;KYM-354;Sal. Jl. Kayu Manis 9;Kota Adm. Jakarta Timur;Matraman;408.0;0.6;0.6;Tercatat;U-ditch / Saluran tertutup;True;True;0.36;
2742;17950;KYM-355;Sal. Jl. Kayu Manis 10;Kota Adm. Jakarta Timur;Matraman;845.0;0.6;0.6;Tercatat;Cor Beton / Saluran terbuka dan tertutup;True;True;0.36;
2828;18036;KYM-446;Sal. Jl. Kayu Manis Timur;Kota Adm. Jakarta Timur;Matraman;1165.0;2.5;2.5;Tercatat;Cor Beton dan Turap Batu Kali / Saluran terbuka dan tertutup;True;True;6.25;
2878;18086;PBR-27730;Sal. Jl. Pisangan Baru Utara;Kota Adm. Jakarta Timur;Matraman;121.0;0.7;0.7;Tercatat;U-ditch dan Cor Beton / Saluran Tertutup;True;True;0.49;
2879;18087;PBR-27731;Sal. Jl. Pisangan Baru Utara;Kota Adm. Jakarta Timur;Matraman;260.0;0.7;0.7;Tercatat;U-ditch dan Cor Beton / Saluran Tertutup;True;True;0.49;
2882;18090;PBR-27734;Sal. Jl. Pisangan Baru Utara;Kota Adm. Jakarta Timur;Matraman;40.0;0.7;0.7;Tercatat;U-ditch dan Cor Beton / Saluran Tertutup;True;True;0.49;
2883;18091;PBR-27735;Sal. Jl. Pisangan Baru Utara;Kota Adm. Jakarta Timur;Matraman;222.0;0.7;0.7;Tercatat;U-ditch dan Cor Beton / Saluran Tertutup;True;True;0.49;
2885;18093;PBR-27737;Sal. Jl. Pisangan Baru Tengah;Kota Adm. Jakarta Timur;Matraman;482.0;0.6;0.6;Tercatat;U-ditch / Saluran Tertutup;True;True;0.36;
2886;18094;PBR-27738;Sal. Jl. Pisangan Baru Tengah;Kota Adm. Jakarta Timur;Matraman;488.0;0.6;0.6;Tercatat;U-ditch / Saluran Tertutup;True;True;0.36;
2887;18095;PBR-27739;Sal. Jl. Ahmad Yani;Kota Adm. Jakarta Timur;Matraman;377.0;1.5;1.5;Tercatat;Cor Beton / Saluran Tertutup;True;True;2.25;
2888;18096;PBR-27740;Sal. Jl. Pisangan Baru 1;Kota Adm. Jakarta Timur;Matraman;356.0;0.6;0.6;Tercatat;Cor Beton / Saluran Terbuka dan Tertutup;True;True;0.36;
2889;18097;PBR-27741;Sal. Jl. Pisangan Baru 1;Kota Adm. Jakarta Timur;Matraman;356.0;0.6;0.6;Tercatat;Cor Beton / Saluran Terbuka dan Tertutup;True;True;0.36;
2890;18098;PBR-27742;Sal. Jl. Pisangan Baru 2;Kota Adm. Jakarta Timur;Matraman;352.0;0.6;0.6;Tercatat;U-ditch dan Cor Beton / Saluran Terbuka dan Tertutup;True;True;0.36;
2891;18099;PBR-27743;Sal. Jl. Pisangan Baru 2;Kota Adm. Jakarta Timur;Matraman;354.0;0.6;0.6;Tercatat;U-ditch dan Cor Beton / Saluran Terbuka dan Tertutup;True;True;0.36;
2892;18100;PBR-27744;Sal. Jl. Pisangan Baru Selatan;Kota Adm. Jakarta Timur;Matraman;440.0;0.6;0.6;Tercatat;Cor Beton / Saluran Tertutup;True;True;0.36;
2893;18101;PBR-27745;Sal. Jl. Pisangan Baru Selatan;Kota Adm. Jakarta Timur;Matraman;440.0;0.6;0.6;Tercatat;Cor Beton / Saluran Tertutup;True;True;0.36;
2894;18102;PBR-27746;Sal. Jl. Pisangan Baru 3;Kota Adm. Jakarta Timur;Matraman;313.0;0.6;0.6;Tercatat;Cor Beton / Saluran Terbuka;True;True;0.36;
2895;18103;PBR-27747;Sal. Jl. Pisangan Baru 3;Kota Adm. Jakarta Timur;Matraman;309.0;0.6;0.6;Tercatat;Cor Beton / Saluran Terbuka;True;True;0.36;
2896;18104;PBR-27748;Sal. Jl. Pisangan Baru 3;Kota Adm. Jakarta Timur;Matraman;54.0;0.6;0.6;Tercatat;Cor Beton / Saluran Terbuka;True;True;0.36;
2897;18105;PBR-27749;Sal. Jl. Pisangan Baru 3;Kota Adm. Jakarta Timur;Matraman;56.0;0.6;0.6;Tercatat;Cor Beton / Saluran Terbuka;True;True;0.36;
2898;18106;PBR-27750;Sal. Jl. Pisangan Baru Tengah;Kota Adm. Jakarta Timur;Matraman;274.0;0.6;0.6;Tercatat;U-ditch / Saluran Tertutup;True;True;0.36;
2899;18107;PBR-27751;Sal. Jl. Pisangan Baru Tengah;Kota Adm. Jakarta Timur;Matraman;227.0;0.6;0.6;Tercatat;U-ditch / Saluran Tertutup;True;True;0.36;
2900;18108;PBR-27752;Sal. Jl. Pisangan Baru Tengah;Kota Adm. Jakarta Timur;Matraman;273.0;0.6;0.6;Tercatat;U-ditch / Saluran Tertutup;True;True;0.36;
2901;18109;PBR-27753;Sal. Jl. Pisangan Baru Tengah 1;Kota Adm. Jakarta Timur;Matraman;383.0;0.6;0.6;Tercatat;U-ditch dan Cor Beton / Saluran Terbuka dan Tertutup;True;True;0.36;
2902;18110;PBR-27754;Sal. Jl. Pisangan Baru Tengah 1;Kota Adm. Jakarta Timur;Matraman;375.0;0.6;0.6;Tercatat;U-ditch dan Cor Beton / Saluran Terbuka dan Tertutup;True;True;0.36;
2903;18111;PBR-27755;Sal. Jl. Pisangan Baru Tengah 1;Kota Adm. Jakarta Timur;Matraman;182.0;0.6;0.6;Tercatat;U-ditch dan Cor Beton / Saluran Terbuka dan Tertutup;True;True;0.36;
2904;18112;PBR-27756;Sal. Jl. Pisangan Baru Tengah 1;Kota Adm. Jakarta Timur;Matraman;182.0;0.6;0.6;Tercatat;U-ditch dan Cor Beton / Saluran Terbuka dan Tertutup;True;True;0.36;
2905;18113;PBR-27757;Sal. Jl. Pisangan Baru Tengah 4;Kota Adm. Jakarta Timur;Matraman;201.0;0.6;0.6;Tercatat;Cor Beton / Saluran Terbuka dan Tertutup;True;True;0.36;
2906;18114;PBR-27758;Sal. Jl. Pisangan Baru Tengah 4;Kota Adm. Jakarta Timur;Matraman;207.0;0.6;0.6;Tercatat;Cor Beton / Saluran Terbuka dan Tertutup;True;True;0.36;
2907;18115;PBR-27759;Sal. Jl. Pisangan Baru Tengah 2;Kota Adm. Jakarta Timur;Matraman;330.0;0.6;0.6;Tercatat;Tidak diketahui;True;True;0.36;
2908;18116;PBR-27760;Sal. Jl. Pisangan Baru Tengah 2;Kota Adm. Jakarta Timur;Matraman;320.0;0.6;0.6;Tercatat;Cor Beton / Saluran Terbuka dan Tertutup;True;True;0.36;
2909;18117;PBR-27761;Sal. Jl. Pisangan Baru Timur;Kota Adm. Jakarta Timur;Matraman;389.0;0.6;0.6;Tercatat;Cor Beton / Saluran Terbuka dan Tertutup;True;True;0.36;
2910;18118;PBR-27762;Sal. Jl. Pisangan Baru Timur;Kota Adm. Jakarta Timur;Matraman;389.0;0.6;0.6;Tercatat;Cor Beton / Saluran Terbuka dan Tertutup;True;True;0.36;
2911;18119;PBR-27763;Sal. Jl. Pisangan Baru Timur;Kota Adm. Jakarta Timur;Matraman;177.0;0.6;0.6;Tercatat;Cor Beton / Saluran Terbuka dan Tertutup;True;True;0.36;
2912;18120;PBR-27764;Sal. Jl. Pisangan Baru Timur;Kota Adm. Jakarta Timur;Matraman;177.0;0.6;0.6;Tercatat;Cor Beton / Saluran Terbuka dan Tertutup;True;True;0.36;
2913;18121;PBR-27765;Sal. Jl. Pisangan Baru Tengah 3;Kota Adm. Jakarta Timur;Matraman;120.0;0.6;0.6;Tercatat;Cor Beton / Saluran Terbuka dan Tertutup;True;True;0.36;
2914;18122;PBR-27766;Sal. Jl. Pisangan Baru Tengah 3;Kota Adm. Jakarta Timur;Matraman;115.0;0.6;0.6;Tercatat;Cor Beton / Saluran Terbuka dan Tertutup;True;True;0.36;
2743;17951;PBR-356;Sal. Jl. Kayu Manis 10;Kota Adm. Jakarta Timur;Matraman;845.0;0.6;0.6;Tercatat;Cor Beton / Saluran terbuka dan tertutup;True;True;0.36;
2841;18049;PMM-27693;Sal. Jl. 44 1;Kota Adm. Jakarta Timur;Matraman;1604.0;1.0;1.0;Tercatat;U-ditch / Saluran Tertutup;True;True;1.0;
2842;18050;PMM-27694;Sal. Jl. Bunga;Kota Adm. Jakarta Timur;Matraman;190.0;2.0;0.6;Tercatat;Cor Beton / Saluran Tertutup;True;True;1.2;
2843;18051;PMM-27695;Sal. Jl. Bunga;Kota Adm. Jakarta Timur;Matraman;106.0;1.0;0.5;Tercatat;Cor Beton / Saluran Tertutup;True;True;0.5;
2844;18052;PMM-27696;Sal. Jl. Pal Meriam III;Kota Adm. Jakarta Timur;Matraman;143.0;0.4;0.4;Tercatat;Cor Beton / Saluran Terbuka dan Tertutup;True;True;0.16;
2845;18053;PMM-27697;Sal. Jl. Pal Meriam III;Kota Adm. Jakarta Timur;Matraman;143.0;0.4;0.4;Tercatat;Cor Beton / Saluran Terbuka dan Tertutup;True;True;0.16;
2846;18054;PMM-27698;Sal. Jl. Pal Meriam;Kota Adm. Jakarta Timur;Matraman;213.0;0.8;0.6;Tercatat;Cor Beton / Saluran Tertutup;True;True;0.48;
2847;18055;PMM-27699;Sal. Jl. Pal Meriam;Kota Adm. Jakarta Timur;Matraman;213.0;0.8;0.6;Tercatat;Cor Beton / Saluran Tertutup;True;True;0.48;
2848;18056;PMM-27700;Sal. Jl. Pal Meriam;Kota Adm. Jakarta Timur;Matraman;94.0;0.8;0.6;Tercatat;Cor Beton / Saluran Tertutup;True;True;0.48;
2849;18057;PMM-27701;Sal. Jl. Pal Meriam;Kota Adm. Jakarta Timur;Matraman;94.0;0.8;0.6;Tercatat;Cor Beton / Saluran Tertutup;True;True;0.48;
2850;18058;PMM-27702;Sal. Jl. Tegalan I;Kota Adm. Jakarta Timur;Matraman;360.0;0.5;0.6;Tercatat;Cor Beton / Saluran Terbuka dan Tertutup;True;True;0.3;
2851;18059;PMM-27703;Sal. Jl. Tegalan I;Kota Adm. Jakarta Timur;Matraman;361.0;0.5;0.6;Tercatat;Cor Beton / Saluran Terbuka dan Tertutup;True;True;0.3;
2852;18060;PMM-27704;Sal. Jl. Penegak;Kota Adm. Jakarta Timur;Matraman;489.0;0.6;0.5;Tercatat;U-ditch dan Cor Beton / Saluran Terbuka dan Tertutup;True;True;0.3;
2853;18061;PMM-27705;Sal. Jl. Penegak;Kota Adm. Jakarta Timur;Matraman;489.0;0.4;0.5;Tercatat;U-ditch dan Cor Beton / Saluran Terbuka dan Tertutup;True;True;0.2;
2854;18062;PMM-27706;Sal. Jl. Tegalan;Kota Adm. Jakarta Timur;Matraman;227.0;0.4;0.4;Tercatat;Cor Beton / Saluran Terbuka dan Tertutup;True;True;0.16;
2855;18063;PMM-27707;Sal. Jl. Tegalan;Kota Adm. Jakarta Timur;Matraman;226.0;0.4;0.4;Tercatat;Cor Beton / Saluran Terbuka dan Tertutup;True;True;0.16;
2856;18064;PMM-27708;Sal. Jl. Tegalan;Kota Adm. Jakarta Timur;Matraman;133.0;0.4;0.4;Tercatat;Cor Beton / Saluran Terbuka dan Tertutup;True;True;0.16;
2857;18065;PMM-27709;Sal. Jl. Tegalan;Kota Adm. Jakarta Timur;Matraman;133.0;0.4;0.4;Tercatat;Cor Beton / Saluran Terbuka dan Tertutup;True;True;0.16;
2858;18066;PMM-27710;Sal. Jl. Pramuka Simpang 4 (Polsek 44);Kota Adm. Jakarta Timur;Matraman;483.0;1.0;1.0;Tercatat;Cor Beton / Saluran Tertutup;True;True;1.0;
2859;18067;PMM-27711;Sal. Jl. Gugus;Kota Adm. Jakarta Timur;Matraman;205.0;0.6;0.6;Tercatat;Cor Beton / Saluran Tertutup;True;True;0.36;
2860;18068;PMM-27712;Sal. Jl. Gugus;Kota Adm. Jakarta Timur;Matraman;175.0;0.6;0.6;Tercatat;Cor Beton / Saluran Tertutup;True;True;0.36;
2861;18069;PMM-27713;Sal. Jl. Pasar Burung;Kota Adm. Jakarta Timur;Matraman;184.0;0.8;0.8;Tercatat;Cor Beton / Saluran Tertutup;True;True;0.64;
2862;18070;PMM-27714;Sal. Jl. Pasar Burung;Kota Adm. Jakarta Timur;Matraman;184.0;0.8;0.8;Tercatat;Cor Beton / Saluran Tertutup;True;True;0.64;
2863;18071;PMM-27715;Sal. Jl. Penggalang;Kota Adm. Jakarta Timur;Matraman;250.0;0.6;0.6;Tercatat;Cor Beton / Saluran Tertutup;True;True;0.36;
2864;18072;PMM-27716;Sal. Jl. Penggalang;Kota Adm. Jakarta Timur;Matraman;250.0;0.6;0.6;Tercatat;Cor Beton / Saluran Tertutup;True;True;0.36;
2865;18073;PMM-27717;Sal. Jl. Siaga Raya RW 01;Kota Adm. Jakarta Timur;Matraman;185.0;0.8;1.5;Tercatat;Cor Beton / Saluran Terbuka dan Tertutup;True;True;1.2;
2866;18074;PMM-27718;Sal. Jl. Siaga Raya RW 01;Kota Adm. Jakarta Timur;Matraman;185.0;0.8;1.5;Tercatat;Cor Beton / Saluran Terbuka dan Tertutup;True;True;1.2;
2867;18075;PMM-27719;Sal. Jl. Pembina 2;Kota Adm. Jakarta Timur;Matraman;60.0;0.6;0.6;Tercatat;Cor Beton / Saluran Tertutup;True;True;0.36;
2868;18076;PMM-27720;Sal. Jl. Pembina 2;Kota Adm. Jakarta Timur;Matraman;60.0;0.6;0.6;Tercatat;Cor Beton / Saluran Tertutup;True;True;0.36;
2874;18082;UKS-27726;Sal. Jl. Kayu Manis Timur;Kota Adm. Jakarta Timur;Matraman;409.0;0.7;1.0;Tercatat;Cor Beton dan Turap Batu Kali / Saluran terbuka dan tertutup;True;True;0.7;
2876;18084;UKS-27728;Sal. Jl. Kelapa Sawit Raya;Kota Adm. Jakarta Timur;Matraman;339.0;0.6;0.6;Tercatat;U-ditch / Saluran Tertutup;True;True;0.36;
2877;18085;UKS-27729;Sal. Jl. Pisangan Baru Utara;Kota Adm. Jakarta Timur;Matraman;121.0;0.7;0.7;Tercatat;U-ditch dan Cor Beton / Saluran Tertutup;True;True;0.49;
2880;18088;UKS-27732;Sal. Jl. Pisangan Baru Utara;Kota Adm. Jakarta Timur;Matraman;260.0;0.7;0.7;Tercatat;U-ditch dan Cor Beton / Saluran Tertutup;True;True;0.49;
2881;18089;UKS-27733;Sal. Jl. Pisangan Baru Utara;Kota Adm. Jakarta Timur;Matraman;40.0;0.7;0.7;Tercatat;U-ditch dan Cor Beton / Saluran Tertutup;True;True;0.49;
2884;18092;UKS-27736;Sal. Jl. Pisangan Baru Utara;Kota Adm. Jakarta Timur;Matraman;222.0;0.7;0.7;Tercatat;U-ditch dan Cor Beton / Saluran Tertutup;True;True;0.49;
2915;18123;UKS-27767;Sal. Jl. Kelapa Tinggi;Kota Adm. Jakarta Timur;Matraman;263.0;0.6;0.6;Tercatat;U-ditch dan Cor Beton / Saluran Terbuka dan Tertutup;True;True;0.36;
2916;18124;UKS-27768;Sal. Jl. Skip;Kota Adm. Jakarta Timur;Matraman;115.0;0.4;0.4;Tercatat;Cor Beton / Saluran Terbuka dan Tertutup;True;True;0.16;
2917;18125;UKS-27769;Sal. Jl. Skip;Kota Adm. Jakarta Timur;Matraman;115.0;0.4;0.4;Tercatat;Cor Beton / Saluran Terbuka dan Tertutup;True;True;0.16;
2918;18126;UKS-27770;Sal. Jl. Sekip Ujung;Kota Adm. Jakarta Timur;Matraman;417.0;0.5;0.5;Tercatat;Cor Beton / Saluran Terbuka dan Tertutup;True;True;0.25;
2919;18127;UKS-27771;Sal. Jl. Sekip Ujung;Kota Adm. Jakarta Timur;Matraman;417.0;0.5;0.5;Tercatat;Cor Beton / Saluran Terbuka dan Tertutup;True;True;0.25;
2920;18128;UKS-27772;Sal. Jl. Kelapa Tinggi;Kota Adm. Jakarta Timur;Matraman;263.0;0.6;0.6;Tercatat;U-ditch dan Cor Beton / Saluran Terbuka dan Tertutup;True;True;0.36;
2921;18129;UKS-27773;Sal. Jl. Kelapa Tinggi;Kota Adm. Jakarta Timur;Matraman;26.0;0.6;0.6;Tercatat;U-ditch dan Cor Beton / Saluran Terbuka dan Tertutup;True;True;0.36;
2922;18130;UKS-27774;Sal. Jl. Kelapa Tinggi;Kota Adm. Jakarta Timur;Matraman;26.0;0.6;0.6;Tercatat;U-ditch dan Cor Beton / Saluran Terbuka dan Tertutup;True;True;0.36;
2923;18131;UKS-27775;Sal. Jl. Puspa 3;Kota Adm. Jakarta Timur;Matraman;81.0;1.0;1.0;Tercatat;Turap Batu Kali / Saluran Tertutup;True;True;1.0;
2924;18132;UKS-27776;Sal. Jl. Puspa 3;Kota Adm. Jakarta Timur;Matraman;81.0;1.0;1.0;Tercatat;Turap Batu Kali / Saluran Tertutup;True;True;1.0;
2925;18133;UKS-27777;Sal. Jl. Puspa;Kota Adm. Jakarta Timur;Matraman;85.0;0.6;0.6;Tercatat;U-ditch / Saluran Tertutup;True;True;0.36;
2926;18134;UKS-27778;Sal. Jl. Puspa;Kota Adm. Jakarta Timur;Matraman;85.0;0.6;0.6;Tercatat;U-ditch / Saluran Tertutup;True;True;0.36;
2927;18135;UKS-27779;Sal. Jl. Kamper;Kota Adm. Jakarta Timur;Matraman;177.0;0.6;0.6;Tercatat;U-ditch / Saluran Tertutup;True;True;0.36;
2928;18136;UKS-27780;Sal. Jl. Kamper;Kota Adm. Jakarta Timur;Matraman;178.0;0.6;0.6;Tercatat;U-ditch / Saluran Tertutup;True;True;0.36;
2929;18137;UKS-27781;Sal. Jl. Rasamala;Kota Adm. Jakarta Timur;Matraman;104.0;0.6;0.6;Tercatat;Cor Beton / Saluran Terbuka dan Tertutup;True;True;0.36;
2930;18138;UKS-27782;Sal. Jl. Rasamala;Kota Adm. Jakarta Timur;Matraman;104.0;0.8;0.8;Tercatat;Cor Beton / Saluran Terbuka dan Tertutup;True;True;0.64;
2931;18139;UKS-27783;Sal. Jl. Rasamala;Kota Adm. Jakarta Timur;Matraman;153.0;0.8;0.8;Tercatat;Cor Beton / Saluran Terbuka dan Tertutup;True;True;0.64;
2932;18140;UKS-27784;Sal. Jl. Rasamala;Kota Adm. Jakarta Timur;Matraman;153.0;0.6;0.6;Tercatat;Cor Beton / Saluran Terbuka dan Tertutup;True;True;0.36;
2933;18141;UKS-27785;Sal. Jl. Puspa;Kota Adm. Jakarta Timur;Matraman;164.0;0.6;0.6;Tercatat;U-ditch / Saluran Tertutup;True;True;0.36;
2934;18142;UKS-27786;Sal. Jl. Puspa;Kota Adm. Jakarta Timur;Matraman;164.0;0.6;0.6;Tercatat;U-ditch / Saluran Tertutup;True;True;0.36;
2935;18143;UKS-27787;Sal. Jl. Kramat Asam;Kota Adm. Jakarta Timur;Matraman;474.0;0.8;0.7;Tercatat;U-ditch / Saluran Tertutup;True;True;0.56;
2936;18144;UKS-27788;Sal. Jl. Kramat Asam;Kota Adm. Jakarta Timur;Matraman;474.0;0.6;0.4;Tercatat;U-ditch / Saluran Tertutup;True;True;0.24;
2937;18145;UKS-27789;Sal. Jl. Sekip Ujung;Kota Adm. Jakarta Timur;Matraman;80.0;0.5;0.5;Tercatat;Cor Beton / Saluran Terbuka dan Tertutup;True;True;0.25;
2938;18146;UKS-27790;Sal. Jl. Sekip Ujung;Kota Adm. Jakarta Timur;Matraman;80.0;0.5;0.5;Tercatat;Cor Beton / Saluran Terbuka dan Tertutup;True;True;0.25;
2939;18147;UKS-27791;Sal. Jl. Galur Sari Raya;Kota Adm. Jakarta Timur;Matraman;403.0;0.6;0.7;Tercatat;U-ditch / Saluran Tertutup;True;True;0.42;
2940;18148;UKS-27792;Sal. Jl. Galur Sari Raya;Kota Adm. Jakarta Timur;Matraman;406.0;0.6;0.7;Tercatat;U-ditch / Saluran Tertutup;True;True;0.42;
2941;18149;UKS-27793;Sal. Jl. Asem Gede Timur;Kota Adm. Jakarta Timur;Matraman;352.0;0.7;0.6;Tercatat;U-ditch, Cor Beton, dan Turap Batu Kali / Saluran Terbuka dan Tertutup;True;True;0.42;
2942;18150;UKS-27794;Sal. Jl. Asem Gede Timur;Kota Adm. Jakarta Timur;Matraman;352.0;0.7;0.6;Tercatat;U-ditch, Cor Beton, dan Turap Batu Kali / Saluran Terbuka dan Tertutup;True;True;0.42;
2943;18151;UKS-27795;Sal. Jl. Asem Gede Utara;Kota Adm. Jakarta Timur;Matraman;93.0;0.4;0.6;Tercatat;Turap Batu Kali dan Cor Beton / Saluran Terbuka dan Tertutup;True;True;0.24;
2944;18152;UKS-27796;Sal. Jl. Asem Gede Utara;Kota Adm. Jakarta Timur;Matraman;126.0;0.4;0.6;Tercatat;Turap Batu Kali dan Cor Beton / Saluran Terbuka dan Tertutup;True;True;0.24;
2945;18153;UKS-27797;Sal. Jl. Galur Sari;Kota Adm. Jakarta Timur;Matraman;103.0;0.6;0.6;Tercatat;Cor Beton / Saluran Terbuka dan Tertutup;True;True;0.36;
2946;18154;UKS-27798;Sal. Jl. Galur Sari;Kota Adm. Jakarta Timur;Matraman;103.0;0.6;0.6;Tercatat;Cor Beton / Saluran Terbuka dan Tertutup;True;True;0.36;
2947;18155;UKS-27799;Sal. Jl. Kelapa Merah;Kota Adm. Jakarta Timur;Matraman;70.0;0.5;0.8;Tercatat;Cor Beton / Saluran Terbuka dan Tertutup;True;True;0.4;
2948;18156;UKS-27800;Sal. Jl. Kelapa Merah;Kota Adm. Jakarta Timur;Matraman;70.0;0.5;0.8;Tercatat;Cor Beton / Saluran Terbuka dan Tertutup;True;True;0.4;
2949;18157;UKS-27801;Sal. Jl. Kelapa Merah;Kota Adm. Jakarta Timur;Matraman;48.0;0.5;0.8;Tercatat;Cor Beton / Saluran Terbuka dan Tertutup;True;True;0.4;
2950;18158;UKS-27802;Sal. Jl. Kelapa Merah;Kota Adm. Jakarta Timur;Matraman;48.0;0.5;0.8;Tercatat;Cor Beton / Saluran Terbuka dan Tertutup;True;True;0.4;
2951;18159;UKS-27803;Sal. Jl. Galur Sari;Kota Adm. Jakarta Timur;Matraman;254.0;0.6;0.6;Tercatat;Cor Beton / Saluran Terbuka dan Tertutup;True;True;0.36;
2952;18160;UKS-27804;Sal. Jl. Galur Sari;Kota Adm. Jakarta Timur;Matraman;403.0;0.6;0.6;Tercatat;Cor Beton / Saluran Terbuka dan Tertutup;True;True;0.36;
2953;18161;UKS-27805;Sal. Jl. Galur Sari;Kota Adm. Jakarta Timur;Matraman;254.0;0.6;0.6;Tercatat;Cor Beton / Saluran Terbuka dan Tertutup;True;True;0.36;
2954;18162;UKS-27806;Sal. Jl. Galur Sari 3;Kota Adm. Jakarta Timur;Matraman;95.0;0.6;0.6;Tercatat;U-ditch / Saluran Tertutup;True;True;0.36;
2955;18163;UKS-27807;Sal. Jl. Galur Sari 3;Kota Adm. Jakarta Timur;Matraman;95.0;0.6;0.6;Tercatat;U-ditch / Saluran Tertutup;True;True;0.36;
2956;18164;UKS-27808;Sal. Jl. Galur Sari 3;Kota Adm. Jakarta Timur;Matraman;122.0;0.6;0.6;Tercatat;U-ditch / Saluran Tertutup;True;True;0.36;
2957;18165;UKS-27809;Sal. Jl. Galur Sari 3;Kota Adm. Jakarta Timur;Matraman;122.0;0.6;0.6;Tercatat;U-ditch / Saluran Tertutup;True;True;0.36;
2958;18166;UKS-27810;Sal. Jl. Galur Sari 3;Kota Adm. Jakarta Timur;Matraman;48.0;0.6;0.6;Tercatat;U-ditch / Saluran Tertutup;True;True;0.36;
2959;18167;UKS-27811;Sal. Jl. Galur Sari 3;Kota Adm. Jakarta Timur;Matraman;110.0;0.6;0.6;Tercatat;U-ditch / Saluran Tertutup;True;True;0.36;
2960;18168;UKS-27812;Sal. Jl. Moncokerto 1;Kota Adm. Jakarta Timur;Matraman;354.0;0.6;0.6;Tercatat;Cor Beton / Saluran Terbuka dan Tertutup;True;True;0.36;
2961;18169;UKS-27813;Sal. Jl. Moncokerto 1;Kota Adm. Jakarta Timur;Matraman;354.0;0.6;0.6;Tercatat;Cor Beton / Saluran Terbuka dan Tertutup;True;True;0.36;
2962;18170;UKS-27814;Sal. Jl. Kelapa Hijau;Kota Adm. Jakarta Timur;Matraman;227.0;0.8;0.8;Tercatat;Cor Beton / Saluran Terbuka;True;True;0.64;
2963;18171;UKS-27815;Sal. Jl. Kelapa Hijau;Kota Adm. Jakarta Timur;Matraman;476.5;0.8;0.8;Tercatat;Cor Beton / Saluran Terbuka;True;True;0.64;
2964;18172;UKS-27816;Sal. Jl. Galur Sari 1;Kota Adm. Jakarta Timur;Matraman;242.0;0.6;0.8;Tercatat;Cor Beton / Saluran Terbuka;True;True;0.48;
2965;18173;UKS-27817;Sal. Jl. Galur Sari 10;Kota Adm. Jakarta Timur;Matraman;155.0;3.0;1.5;Tercatat;Turap Batu Kali dan Cor Beton / Saluran Terbuka dan Tertutup;True;True;4.5;
2966;18174;UKS-27818;Sal. Jl. Galur Sari 10;Kota Adm. Jakarta Timur;Matraman;65.0;0.6;0.4;Tercatat;Turap Batu Kali dan Cor Beton / Saluran Terbuka dan Tertutup;True;True;0.24;
2967;18175;UKS-27819;Sal. Jl. Galur Sari Barat;Kota Adm. Jakarta Timur;Matraman;106.0;0.6;0.7;Tercatat;U-ditch dan Cor Beton / Saluran Terbuka dan Tertutup;True;True;0.42;
2968;18176;UKS-27820;Sal. Jl. Galur Sari Barat;Kota Adm. Jakarta Timur;Matraman;106.0;0.6;0.5;Tercatat;U-ditch dan Cor Beton / Saluran Terbuka dan Tertutup;True;True;0.3;
2969;18177;UKS-27821;Sal. Jl. Galur Sari 4;Kota Adm. Jakarta Timur;Matraman;179.0;0.6;0.7;Tercatat;U-ditch / Saluran Tertutup;True;True;0.42;
2970;18178;UKS-27822;Sal. Jl. Galur Sari 4;Kota Adm. Jakarta Timur;Matraman;176.0;0.6;0.7;Tercatat;U-ditch / Saluran Tertutup;True;True;0.42;
2971;18179;UKS-27823;Sal. Jl. Galur Sari 5;Kota Adm. Jakarta Timur;Matraman;141.0;0.6;0.7;Tercatat;Cor Beton / Saluran Tertutup;True;True;0.42;
2972;18180;UKS-27824;Sal. Jl. Galur Sari 5;Kota Adm. Jakarta Timur;Matraman;140.0;0.6;0.7;Tercatat;Cor Beton / Saluran Tertutup;True;True;0.42;
2973;18181;UKS-27825;Sal. Jl. Galur Sari 6;Kota Adm. Jakarta Timur;Matraman;142.0;0.6;0.6;Tercatat;Cor Beton / Saluran Tertutup;True;True;0.36;
2974;18182;UKS-27826;Sal. Jl. Galur Sari 6;Kota Adm. Jakarta Timur;Matraman;143.0;0.6;0.6;Tercatat;Cor Beton / Saluran Tertutup;True;True;0.36;
2975;18183;UKS-27827;Sal. Jl. Galur Sari 7;Kota Adm. Jakarta Timur;Matraman;143.0;0.6;0.7;Tercatat;Cor Beton / Saluran Tertutup;True;True;0.42;
2976;18184;UKS-27828;Sal. Jl. Galur Sari 7;Kota Adm. Jakarta Timur;Matraman;143.0;0.6;0.7;Tercatat;Cor Beton / Saluran Tertutup;True;True;0.42;
2977;18185;UKS-27829;Sal. Jl. Galur Sari 8;Kota Adm. Jakarta Timur;Matraman;258.0;0.6;1.0;Tercatat;U-ditch dan turap batu kali / Saluran Terbuka dan Tertutup;True;True;0.6;
2978;18186;UKS-27830;Sal. Jl. Galur Sari 8;Kota Adm. Jakarta Timur;Matraman;258.0;0.6;1.0;Tercatat;U-ditch dan turap batu kali / Saluran Terbuka dan Tertutup;True;True;0.6;
2979;18187;UKS-27831;Sal. Jl. Galur Sari 2;Kota Adm. Jakarta Timur;Matraman;153.0;0.6;0.7;Tercatat;Turap Batu Kali / Saluran Terbuka;True;True;0.42;
2980;18188;UKS-27832;Sal. Jl. Galur Sari 2;Kota Adm. Jakarta Timur;Matraman;153.0;0.6;0.7;Tercatat;Turap Batu Kali / Saluran Terbuka;True;True;0.42;
2981;18189;UKS-27833;Sal. Jl. Galur Sari 10;Kota Adm. Jakarta Timur;Matraman;103.0;0.6;0.4;Tercatat;Turap Batu Kali dan Cor Beton / Saluran Terbuka dan Tertutup;True;True;0.24;
2982;18190;UKS-27834;Sal. Jl. Galur Sari 10;Kota Adm. Jakarta Timur;Matraman;93.0;0.6;0.4;Tercatat;Turap Batu Kali dan Cor Beton / Saluran Terbuka dan Tertutup;True;True;0.24;
2983;18191;UKS-27835;Sal. Jl. Monco Kerto 3;Kota Adm. Jakarta Timur;Matraman;366.0;0.6;0.4;Tercatat;Cor Beton / Saluran Terbuka dan Tertutup;True;True;0.24;
2984;18192;UKS-27836;Sal. Jl. Monco Kerto 3;Kota Adm. Jakarta Timur;Matraman;366.0;0.6;0.4;Tercatat;Cor Beton / Saluran Terbuka dan Tertutup;True;True;0.24;
2985;18193;UKS-27837;Sal. Jl. Kramat Asam;Kota Adm. Jakarta Timur;Matraman;239.0;0.8;0.7;Tercatat;U-ditch / Saluran Tertutup;True;True;0.56;
2986;18194;UKS-27838;Sal. Jl. Kramat Asam;Kota Adm. Jakarta Timur;Matraman;237.0;0.6;0.4;Tercatat;U-ditch / Saluran Tertutup;True;True;0.24;
2987;18195;UKS-27839;Sal. Jl. Kelapa Puan;Kota Adm. Jakarta Timur;Matraman;225.0;0.6;0.7;Tercatat;Cor Beton / Saluran Terbuka dan Tertutup;True;True;0.42;
2988;18196;UKS-27840;Sal. Jl. Kelapa Puan;Kota Adm. Jakarta Timur;Matraman;225.0;0.6;0.7;Tercatat;Cor Beton / Saluran Terbuka dan Tertutup;True;True;0.42;
2989;18197;UKS-27841;Sal. Jl. Kelapa Lilin;Kota Adm. Jakarta Timur;Matraman;133.0;0.8;0.8;Tercatat;Cor Beton / Saluran Terbuka dan Tertutup;True;True;0.64;
2990;18198;UKS-27842;Sal. Jl. Kelapa Lilin;Kota Adm. Jakarta Timur;Matraman;133.0;0.8;0.8;Tercatat;Cor Beton / Saluran Terbuka dan Tertutup;True;True;0.64;
2991;18199;UKS-27843;Sal. Jl. Cengkir;Kota Adm. Jakarta Timur;Matraman;156.0;0.5;0.5;Tercatat;Cor Beton / Saluran Terbuka dan Tertutup;True;True;0.25;
2992;18200;UKS-27844;Sal. Jl. Cengkir;Kota Adm. Jakarta Timur;Matraman;156.0;0.5;0.5;Tercatat;Cor Beton / Saluran Terbuka dan Tertutup;True;True;0.25;
2993;18201;UKS-27845;Sal. Jl. Cendana II;Kota Adm. Jakarta Timur;Matraman;266.0;0.6;0.6;Tercatat;Cor Beton / Saluran Terbuka dan Tertutup;True;True;0.36;
2994;18202;UKS-27846;Sal. Jl. Cendana II;Kota Adm. Jakarta Timur;Matraman;267.0;0.6;0.6;Tercatat;Cor Beton / Saluran Terbuka dan Tertutup;True;True;0.36;
2995;18203;UKS-27847;Sal. Jl. Kebon Kelapa;Kota Adm. Jakarta Timur;Matraman;231.0;0.6;0.6;Tercatat;Cor Beton / Saluran Terbuka dan Tertutup;True;True;0.36;
2996;18204;UKS-27848;Sal. Jl. Kebon Kelapa;Kota Adm. Jakarta Timur;Matraman;226.0;0.6;0.6;Tercatat;Cor Beton / Saluran Terbuka dan Tertutup;True;True;0.36;
2997;18205;UKS-27849;Sal. Jl. Kelapa Sawit 1;Kota Adm. Jakarta Timur;Matraman;200.0;0.5;0.5;Tercatat;Cor Beton / Saluran Terbuka dan Tertutup;True;True;0.25;
2998;18206;UKS-27850;Sal. Jl. Kelapa Sawit 1;Kota Adm. Jakarta Timur;Matraman;202.0;0.5;0.5;Tercatat;Cor Beton / Saluran Terbuka dan Tertutup;True;True;0.25;
2999;18207;UKS-27851;Sal. Jl. Kelapa Sawit 2;Kota Adm. Jakarta Timur;Matraman;195.0;0.5;0.5;Tercatat;Cor Beton / Saluran Terbuka dan Tertutup;True;True;0.25;
3000;18208;UKS-27852;Sal. Jl. Kelapa Sawit 2;Kota Adm. Jakarta Timur;Matraman;195.0;0.5;0.5;Tercatat;Cor Beton / Saluran Terbuka dan Tertutup;True;True;0.25;
3001;18209;UKS-27853;Sal. Jl. Monco Kerto 2;Kota Adm. Jakarta Timur;Matraman;175.0;0.6;0.5;Tercatat;Cor Beton / Saluran Terbuka dan Tertutup;True;True;0.3;
3002;18210;UKS-27854;Sal. Jl. Monco Kerto 2;Kota Adm. Jakarta Timur;Matraman;175.0;0.6;0.5;Tercatat;Cor Beton / Saluran Terbuka dan Tertutup;True;True;0.3;
3003;18211;UKS-27855;Sal. Jl. Galur Sari Barat;Kota Adm. Jakarta Timur;Matraman;50.0;0.6;0.7;Tercatat;U-ditch dan Cor Beton / Saluran Terbuka dan Tertutup;True;True;0.42;
3004;18212;UKS-27856;Sal. Jl. Galur Sari Barat;Kota Adm. Jakarta Timur;Matraman;56.0;0.6;0.5;Tercatat;U-ditch dan Cor Beton / Saluran Terbuka dan Tertutup;True;True;0.3;
2809;18017;UKS-427;Sal. Jl. Nanas;Kota Adm. Jakarta Timur;Matraman;279.0;0.6;0.8;Tercatat;Cor Beton / Saluran Terbuka dan Tertutup;True;True;0.48;
2810;18018;UKS-428;Sal. Jl. Nanas 1;Kota Adm. Jakarta Timur;Matraman;398.0;1.3;1.3;Tercatat;Cor Beton / Saluran Terbuka dan Tertutup;True;True;1.69;
2832;18040;UKS-450;Sal. Jl. Kemuning;Kota Adm. Jakarta Timur;Matraman;340.0;0.6;0.6;Tercatat;Cor Beton / Saluran terbuka dan tertutup;True;True;0.36;
2838;18046;UKS-456;Sal. Jl. Tirta Sari;Kota Adm. Jakarta Timur;Matraman;188.0;0.6;0.6;Tercatat;Cor Beton / Saluran Terbuka dan Tertutup;True;True;0.36;
3005;18213;UKU-27857;Sal. Jl. Komplek Tirta Sari;Kota Adm. Jakarta Timur;Matraman;87.0;0.5;0.5;Tercatat;Cor Beton / Saluran Terbuka dan Tertutup;True;True;0.25;
3006;18214;UKU-27858;Sal. Jl. Komplek Tirta Sari;Kota Adm. Jakarta Timur;Matraman;87.0;0.5;0.5;Tercatat;Cor Beton / Saluran Terbuka dan Tertutup;True;True;0.25;
3007;18215;UKU-27859;Sal. Jl. Balai Rakyat;Kota Adm. Jakarta Timur;Matraman;462.0;0.8;0.8;Tercatat;U-ditch dan Cor Beton / Saluran Terbuka dan Tertutup;True;True;0.64;
3008;18216;UKU-27860;Sal. Jl. Balai Rakyat;Kota Adm. Jakarta Timur;Matraman;371.0;0.8;0.8;Tercatat;U-ditch dan Cor Beton / Saluran Terbuka dan Tertutup;True;True;0.64;
2780;17988;UKU-398;Sal. Jl. Utan Kayu;Kota Adm. Jakarta Timur;Matraman;707.0;0.8;0.8;Tercatat;U-ditch dan Cor Beton / Saluran tertutup;True;True;0.64;
2781;17989;UKU-399;Sal. Jl. Utan Kayu;Kota Adm. Jakarta Timur;Matraman;712.0;0.8;0.8;Tercatat;U-ditch dan Cor Beton / Saluran tertutup;True;True;0.64;
2782;17990;UKU-400;Sal. Jl. Waringin;Kota Adm. Jakarta Timur;Matraman;315.0;0.5;0.5;Tercatat;Cor Beton / Saluran Tertutup;True;True;0.25;
2783;17991;UKU-401;Sal. Jl. Waringin;Kota Adm. Jakarta Timur;Matraman;314.0;0.5;0.5;Tercatat;Cor Beton / Saluran Tertutup;True;True;0.25;
2784;17992;UKU-402;Sal. Jl. Supriyadi;Kota Adm. Jakarta Timur;Matraman;202.0;0.5;0.6;Tercatat;Cor Beton / Saluran tertutup;True;True;0.3;
2785;17993;UKU-403;Sal. Jl. Supriyadi;Kota Adm. Jakarta Timur;Matraman;206.0;0.5;0.7;Tercatat;Cor Beton / Saluran tertutup;True;True;0.35;
2786;17994;UKU-404;Sal. Jl. Kemuning;Kota Adm. Jakarta Timur;Matraman;334.0;0.6;0.6;Tercatat;Cor Beton / Saluran terbuka dan tertutup;True;True;0.36;
2787;17995;UKU-405;Sal. Jl. Kemuning;Kota Adm. Jakarta Timur;Matraman;290.0;0.6;0.6;Tercatat;Cor Beton / Saluran terbuka dan tertutup;True;True;0.36;
2788;17996;UKU-406;Sal. Jl. Kemuning;Kota Adm. Jakarta Timur;Matraman;263.0;0.6;0.6;Tercatat;Cor Beton / Saluran terbuka dan tertutup;True;True;0.36;
2789;17997;UKU-407;Sal. Jl. Kemuning 1;Kota Adm. Jakarta Timur;Matraman;252.0;0.6;0.6;Tercatat;Cor Beton / Saluran Tertutup;True;True;0.36;
2790;17998;UKU-408;Sal. Jl. Kemuning;Kota Adm. Jakarta Timur;Matraman;290.0;0.6;0.6;Tercatat;Cor Beton / Saluran terbuka dan tertutup;True;True;0.36;
2791;17999;UKU-409;Sal. Jl. Kemuning;Kota Adm. Jakarta Timur;Matraman;152.0;0.6;0.6;Tercatat;Cor Beton / Saluran terbuka dan tertutup;True;True;0.36;
2792;18000;UKU-410;Sal. Jl. Kemuning;Kota Adm. Jakarta Timur;Matraman;152.0;0.6;0.6;Tercatat;Cor Beton / Saluran terbuka dan tertutup;True;True;0.36;
2793;18001;UKU-411;Sal. Jl. Kemuning 3;Kota Adm. Jakarta Timur;Matraman;190.0;0.5;0.5;Tercatat;Cor Beton / Saluran Tertutup;True;True;0.25;
2794;18002;UKU-412;Sal. Jl. Kemuning 3;Kota Adm. Jakarta Timur;Matraman;189.0;0.5;0.5;Tercatat;Cor Beton / Saluran Tertutup;True;True;0.25;
2795;18003;UKU-413;Sal. Jl. Kemuning 2;Kota Adm. Jakarta Timur;Matraman;111.0;0.5;0.5;Tercatat;Cor Beton / Saluran Tertutup;True;True;0.25;
2796;18004;UKU-414;Sal. Jl. Kemuning 2;Kota Adm. Jakarta Timur;Matraman;110.0;0.5;0.5;Tercatat;Cor Beton / Saluran Tertutup;True;True;0.25;
2797;18005;UKU-415;Sal. Jl. Kemuning Dalam 4;Kota Adm. Jakarta Timur;Matraman;153.0;0.5;0.5;Tercatat;Cor Beton / Saluran Tertutup;True;True;0.25;
2798;18006;UKU-416;Sal. Jl. Kemuning Dalam 4;Kota Adm. Jakarta Timur;Matraman;153.0;0.5;0.5;Tercatat;Cor Beton / Saluran Tertutup;True;True;0.25;
2799;18007;UKU-417;Sal. Jl. Mangga;Kota Adm. Jakarta Timur;Matraman;241.0;0.6;0.6;Tercatat;U-ditch / Saluran Tertutup;True;True;0.36;
2800;18008;UKU-418;Sal. Jl. Mangga;Kota Adm. Jakarta Timur;Matraman;241.0;0.6;0.6;Tercatat;U-ditch / Saluran Tertutup;True;True;0.36;
2801;18009;UKU-419;Sal. Jl. Jeruk;Kota Adm. Jakarta Timur;Matraman;584.0;0.6;0.6;Tercatat;Cor Beton / Saluran terbuka dan tertutup;True;True;0.36;
2802;18010;UKU-420;Sal. Jl. Jeruk;Kota Adm. Jakarta Timur;Matraman;584.0;0.6;0.6;Tercatat;Cor Beton / Saluran terbuka dan tertutup;True;True;0.36;
2803;18011;UKU-421;Sal. Jl. Jeruk;Kota Adm. Jakarta Timur;Matraman;584.0;0.6;0.6;Tercatat;Cor Beton / Saluran terbuka dan tertutup;True;True;0.36;
2804;18012;UKU-422;Sal. Jl. Mangga;Kota Adm. Jakarta Timur;Matraman;115.0;0.6;0.6;Tercatat;U-ditch / Saluran Tertutup;True;True;0.36;
2805;18013;UKU-423;Sal. Jl. Mangga;Kota Adm. Jakarta Timur;Matraman;114.0;0.6;0.6;Tercatat;U-ditch / Saluran Tertutup;True;True;0.36;
2806;18014;UKU-424;Sal. Jl. Utan Kayu;Kota Adm. Jakarta Timur;Matraman;670.0;0.8;0.8;Tercatat;U-ditch dan Cor Beton / Saluran tertutup;True;True;0.64;
2807;18015;UKU-425;Sal. Jl. Utan Kayu;Kota Adm. Jakarta Timur;Matraman;655.0;0.8;0.8;Tercatat;U-ditch dan Cor Beton / Saluran tertutup;True;True;0.64;
2808;18016;UKU-426;Sal. Jl. Nanas;Kota Adm. Jakarta Timur;Matraman;283.0;0.6;0.8;Tercatat;Cor Beton / Saluran Terbuka dan Tertutup;True;True;0.48;
2811;18019;UKU-429;Sal. Jl. Nanas 1;Kota Adm. Jakarta Timur;Matraman;398.0;0.6;0.8;Tercatat;Cor Beton / Saluran Terbuka dan Tertutup;True;True;0.48;
2812;18020;UKU-430;Sal. Jl. Nanas;Kota Adm. Jakarta Timur;Matraman;165.0;0.6;0.8;Tercatat;Cor Beton / Saluran Terbuka dan Tertutup;True;True;0.48;
2813;18021;UKU-431;Sal. Jl. Nanas;Kota Adm. Jakarta Timur;Matraman;163.0;0.6;0.8;Tercatat;Cor Beton / Saluran Terbuka dan Tertutup;True;True;0.48;
2814;18022;UKU-432;Sal. Jl. Nangka;Kota Adm. Jakarta Timur;Matraman;134.0;0.6;0.4;Tercatat;Cor Beton / Saluran Terbuka dan Tertutup;True;True;0.24;
2815;18023;UKU-433;Sal. Jl. Nangka;Kota Adm. Jakarta Timur;Matraman;132.0;0.6;0.4;Tercatat;Cor Beton / Saluran Terbuka dan Tertutup;True;True;0.24;
2816;18024;UKU-434;Sal. Jl. Mede Duren;Kota Adm. Jakarta Timur;Matraman;443.0;0.6;0.5;Tercatat;Cor Beton / Saluran Terbuka dan Tertutup;True;True;0.3;
2817;18025;UKU-435;Sal. Jl. Mede Duren;Kota Adm. Jakarta Timur;Matraman;448.0;0.6;0.5;Tercatat;Cor Beton / Saluran Terbuka dan Tertutup;True;True;0.3;
2818;18026;UKU-436;Sal. Jl. Pengayoman 2;Kota Adm. Jakarta Timur;Matraman;188.0;0.6;0.6;Tercatat;U-ditch / Saluran tertutup;True;True;0.36;
2819;18027;UKU-437;Sal. Jl. Pengayoman 2;Kota Adm. Jakarta Timur;Matraman;188.0;0.6;0.6;Tercatat;U-ditch / Saluran tertutup;True;True;0.36;
2820;18028;UKU-438;Sal. Jl. Pengayoman 1;Kota Adm. Jakarta Timur;Matraman;223.0;0.6;0.6;Tercatat;U-ditch dan turap batu kali / saluran terbuka dan tertutup;True;True;0.36;
2821;18029;UKU-439;Sal. Jl. Pengayoman 1;Kota Adm. Jakarta Timur;Matraman;219.0;0.6;0.6;Tercatat;U-ditch dan turap batu kali / saluran terbuka dan tertutup;True;True;0.36;
2822;18030;UKU-440;Sal. Jl. Pengayoman;Kota Adm. Jakarta Timur;Matraman;294.0;0.8;1.0;Tercatat;U-ditch / Saluran Tertutup;True;True;0.8;
2823;18031;UKU-441;Sal. Jl. Pengayoman;Kota Adm. Jakarta Timur;Matraman;294.0;0.8;1.0;Tercatat;U-ditch / Saluran Tertutup;True;True;0.8;
2824;18032;UKU-442;Sal. Jl. Multi Karya;Kota Adm. Jakarta Timur;Matraman;391.0;0.6;0.6;Tercatat;Cor Beton / Saluran Terbuka dan Tertutup;True;True;0.36;
2825;18033;UKU-443;Sal. Jl. Multi Karya;Kota Adm. Jakarta Timur;Matraman;391.0;0.6;0.6;Tercatat;Cor Beton / Saluran Terbuka dan Tertutup;True;True;0.36;
2826;18034;UKU-444;Sal. Jl. Wahab;Kota Adm. Jakarta Timur;Matraman;232.0;0.6;0.5;Tercatat;Cor Beton / Saluran Terbuka dan Tertutup;True;True;0.3;
2827;18035;UKU-445;Sal. Jl. Wahab;Kota Adm. Jakarta Timur;Matraman;232.0;0.6;0.5;Tercatat;Cor Beton / Saluran Terbuka dan Tertutup;True;True;0.3;
2829;18037;UKU-447;Sal. Jl. Rambutan;Kota Adm. Jakarta Timur;Matraman;244.0;0.6;0.6;Tercatat;Cor Beton / Saluran terbuka dan tertutup;True;True;0.36;
2830;18038;UKU-448;Sal. Jl. Rambutan;Kota Adm. Jakarta Timur;Matraman;243.0;0.6;0.6;Tercatat;Cor Beton / Saluran terbuka dan tertutup;True;True;0.36;
2831;18039;UKU-449;Sal. Jl. Kemuning;Kota Adm. Jakarta Timur;Matraman;263.0;0.6;0.6;Tercatat;Cor Beton / Saluran terbuka dan tertutup;True;True;0.36;
2833;18041;UKU-451;Sal. Jl. Kemuning 1;Kota Adm. Jakarta Timur;Matraman;72.0;0.6;0.6;Tercatat;Cor Beton / Saluran Tertutup;True;True;0.36;
2834;18042;UKU-452;Sal. Jl. Kemuning 1;Kota Adm. Jakarta Timur;Matraman;72.0;0.6;0.6;Tercatat;Cor Beton / Saluran Tertutup;True;True;0.36;
2835;18043;UKU-453;Sal. Jl. Kemuning 1;Kota Adm. Jakarta Timur;Matraman;71.0;0.6;0.6;Tercatat;Cor Beton / Saluran Tertutup;True;True;0.36;
2836;18044;UKU-454;Sal. Jl. Kemuning 1;Kota Adm. Jakarta Timur;Matraman;71.0;0.6;0.6;Tercatat;Cor Beton / Saluran Tertutup;True;True;0.36;
2837;18045;UKU-455;Sal. Jl. Tirta Sari;Kota Adm. Jakarta Timur;Matraman;185.0;0.6;0.6;Tercatat;Cor Beton / Saluran Terbuka dan Tertutup;True;True;0.36;
3433;21836;BRU-5529;Sal. Jl. RA Fadhillah RW. 08;Kota Adm. Jakarta Timur;Pasar Rebo;690.0;0.6;0.6;Tercatat;Uditch Terbuka/Saluran Teknis;True;True;0.36;
3434;21837;BRU-5530;Sal. Jl. RA Fadhillah RW. 08;Kota Adm. Jakarta Timur;Pasar Rebo;690.0;0.6;0.6;Tercatat;Uditch Terbuka/Saluran Teknis;True;True;0.36;
3435;21838;BRU-5531;Sal. Jl. RA Fadhillah RW. 08;Kota Adm. Jakarta Timur;Pasar Rebo;690.0;0.6;0.6;Tercatat;Uditch Terbuka/Saluran Teknis;True;True;0.36;
3436;21839;BRU-5532;Sal. Jl. RA Fadhillah RW. 08;Kota Adm. Jakarta Timur;Pasar Rebo;690.0;0.6;0.6;Tercatat;Uditch Terbuka/Saluran Teknis;True;True;0.36;
3437;21840;BRU-5533;Sal. Jl. Kobangdiklat;Kota Adm. Jakarta Timur;Pasar Rebo;255.0;0.5;0.5;Tercatat;Uditch Tertutup/Saluran Teknis;True;True;0.25;
3438;21841;BRU-5534;Sal. Jl. Kobangdiklat;Kota Adm. Jakarta Timur;Pasar Rebo;255.0;0.5;0.5;Tercatat;Uditch Tertutup/Saluran Teknis;True;True;0.25;
3439;21842;BRU-5535;Sal. Jl. RA Fadhillah RW. 07;Kota Adm. Jakarta Timur;Pasar Rebo;240.0;0.5;0.5;Tercatat;Uditch Terbuka/Saluran Teknis;True;True;0.25;
3440;21843;BRU-5536;Sal. Jl. RA Fahillah RW. 06;Kota Adm. Jakarta Timur;Pasar Rebo;230.0;0.5;0.5;Tercatat;Uditch Terbuka/Saluran Teknis;True;True;0.25;
3441;21844;BRU-5537;Sal. Jl. Gg. Bates;Kota Adm. Jakarta Timur;Pasar Rebo;100.0;0.7;0.7;Tercatat;Batu Kali/Saluran Teknis;True;True;0.49;
3442;21845;BRU-5538;Sal. Jl. A. Latief;Kota Adm. Jakarta Timur;Pasar Rebo;145.0;0.8;0.8;Tercatat;Uditch Tertutup/Saluran Teknis;True;True;0.64;
3443;21846;BRU-5539;Sal. Jl. H. Moong;Kota Adm. Jakarta Timur;Pasar Rebo;300.0;0.5;0.5;Tercatat;Uditch Tertutup/Saluran Teknis;True;True;0.25;
3444;21847;BRU-5540;Sal. Jl. H. Moong;Kota Adm. Jakarta Timur;Pasar Rebo;300.0;0.5;0.5;Tercatat;Uditch Tertutup/Saluran Teknis;True;True;0.25;
3445;21848;BRU-5542;Sal. Jl. H. Piih;Kota Adm. Jakarta Timur;Pasar Rebo;100.0;0.4;;Tercatat;Cor Tempat Tertutup/Saluran Teknis;True;False;;dimensi_tidak_lengkap
3446;21849;BRU-5543;Sal. Jl. Peternakan Gg. Salak;Kota Adm. Jakarta Timur;Pasar Rebo;114.0;0.4;0.4;Tercatat;Uditch Tertutup/Saluran Teknis;True;True;0.16;
3447;21850;BRU-5544;Sal. Jl. Peternakan Gg. Salak;Kota Adm. Jakarta Timur;Pasar Rebo;114.0;0.4;0.4;Tercatat;Uditch Tertutup/Saluran Teknis;True;True;0.16;
3448;21851;BRU-5546;Sal. Jl. Peternakan Gg. Salak;Kota Adm. Jakarta Timur;Pasar Rebo;114.0;0.4;0.4;Tercatat;Uditch Tertutup/Saluran Teknis;True;True;0.16;
3449;21852;BRU-5547;Sal. Jl. Peternakan Gg. Salak;Kota Adm. Jakarta Timur;Pasar Rebo;114.0;0.4;0.4;Tercatat;Uditch Tertutup/Saluran Teknis;True;True;0.16;
3450;21853;BRU-5548;;Kota Adm. Jakarta Timur;Pasar Rebo;;;;Tercatat;Uditch Tertutup/Saluran Teknis;True;False;;dimensi_tidak_lengkap
3451;21854;BRU-5549;;Kota Adm. Jakarta Timur;Pasar Rebo;;;;Tercatat;Uditch Tertutup/Saluran Teknis;True;False;;dimensi_tidak_lengkap
3452;21855;BRU-5551;Sal. Jl. Sawo Dalem RT. 06 RW. 10;Kota Adm. Jakarta Timur;Pasar Rebo;105.0;0.5;0.5;Tercatat;Uditch Tertutup/Saluran Teknis;True;True;0.25;
3453;21856;BRU-5552;Sal. Jl. Sawo;Kota Adm. Jakarta Timur;Pasar Rebo;500.0;0.8;0.8;Tercatat;Uditch Tertutup/Saluran Teknis;True;True;0.64;
3454;21857;BRU-5553;Sal. Jl. Sawo Dalem 3 RT. 07 RW. 10;Kota Adm. Jakarta Timur;Pasar Rebo;110.0;0.4;0.4;Tercatat;Uditch Tertutup/Saluran Teknis;True;True;0.16;
3455;21858;BRU-5554;Sal. Jl. Rambutan;Kota Adm. Jakarta Timur;Pasar Rebo;203.0;0.8;0.8;Tercatat;Uditch Tertutup/Saluran Teknis;True;True;0.64;
3456;21859;BRU-5555;Sal. Jl. Rambutan;Kota Adm. Jakarta Timur;Pasar Rebo;203.0;0.8;0.8;Tercatat;Uditch Tertutup/Saluran Teknis;True;True;0.64;
3457;21860;BRU-5556;Sal. Jl. H. Hasan;Kota Adm. Jakarta Timur;Pasar Rebo;1100.0;0.5;0.5;Tercatat;Cor Tempat Terbuka/Saluran Teknis;True;True;0.25;
3458;21861;BRU-5557;Sal. Jl. H. Hasan;Kota Adm. Jakarta Timur;Pasar Rebo;1100.0;0.5;0.5;Tercatat;Cor Tempat Terbuka/Saluran Teknis;True;True;0.25;
3459;21862;BRU-5558;Sal. Jl. H. Hasan;Kota Adm. Jakarta Timur;Pasar Rebo;1100.0;0.5;0.5;Tercatat;Cor Tempat Terbuka/Saluran Teknis;True;True;0.25;
3460;21863;BRU-5559;Sal. Jl. H. Hasan;Kota Adm. Jakarta Timur;Pasar Rebo;1100.0;0.5;0.5;Tercatat;Cor Tempat Terbuka/Saluran Teknis;True;True;0.25;
3461;21864;BRU-5560;Sal. Jl. Peternakan Gg. Salak;Kota Adm. Jakarta Timur;Pasar Rebo;114.0;0.4;0.4;Tercatat;Uditch Tertutup/Saluran Teknis;True;True;0.16;
3462;21865;BRU-5561;Sal. Jl. Peternakan Gg. Salak;Kota Adm. Jakarta Timur;Pasar Rebo;114.0;0.4;0.4;Tercatat;Uditch Tertutup/Saluran Teknis;True;True;0.16;
3463;21866;BRU-5565;Sal. Jl. Batas;Kota Adm. Jakarta Timur;Pasar Rebo;300.0;0.4;0.4;Tercatat;Cor Tempat/Saluran Non Teknis;True;True;0.16;
3464;21867;BRU-5567;Sal. Jl. Bakti I;Kota Adm. Jakarta Timur;Pasar Rebo;375.0;0.5;0.5;Tercatat;Uditch Tertutup/Saluran Teknis;True;True;0.25;
3465;21868;BRU-5568;Sal. Jl. Bakti I;Kota Adm. Jakarta Timur;Pasar Rebo;375.0;0.5;0.5;Tercatat;Uditch Tertutup/Saluran Teknis;True;True;0.25;
3466;21869;BRU-5569;Sal. Jl. Bakti I;Kota Adm. Jakarta Timur;Pasar Rebo;375.0;0.5;0.5;Tercatat;Uditch Tertutup/Saluran Teknis;True;True;0.25;
3467;21870;BRU-5570;Sal. Jl. Bakti I;Kota Adm. Jakarta Timur;Pasar Rebo;375.0;0.5;0.5;Tercatat;Uditch Tertutup/Saluran Teknis;True;True;0.25;
3468;21871;BRU-5571;Sal. Jl. Bakti II;Kota Adm. Jakarta Timur;Pasar Rebo;237.0;0.4;0.4;Tercatat;Uditch Tertutup/Saluran Teknis;True;True;0.16;
3469;21872;BRU-5572;Sal. Jl. Masjid Al Jadid;Kota Adm. Jakarta Timur;Pasar Rebo;260.0;0.8;0.8;Tercatat;Uditch Tertutup/Saluran Teknis;True;True;0.64;
3470;21873;BRU-5573;Sal. Jl. Masjid Al Jadid;Kota Adm. Jakarta Timur;Pasar Rebo;260.0;0.8;0.8;Tercatat;Uditch Tertutup/Saluran Teknis;True;True;0.64;
3471;21874;BRU-5574;Sal. Jl. Masjid Al Jadid;Kota Adm. Jakarta Timur;Pasar Rebo;260.0;0.6;0.6;Tercatat;Uditch Tertutup/Saluran Teknis;True;True;0.36;
3472;21875;BRU-5575;Sal. Jl. Masjid Al Jadid;Kota Adm. Jakarta Timur;Pasar Rebo;260.0;0.6;0.6;Tercatat;Uditch Tertutup/Saluran Teknis;True;True;0.36;
3473;21876;BRU-5579;Sal. Jl. Gongseng Barat Raya;Kota Adm. Jakarta Timur;Pasar Rebo;630.0;0.6;0.6;Tercatat;Uditch Terbuka/Saluran Teknis;True;True;0.36;
3474;21877;BRU-5580;Sal. Jl. Gongseng Barat Raya;Kota Adm. Jakarta Timur;Pasar Rebo;630.0;0.6;0.6;Tercatat;Uditch Terbuka/Saluran Teknis;True;True;0.36;
3475;21878;BRU-5581;Sal. Jl. Gongseng Barat Raya;Kota Adm. Jakarta Timur;Pasar Rebo;630.0;0.6;0.6;Tercatat;Uditch Terbuka/Saluran Teknis;True;True;0.36;
3476;21879;BRU-5584;Sal. Jl. Gongseng Barat Raya;Kota Adm. Jakarta Timur;Pasar Rebo;630.0;0.6;0.6;Tercatat;Uditch Terbuka/Saluran Teknis;True;True;0.36;
3477;21880;BRU-5588;Sal. Jl. Serbaguna;Kota Adm. Jakarta Timur;Pasar Rebo;30.0;0.6;0.6;Tercatat;Uditch Tertutup/Saluran Teknis;True;True;0.36;
3478;21881;BRU-5589;Sal. Jl. Serbaguna;Kota Adm. Jakarta Timur;Pasar Rebo;110.0;0.4;0.4;Tercatat;Uditch Tertutup/Saluran Teknis;True;True;0.16;
3479;21882;BRU-5590;Sal. Jl. Gotong Royong;Kota Adm. Jakarta Timur;Pasar Rebo;280.0;0.5;0.5;Tercatat;Uditch Tertutup/Saluran Teknis;True;True;0.25;
3480;21883;BRU-5591;Sal. Jl. Gotong Royong;Kota Adm. Jakarta Timur;Pasar Rebo;280.0;0.5;0.5;Tercatat;Uditch Tertutup/Saluran Teknis;True;True;0.25;
3481;21884;BRU-5593;Sal. Jl. Gotong Royong;Kota Adm. Jakarta Timur;Pasar Rebo;280.0;0.5;0.5;Tercatat;Uditch Tertutup/Saluran Teknis;True;True;0.25;
3482;21885;BRU-5595;Sal. Jl. Gotong Royong;Kota Adm. Jakarta Timur;Pasar Rebo;280.0;0.5;0.5;Tercatat;Uditch Tertutup/Saluran Teknis;True;True;0.25;
3483;21886;BRU-5598;Sal. Jl. Puskesmas;Kota Adm. Jakarta Timur;Pasar Rebo;145.0;0.3;0.3;Tercatat;Cor Tempat Tertutup/Saluran Non Teknis;True;True;0.09;
3484;21887;BRU-5599;Sal. Jl. Puskesmas;Kota Adm. Jakarta Timur;Pasar Rebo;145.0;0.3;0.3;Tidak diketahui;Cor Tempat Tertutup/Saluran Non Teknis;False;True;0.09;status_belum_tercatat
3485;21888;BRU-5600;;Kota Adm. Jakarta Timur;Pasar Rebo;;;;Tercatat;Uditch Tertutup/Saluran Teknis;True;False;;dimensi_tidak_lengkap
3486;21889;BRU-5601;;Kota Adm. Jakarta Timur;Pasar Rebo;;;;Tercatat;Uditch Tertutup/Saluran Teknis;True;False;;dimensi_tidak_lengkap
3127;21530;BRU-6042;Sal. Jl. Puskesmas;Kota Adm. Jakarta Timur;Pasar Rebo;145.0;0.3;0.3;Tercatat;Cor Tempat Tertutup/Saluran Non Teknis;True;True;0.09;
3128;21531;BRU-6043;Sal. Jl. Puskesmas;Kota Adm. Jakarta Timur;Pasar Rebo;145.0;0.3;0.3;Tercatat;Cor Tempat Tertutup/Saluran Non Teknis;True;True;0.09;
3130;21533;BRU-6045;Sal. Jl. Gotong Royong;Kota Adm. Jakarta Timur;Pasar Rebo;130.0;0.3;0.3;Tercatat;Cor Tempat/Saluran Non Teknis;True;True;0.09;
3304;21707;BRU-6384;Sal. Jl. RA Fadhillah;Kota Adm. Jakarta Timur;Pasar Rebo;1534.0;0.6;0.6;Tercatat;Uditch Terbuka/Saluran Teknis;True;True;0.36;
3307;21710;BRU-6393;Sal. Jl. Batas;Kota Adm. Jakarta Timur;Pasar Rebo;621.0;0.4;0.4;Tercatat;Cor Tempat/Saluran Non Teknis;True;True;0.16;
3432;21835;CJT-5430;Sal. Jl. Belly;Kota Adm. Jakarta Timur;Pasar Rebo;200.0;0.6;0.6;Tercatat;Uditch/Saluran Teknis;True;True;0.36;
3487;21890;CJT-5606;Sal. Jl. Kalisari III;Kota Adm. Jakarta Timur;Pasar Rebo;350.0;0.6;1.2;Tercatat;Cor Tempat/Saluran Teknis;True;True;0.72;
3129;21532;CJT-6044;Sal. Jl. Gotong Royong;Kota Adm. Jakarta Timur;Pasar Rebo;130.0;0.3;0.3;Tercatat;Cor Tempat/Saluran Non Teknis;True;True;0.09;
3131;21534;CJT-6046;Sal. Jl. Stadion Mini;Kota Adm. Jakarta Timur;Pasar Rebo;275.0;0.3;0.3;Tercatat;Cor Tempat/Saluran Non Teknis;True;True;0.09;
3132;21535;CJT-6047;Sal. Jl. Stadion Mini;Kota Adm. Jakarta Timur;Pasar Rebo;369.0;0.3;0.3;Tercatat;Cor Tempat/Saluran Non Teknis;True;True;0.09;
3133;21536;CJT-6048;Sal. Jl. Kamboja;Kota Adm. Jakarta Timur;Pasar Rebo;150.0;0.2;0.2;Tercatat;Cor Tempat/Saluran Non Teknis;True;True;0.04;
3134;21537;CJT-6049;Sal. Jl. Kamboja;Kota Adm. Jakarta Timur;Pasar Rebo;170.0;0.5;0.5;Tercatat;Cor Tempat/Saluran Non Teknis;True;True;0.25;
3135;21538;CJT-6050;Sal. Jl. Pertengahan;Kota Adm. Jakarta Timur;Pasar Rebo;2800.0;0.8;0.8;Tercatat;Uditch/Saluran Teknis;True;True;0.64;
3136;21539;CJT-6051;Sal. Jl. Pertengahan;Kota Adm. Jakarta Timur;Pasar Rebo;2800.0;0.8;0.8;Tercatat;Uditch/Saluran Teknis;True;True;0.64;
3137;21540;CJT-6052;Sal. Jl. Pertengahan;Kota Adm. Jakarta Timur;Pasar Rebo;2800.0;0.8;0.8;Tercatat;Uditch/Saluran Teknis;True;True;0.64;
3138;21541;CJT-6053;Sal. Jl. Pertengahan;Kota Adm. Jakarta Timur;Pasar Rebo;2800.0;0.8;0.8;Tercatat;Uditch/Saluran Teknis;True;True;0.64;
3139;21542;CJT-6054;Sal. Jl. Pertengahan;Kota Adm. Jakarta Timur;Pasar Rebo;2800.0;0.8;0.8;Tercatat;Uditch/Saluran Teknis;True;True;0.64;
3140;21543;CJT-6055;Sal. Jl. Pertengahan;Kota Adm. Jakarta Timur;Pasar Rebo;2800.0;0.8;0.8;Tercatat;Uditch/Saluran Teknis;True;True;0.64;
3141;21544;CJT-6056;Sal. Jl. Lebak Para;Kota Adm. Jakarta Timur;Pasar Rebo;736.0;0.5;0.5;Tercatat;Uditch/Saluran Teknis;True;True;0.25;
3142;21545;CJT-6057;Sal. Jl. Lebak Para;Kota Adm. Jakarta Timur;Pasar Rebo;736.0;0.5;0.5;Tercatat;Uditch/Saluran Teknis;True;True;0.25;
3143;21546;CJT-6058;Sal. Jl. Mandala;Kota Adm. Jakarta Timur;Pasar Rebo;155.0;0.2;0.2;Tercatat;Cor Tempat/Saluran Non Teknis;True;True;0.04;
3144;21547;CJT-6059;Sal. Jl. Mandala;Kota Adm. Jakarta Timur;Pasar Rebo;155.0;0.2;0.2;Tercatat;Cor Tempat/Saluran Non Teknis;True;True;0.04;
3145;21548;CJT-6060;Sal. Jl. Lebak Para;Kota Adm. Jakarta Timur;Pasar Rebo;736.0;0.5;0.5;Tercatat;Uditch/Saluran Teknis;True;True;0.25;
3146;21549;CJT-6061;Sal. Jl. RA Fadhillah;Kota Adm. Jakarta Timur;Pasar Rebo;1050.0;0.6;0.6;Tercatat;Uditch/Saluran Teknis;True;True;0.36;
3148;21551;CJT-6063;Sal. Jl. RA Fadhillah;Kota Adm. Jakarta Timur;Pasar Rebo;355.0;0.6;0.6;Tercatat;Uditch/Saluran Teknis;True;True;0.36;
3149;21552;CJT-6066;Sal. Jl. Pendidikan 3;Kota Adm. Jakarta Timur;Pasar Rebo;310.0;0.6;0.6;Tercatat;Uditch/Saluran Teknis;True;True;0.36;
3150;21553;CJT-6067;Sal. Jl. Pendidikan 1;Kota Adm. Jakarta Timur;Pasar Rebo;160.0;0.6;0.6;Tercatat;Uditch/Saluran Teknis;True;True;0.36;
3151;21554;CJT-6086;Sal. Jl. Pendidikan 3;Kota Adm. Jakarta Timur;Pasar Rebo;700.0;0.6;0.6;Tercatat;Uditch/Saluran Teknis;True;True;0.36;
3152;21555;CJT-6091;Sal. Jl. Pendidikan 3;Kota Adm. Jakarta Timur;Pasar Rebo;310.0;0.6;0.6;Tercatat;Uditch/Saluran Teknis;True;True;0.36;
3153;21556;CJT-6092;Sal. Jl. Pendidikan 3;Kota Adm. Jakarta Timur;Pasar Rebo;310.0;0.6;0.6;Tercatat;Uditch/Saluran Teknis;True;True;0.36;
3154;21557;CJT-6094;Sal. Jl. Pendidikan 3;Kota Adm. Jakarta Timur;Pasar Rebo;700.0;0.6;0.6;Tercatat;Uditch/Saluran Teknis;True;True;0.36;
3155;21558;CJT-6111;Sal. Jl. Panca Darma;Kota Adm. Jakarta Timur;Pasar Rebo;260.0;0.2;0.2;Tercatat;Cor Tempat/Saluran Non Teknis;True;True;0.04;
3156;21559;CJT-6112;Sal. Jl. Eka Darma;Kota Adm. Jakarta Timur;Pasar Rebo;210.0;0.2;0.2;Tercatat;Cor Tempat/Saluran Non Teknis;True;True;0.04;
3157;21560;CJT-6113;Sal. Jl. H. Muin;Kota Adm. Jakarta Timur;Pasar Rebo;170.0;0.3;0.3;Tercatat;Cor Tempat/Saluran Non Teknis;True;True;0.09;
3158;21561;CJT-6114;;Kota Adm. Jakarta Timur;Pasar Rebo;;;;Tercatat;Tidak diketahui;True;False;;dimensi_tidak_lengkap
3159;21562;CJT-6115;;Kota Adm. Jakarta Timur;Pasar Rebo;;;;Tercatat;Tidak diketahui;True;False;;dimensi_tidak_lengkap
3160;21563;CJT-6116;Sal. Jl. Pule 1;Kota Adm. Jakarta Timur;Pasar Rebo;260.0;0.2;0.2;Tercatat;Cor Tempat/Saluran Non Teknis;True;True;0.04;
3161;21564;CJT-6117;Sal. Jl. Pule 2;Kota Adm. Jakarta Timur;Pasar Rebo;200.0;0.2;0.2;Tercatat;Cor Tempat/Saluran Non Teknis;True;True;0.04;
3162;21565;CJT-6118;Sal. Jl. Pule 2;Kota Adm. Jakarta Timur;Pasar Rebo;200.0;0.2;0.2;Tercatat;Cor Tempat/Saluran Non Teknis;True;True;0.04;
3163;21566;CJT-6119;Sal. Jl. Gongseng Raya;Kota Adm. Jakarta Timur;Pasar Rebo;290.0;0.4;0.4;Tercatat;Cor Tempat/Saluran Teknis;True;True;0.16;
3164;21567;CJT-6120;Sal. Jl. Gongseng Raya;Kota Adm. Jakarta Timur;Pasar Rebo;290.0;0.4;0.4;Tercatat;Cor Tempat/Saluran Teknis;True;True;0.16;
3165;21568;CJT-6121;Sal. Jl. Gongseng Raya;Kota Adm. Jakarta Timur;Pasar Rebo;290.0;0.4;0.4;Tercatat;Cor Tempat/Saluran Teknis;True;True;0.16;
3166;21569;CJT-6122;Sal. Jl. Gongseng Raya;Kota Adm. Jakarta Timur;Pasar Rebo;290.0;0.4;0.4;Tercatat;Cor Tempat/Saluran Teknis;True;True;0.16;
3167;21570;CJT-6123;Sal. Jl. Bima 2;Kota Adm. Jakarta Timur;Pasar Rebo;250.0;0.5;0.5;Tercatat;Batu Kali/Saluran Teknis;True;True;0.25;
3168;21571;CJT-6124;Sal. Jl. Gongseng Timur;Kota Adm. Jakarta Timur;Pasar Rebo;405.0;1.0;1.0;Tercatat;Uditch/Saluran Teknis;True;True;1.0;
3169;21572;CJT-6125;Sal. Jl. Gongseng Timur;Kota Adm. Jakarta Timur;Pasar Rebo;405.0;1.0;1.0;Tercatat;Uditch/Saluran Teknis;True;True;1.0;
3170;21573;CJT-6126;Sal. Jl. Gongseng Timur;Kota Adm. Jakarta Timur;Pasar Rebo;405.0;1.0;1.0;Tercatat;Uditch/Saluran Teknis;True;True;1.0;
3171;21574;CJT-6127;Sal. Jl. Gongseng Timur;Kota Adm. Jakarta Timur;Pasar Rebo;405.0;1.0;1.0;Tercatat;Uditch/Saluran Teknis;True;True;1.0;
3172;21575;CJT-6128;;Kota Adm. Jakarta Timur;Pasar Rebo;;;;Tercatat;Tidak diketahui;True;False;;dimensi_tidak_lengkap
3173;21576;CJT-6130;Sal. Jl. Asem;Kota Adm. Jakarta Timur;Pasar Rebo;500.0;0.6;0.6;Tercatat;Uditch/Saluran Teknis;True;True;0.36;
3174;21577;CJT-6131;Sal. Jl. Asem;Kota Adm. Jakarta Timur;Pasar Rebo;500.0;0.6;0.6;Tercatat;Uditch/Saluran Teknis;True;True;0.36;
3175;21578;CJT-6133;Sal. Jl. Asem;Kota Adm. Jakarta Timur;Pasar Rebo;500.0;0.6;0.6;Tercatat;Uditch/Saluran Teknis;True;True;0.36;
3176;21579;CJT-6135;Sal. Jl. Asem;Kota Adm. Jakarta Timur;Pasar Rebo;500.0;0.6;0.6;Tercatat;Uditch/Saluran Teknis;True;True;0.36;
3177;21580;CJT-6137;Sal. Jl. Belly;Kota Adm. Jakarta Timur;Pasar Rebo;370.0;0.5;0.5;Tercatat;Uditch/Saluran Teknis;True;True;0.25;
3178;21581;CJT-6138;Sal. Jl. Belly;Kota Adm. Jakarta Timur;Pasar Rebo;370.0;0.5;0.5;Tercatat;Uditch/Saluran Teknis;True;True;0.25;
3179;21582;CJT-6139;Sal. Jl. Mekar 4;Kota Adm. Jakarta Timur;Pasar Rebo;150.0;0.4;0.4;Tercatat;Batu Kali/Saluran Teknis;True;True;0.16;
3180;21583;CJT-6141;Sal. Jl. Mekar 4;Kota Adm. Jakarta Timur;Pasar Rebo;150.0;0.4;0.4;Tercatat;Batu Kali/Saluran Teknis;True;True;0.16;
3181;21584;CJT-6145;Sal. Jl. Pondok Baru;Kota Adm. Jakarta Timur;Pasar Rebo;1500.0;0.6;0.6;Tercatat;Uditch/Saluran Teknis;True;True;0.36;
3182;21585;CJT-6146;Sal. Jl. Pondok Baru;Kota Adm. Jakarta Timur;Pasar Rebo;1500.0;0.6;0.6;Tercatat;Uditch/Saluran Teknis;True;True;0.36;
3183;21586;CJT-6147;Sal. Jl. Pondok Baru;Kota Adm. Jakarta Timur;Pasar Rebo;1500.0;0.6;0.6;Tercatat;Uditch/Saluran Teknis;True;True;0.36;
3184;21587;CJT-6148;Sal. Jl. Pondok Baru;Kota Adm. Jakarta Timur;Pasar Rebo;1500.0;0.6;0.6;Tercatat;Uditch/Saluran Teknis;True;True;0.36;
3185;21588;CJT-6149;Sal. Jl. Pondok Baru;Kota Adm. Jakarta Timur;Pasar Rebo;1500.0;0.6;0.6;Tercatat;Uditch/Saluran Teknis;True;True;0.36;
3186;21589;CJT-6150;Sal. Jl. Pondok Baru;Kota Adm. Jakarta Timur;Pasar Rebo;1500.0;0.6;0.6;Tercatat;Uditch/Saluran Teknis;True;True;0.36;
3187;21590;CJT-6151;Sal. Jl. Pondok Baru;Kota Adm. Jakarta Timur;Pasar Rebo;1500.0;0.6;0.6;Tercatat;Uditch/Saluran Teknis;True;True;0.36;
3188;21591;CJT-6152;Sal. Jl. Pondok Baru;Kota Adm. Jakarta Timur;Pasar Rebo;1500.0;0.6;0.6;Tidak diketahui;Uditch/Saluran Teknis;False;True;0.36;status_belum_tercatat
3189;21592;CJT-6153;Sal. Jl. Kuming 2;Kota Adm. Jakarta Timur;Pasar Rebo;210.0;0.4;0.4;Tercatat;Uditch/Saluran Teknis;True;True;0.16;
3190;21593;CJT-6154;Sal. Jl. Kuming 2;Kota Adm. Jakarta Timur;Pasar Rebo;210.0;0.4;0.4;Tercatat;Uditch/Saluran Teknis;True;True;0.16;
3191;21594;CJT-6155;Sal. Jl. H. Sapri;Kota Adm. Jakarta Timur;Pasar Rebo;200.0;0.4;0.4;Tercatat;Uditch/Saluran Teknis;True;True;0.16;
3192;21595;CJT-6156;Sal. Jl. Pondok Baru;Kota Adm. Jakarta Timur;Pasar Rebo;1500.0;0.6;0.6;Tercatat;Uditch/Saluran Teknis;True;True;0.36;
3193;21596;CJT-6157;Sal. Jl. Pendidikan 1;Kota Adm. Jakarta Timur;Pasar Rebo;160.0;0.6;0.6;Tercatat;Uditch/Saluran Teknis;True;True;0.36;
3194;21597;CJT-6160;Sal. Jl. RA Fadhillah;Kota Adm. Jakarta Timur;Pasar Rebo;1050.0;0.6;0.6;Tercatat;Uditch/Saluran Teknis;True;True;0.36;
3195;21598;CJT-6161;Sal. Jl. RA Fadhillah;Kota Adm. Jakarta Timur;Pasar Rebo;1050.0;0.6;0.6;Tercatat;Uditch/Saluran Teknis;True;True;0.36;
3196;21599;CJT-6162;Sal. Jl. RA Fadhillah;Kota Adm. Jakarta Timur;Pasar Rebo;1050.0;0.6;0.6;Tercatat;Uditch/Saluran Teknis;True;True;0.36;
3197;21600;CJT-6163;Sal. Jl. Stadion Mini;Kota Adm. Jakarta Timur;Pasar Rebo;177.0;0.5;0.5;Tercatat;Cor Tempat/Saluran Non Teknis;True;True;0.25;
3198;21601;CJT-6164;Sal. Jl. Pule 1;Kota Adm. Jakarta Timur;Pasar Rebo;260.0;0.2;0.2;Tercatat;Cor Tempat/Saluran Non Teknis;True;True;0.04;
3199;21602;CJT-6172;Sal. Jl. Bima 2;Kota Adm. Jakarta Timur;Pasar Rebo;250.0;0.5;0.5;Tercatat;Batu Kali/Saluran Teknis;True;True;0.25;
3200;21603;CJT-6174;Sal. Jl. Jambu;Kota Adm. Jakarta Timur;Pasar Rebo;200.0;0.2;0.2;Tidak diketahui;Cor Tempat/Saluran Non Teknis;False;True;0.04;status_belum_tercatat
3201;21604;CJT-6178;Sal. Jl. H. Sapri;Kota Adm. Jakarta Timur;Pasar Rebo;200.0;0.4;0.4;Tercatat;Uditch/Saluran Teknis;True;True;0.16;
3147;21550;GDG-6062;Sal. Jl. RA Fadhillah;Kota Adm. Jakarta Timur;Pasar Rebo;370.0;0.6;0.6;Tercatat;Uditch/Saluran Teknis;True;True;0.36;
3310;21713;GDG-6518;Sal. Jl. TB Simatupang;Kota Adm. Jakarta Timur;Pasar Rebo;723.0;1.0;1.0;Tercatat;Uditch/Saluran Teknis;True;True;1.0;
3311;21714;GDG-6519;Sal. Jl. TB Simatupang;Kota Adm. Jakarta Timur;Pasar Rebo;723.0;1.0;1.0;Tercatat;Uditch/Saluran Teknis;True;True;1.0;
3312;21715;GDG-6520;Sal. Jl. TB Simatupang;Kota Adm. Jakarta Timur;Pasar Rebo;723.0;1.0;1.0;Tercatat;Uditch/Saluran Teknis;True;True;1.0;
3313;21716;GDG-6521;Sal. Jl. TB Simatupang;Kota Adm. Jakarta Timur;Pasar Rebo;723.0;1.0;1.0;Tercatat;Uditch/Saluran Teknis;True;True;1.0;
3314;21717;GDG-6523;Sal. Jl. TB Simatupang;Kota Adm. Jakarta Timur;Pasar Rebo;723.0;1.0;1.0;Tercatat;Uditch/Saluran Teknis;True;True;1.0;
3315;21718;GDG-6525;Sal. Jl. TB Simatupang;Kota Adm. Jakarta Timur;Pasar Rebo;723.0;1.0;1.0;Tercatat;Uditch/Saluran Teknis;True;True;1.0;
3316;21719;GDG-6527;Sal. Jl. Kesehatan RW. 06;Kota Adm. Jakarta Timur;Pasar Rebo;780.0;0.6;0.6;Tercatat;Uditch Tertutup/Saluran Teknis;True;True;0.36;
3317;21720;GDG-6529;Sal. Jl. Kesehatan RW. 06;Kota Adm. Jakarta Timur;Pasar Rebo;780.0;0.6;0.6;Tercatat;Uditch Terbuka/Saluran Teknis;True;True;0.36;
3318;21721;GDG-6540;Sal. Jl. Sederhana;Kota Adm. Jakarta Timur;Pasar Rebo;500.0;0.5;0.5;Tercatat;Cor Tempat/Saluran Teknis;True;True;0.25;
3319;21722;GDG-6545;Sal. Jl. Kesehatan RW 03;Kota Adm. Jakarta Timur;Pasar Rebo;320.0;0.5;0.5;Tercatat;Uditch/Saluran Teknis;True;True;0.25;
3320;21723;GDG-6547;Sal. Jl. Kesehatan RW 03;Kota Adm. Jakarta Timur;Pasar Rebo;320.0;0.5;0.5;Tercatat;Uditch/Saluran Teknis;True;True;0.25;
3321;21724;GDG-6548;Sal. Jl. Kesehatan RW 03;Kota Adm. Jakarta Timur;Pasar Rebo;320.0;0.5;0.5;Tercatat;Uditch/Saluran Teknis;True;True;0.25;
3322;21725;GDG-6550;Sal. Jl. Kesehatan RW 03;Kota Adm. Jakarta Timur;Pasar Rebo;320.0;0.5;0.5;Tercatat;Uditch/Saluran Teknis;True;True;0.25;
3323;21726;GDG-6551;Sal. Jl. Kesehatan RW 03;Kota Adm. Jakarta Timur;Pasar Rebo;320.0;0.5;0.5;Tercatat;Uditch/Saluran Teknis;True;True;0.25;
3324;21727;GDG-6552;Sal. Jl. Raya Condet;Kota Adm. Jakarta Timur;Pasar Rebo;864.0;0.8;0.8;Tercatat;Uditch/Saluran Teknis;True;True;0.64;
3325;21728;GDG-6553;Sal. Jl. Raya Condet;Kota Adm. Jakarta Timur;Pasar Rebo;864.0;0.8;0.8;Tercatat;Uditch/Saluran Teknis;True;True;0.64;
3326;21729;GDG-6554;Sal. Jl. Raya Condet;Kota Adm. Jakarta Timur;Pasar Rebo;864.0;0.8;0.8;Tercatat;Uditch/Saluran Teknis;True;True;0.64;
3327;21730;GDG-6555;Sal. Jl. Raya Condet;Kota Adm. Jakarta Timur;Pasar Rebo;864.0;0.8;0.8;Tercatat;Uditch/Saluran Teknis;True;True;0.64;
3328;21731;GDG-6556;Sal. Jl. Masjid Gedong;Kota Adm. Jakarta Timur;Pasar Rebo;510.0;0.3;0.3;Tercatat;Cor Tempat/Saluran Non Teknis;True;True;0.09;
3329;21732;GDG-6557;Sal. Jl. Masjid Gedong;Kota Adm. Jakarta Timur;Pasar Rebo;510.0;0.3;0.3;Tercatat;Cor Tempat/Saluran Non Teknis;True;True;0.09;
3330;21733;GDG-6558;Sal. Jl. Raya Tengah;Kota Adm. Jakarta Timur;Pasar Rebo;1032.0;0.5;0.5;Tercatat;Uditch/Saluran Teknis;True;True;0.25;
3331;21734;GDG-6559;Sal. Jl. Raya Tengah;Kota Adm. Jakarta Timur;Pasar Rebo;1032.0;0.5;0.5;Tercatat;Uditch/Saluran Teknis;True;True;0.25;
3332;21735;GDG-6564;Sal. Jl. Raya Tengah;Kota Adm. Jakarta Timur;Pasar Rebo;1032.0;0.5;0.5;Tercatat;Uditch/Saluran Teknis;True;True;0.25;
3333;21736;GDG-6565;Sal. Jl. Raya Tengah;Kota Adm. Jakarta Timur;Pasar Rebo;1032.0;0.5;0.5;Tercatat;Uditch/Saluran Teknis;True;True;0.25;
3334;21737;GDG-6567;Sal. Jl. Raya Tengah;Kota Adm. Jakarta Timur;Pasar Rebo;1032.0;0.5;0.5;Tercatat;Uditch/Saluran Teknis;True;True;0.25;
3335;21738;GDG-6569;Sal. Jl. Raya Tengah;Kota Adm. Jakarta Timur;Pasar Rebo;1032.0;0.5;0.5;Tercatat;Uditch/Saluran Teknis;True;True;0.25;
3336;21739;GDG-6572;Sal. Jl. Ujung Gedong;Kota Adm. Jakarta Timur;Pasar Rebo;350.0;0.5;0.5;Tercatat;Uditch/Saluran Teknis;True;True;0.25;
3337;21740;GDG-6573;Sal. Jl. Ujung Gedong;Kota Adm. Jakarta Timur;Pasar Rebo;350.0;0.5;0.5;Tidak diketahui;Tidak diketahui;False;True;0.25;status_belum_tercatat
3338;21741;GDG-6574;Sal. Jl. Ujung Gedong;Kota Adm. Jakarta Timur;Pasar Rebo;350.0;0.5;0.5;Tercatat;Uditch/Saluran Teknis;True;True;0.25;
3339;21742;GDG-6575;Sal. Jl. Ujung Gedong;Kota Adm. Jakarta Timur;Pasar Rebo;350.0;0.5;0.5;Tercatat;Uditch/Saluran Teknis;True;True;0.25;
3340;21743;GDG-6576;;Kota Adm. Jakarta Timur;Pasar Rebo;;;;Tercatat;Uditch/Saluran Teknis;True;False;;dimensi_tidak_lengkap
3341;21744;GDG-6577;Sal. Jl. Ujung Gedong;Kota Adm. Jakarta Timur;Pasar Rebo;350.0;0.5;0.5;Tercatat;Uditch/Saluran Teknis;True;True;0.25;
3342;21745;GDG-6578;Sal. Jl. Raya Taiman;Kota Adm. Jakarta Timur;Pasar Rebo;706.0;0.4;0.4;Tercatat;Cor Tempat/Saluran Teknis;True;True;0.16;
3343;21746;GDG-6579;Sal. Jl. Raya Taiman;Kota Adm. Jakarta Timur;Pasar Rebo;706.0;0.4;0.4;Tercatat;Cor Tempat/Saluran Teknis;True;True;0.16;
3344;21747;GDG-6580;;Kota Adm. Jakarta Timur;Pasar Rebo;;;;Tercatat;Uditch/Saluran Teknis;True;False;;dimensi_tidak_lengkap
3345;21748;GDG-6581;Sal. Jl. Raya Taiman;Kota Adm. Jakarta Timur;Pasar Rebo;706.0;0.4;0.4;Tercatat;Cor Tempat/Saluran Teknis;True;True;0.16;
3346;21749;GDG-6582;Sal. Jl. Raya Taiman;Kota Adm. Jakarta Timur;Pasar Rebo;706.0;0.4;0.4;Tercatat;Cor Tempat/Saluran Teknis;True;True;0.16;
3347;21750;GDG-6583;Sal. Jl. Raya Taiman;Kota Adm. Jakarta Timur;Pasar Rebo;706.0;0.4;0.4;Tercatat;Cor Tempat/Saluran Teknis;True;True;0.16;
3348;21751;GDG-6584;Sal. Jl. Trikora;Kota Adm. Jakarta Timur;Pasar Rebo;350.0;0.4;0.4;Tercatat;Cor Tempat/Saluran Non Teknis;True;True;0.16;
3349;21752;GDG-6585;Sal. Jl. Trikora;Kota Adm. Jakarta Timur;Pasar Rebo;350.0;0.4;0.4;Tercatat;Cor Tempat/Saluran Non Teknis;True;True;0.16;
3350;21753;GDG-6586;Sal. Jl. Dana Karya;Kota Adm. Jakarta Timur;Pasar Rebo;395.0;0.3;0.3;Tercatat;Cor Tempat/Saluran Non Teknis;True;True;0.09;
3351;21754;GDG-6587;Sal. Jl. Dana Karya;Kota Adm. Jakarta Timur;Pasar Rebo;395.0;0.3;0.3;Tercatat;Cor Tempat/Saluran Non Teknis;True;True;0.09;
3352;21755;GDG-6588;Sal. Jl. Komplek Depsos;Kota Adm. Jakarta Timur;Pasar Rebo;565.0;0.4;0.4;Tercatat;Cor Tempat/Saluran Teknis;True;True;0.16;
3353;21756;GDG-6589;Sal. Jl. Komplek Depsos;Kota Adm. Jakarta Timur;Pasar Rebo;565.0;0.4;0.4;Tercatat;Cor Tempat/Saluran Teknis;True;True;0.16;
3354;21757;GDG-6590;Sal. Jl. Surilang;Kota Adm. Jakarta Timur;Pasar Rebo;393.0;0.5;0.5;Tercatat;Uditch/Saluran Teknis;True;True;0.25;
3355;21758;GDG-6591;Sal. Jl. Surilang;Kota Adm. Jakarta Timur;Pasar Rebo;393.0;0.5;0.5;Tercatat;Uditch/Saluran Teknis;True;True;0.25;
3356;21759;GDG-6592;Sal. Jl. Waru;Kota Adm. Jakarta Timur;Pasar Rebo;400.0;0.6;0.6;Tercatat;Cor Tempat/Saluran Teknis;True;True;0.36;
3357;21760;GDG-6593;Sal. Jl. Waru;Kota Adm. Jakarta Timur;Pasar Rebo;400.0;0.6;0.6;Tercatat;Cor Tempat/Saluran Teknis;True;True;0.36;
3358;21761;GDG-6594;Sal. Jl. Waru;Kota Adm. Jakarta Timur;Pasar Rebo;400.0;0.6;0.6;Tercatat;Cor Tempat/Saluran Teknis;True;True;0.36;
3359;21762;GDG-6595;Sal. Jl. Waru;Kota Adm. Jakarta Timur;Pasar Rebo;400.0;0.6;0.6;Tercatat;Cor Tempat/Saluran Teknis;True;True;0.36;
3360;21763;GDG-6597;Sal. Jl. Waru;Kota Adm. Jakarta Timur;Pasar Rebo;400.0;0.6;0.6;Tercatat;Cor Tempat/Saluran Teknis;True;True;0.36;
3361;21764;GDG-6598;Sal. Jl. Taiman Barat;Kota Adm. Jakarta Timur;Pasar Rebo;200.0;0.5;0.5;Tercatat;Uditch/Saluran Teknis;True;True;0.25;
3362;21765;GDG-6599;Sal. Jl. Dana Karya;Kota Adm. Jakarta Timur;Pasar Rebo;395.0;0.3;0.3;Tercatat;Cor Tempat/Saluran Non Teknis;True;True;0.09;
3363;21766;GDG-6600;Sal. Jl. Dana Karya;Kota Adm. Jakarta Timur;Pasar Rebo;395.0;0.3;0.3;Tercatat;Cor Tempat/Saluran Non Teknis;True;True;0.09;
3402;21805;KSR-5390;Sal. Jl. Kalisari Lapan;Kota Adm. Jakarta Timur;Pasar Rebo;630.0;0.8;0.8;Tercatat;Batu Kali/Saluran Teknis;True;True;0.64;
3406;21809;KSR-5394;Sal. Jl. Saoma;Kota Adm. Jakarta Timur;Pasar Rebo;420.0;0.5;0.5;Tercatat;Uditch Tertutup/Saluran Teknis;True;True;0.25;
3407;21810;KSR-5395;Sal. Jl. Saoma;Kota Adm. Jakarta Timur;Pasar Rebo;420.0;0.5;0.5;Tercatat;Uditch Tertutup/Saluran Teknis;True;True;0.25;
3409;21812;KSR-5397;Sal. Jl. H. Balok;Kota Adm. Jakarta Timur;Pasar Rebo;;;;Tidak diketahui;Tidak diketahui;False;False;;dimensi_tidak_lengkap, status_belum_tercatat
3426;21829;KSR-5416;Sal. Jl. Lewa;Kota Adm. Jakarta Timur;Pasar Rebo;330.0;0.5;0.5;Tercatat;Uditch/Saluran Teknis;True;True;0.25;
3202;21605;KSR-6189;Sal. Jl. RA Fadhillah;Kota Adm. Jakarta Timur;Pasar Rebo;168.0;0.7;0.7;Tercatat;Uditch Tertutup/Saluran Teknis;True;True;0.49;
3203;21606;KSR-6190;Sal. Jl. Baret Biru 3;Kota Adm. Jakarta Timur;Pasar Rebo;150.0;0.3;0.3;Tercatat;Batu Kali/Saluran Non Teknis;True;True;0.09;
3204;21607;KSR-6191;Sal. Jl. Lestari;Kota Adm. Jakarta Timur;Pasar Rebo;800.0;0.6;0.6;Tercatat;Uditch Tertutup/Saluran Teknis;True;True;0.36;
3205;21608;KSR-6192;Sal. Jl. Lestari;Kota Adm. Jakarta Timur;Pasar Rebo;800.0;0.6;0.6;Tercatat;Uditch Tertutup/Saluran Teknis;True;True;0.36;
3206;21609;KSR-6193;Sal. Jl. Baret Biru;Kota Adm. Jakarta Timur;Pasar Rebo;900.0;0.6;0.6;Tercatat;Uditch Tertutup/Saluran Teknis;True;True;0.36;
3207;21610;KSR-6194;Sal. Jl. Baret Biru;Kota Adm. Jakarta Timur;Pasar Rebo;900.0;0.6;0.6;Tercatat;Uditch Tertutup/Saluran Teknis;True;True;0.36;
3208;21611;KSR-6195;Sal. Jl. Kresek;Kota Adm. Jakarta Timur;Pasar Rebo;1500.0;0.6;0.6;Tercatat;Uditch Tertutup/Saluran Teknis;True;True;0.36;
3209;21612;KSR-6198;Sal. Jl. Kalisari Raya RW. 03;Kota Adm. Jakarta Timur;Pasar Rebo;550.0;0.5;0.5;Tercatat;Uditch /Saluran Teknis;True;True;0.25;
3210;21613;KSR-6199;Sal. Jl. Kalisari Raya RW. 03;Kota Adm. Jakarta Timur;Pasar Rebo;550.0;0.5;0.5;Tercatat;Uditch /Saluran Teknis;True;True;0.25;
3211;21614;KSR-6200;Sal. Jl. Kalisari Raya RW. 03;Kota Adm. Jakarta Timur;Pasar Rebo;1079.0;0.5;0.5;Tercatat;Uditch /Saluran Teknis;True;True;0.25;
3212;21615;KSR-6201;Sal. Jl. Kalisari Raya RW. 03;Kota Adm. Jakarta Timur;Pasar Rebo;1079.0;0.5;0.5;Tercatat;Uditch /Saluran Teknis;True;True;0.25;
3213;21616;KSR-6202;Sal. Jl. Puskesmas Kalisari;Kota Adm. Jakarta Timur;Pasar Rebo;390.0;0.5;0.5;Tercatat;Uditch Terbuka/Saluran Teknis;True;True;0.25;
3214;21617;KSR-6203;Sal. Jl. Puskesmas Kalisari;Kota Adm. Jakarta Timur;Pasar Rebo;390.0;0.5;0.5;Tercatat;Uditch Terbuka/Saluran Teknis;True;True;0.25;
3215;21618;KSR-6204;Sal. Jl. Caraka Buana;Kota Adm. Jakarta Timur;Pasar Rebo;430.0;0.5;0.5;Tercatat;Batu Kali/Saluran Teknis;True;True;0.25;
3216;21619;KSR-6205;Sal. Jl. Manunggal Bakti RT. 012;Kota Adm. Jakarta Timur;Pasar Rebo;400.0;0.5;0.5;Tercatat;Uditch/Saluran Teknis;True;True;0.25;
3217;21620;KSR-6206;Sal. Jl. Manunggal Bakti RT. 012;Kota Adm. Jakarta Timur;Pasar Rebo;400.0;0.5;0.5;Tercatat;Uditch/Saluran Teknis;True;True;0.25;
3218;21621;KSR-6207;Sal. Jl. Kemang;Kota Adm. Jakarta Timur;Pasar Rebo;265.0;0.4;0.4;Tercatat;Cor Tempat/Saluran Teknis;True;True;0.16;
3219;21622;KSR-6208;Sal. Jl. Kemang;Kota Adm. Jakarta Timur;Pasar Rebo;265.0;0.4;0.4;Tercatat;Cor Tempat/Saluran Teknis;True;True;0.16;
3220;21623;KSR-6209;Sal. Jl. Kenanga Raya;Kota Adm. Jakarta Timur;Pasar Rebo;290.0;0.3;0.3;Tercatat;Cor Tempat/Saluran Non Teknis;True;True;0.09;
3221;21624;KSR-6210;Sal. Jl. Kenanga Raya;Kota Adm. Jakarta Timur;Pasar Rebo;290.0;0.3;0.3;Tercatat;Cor Tempat/Saluran Non Teknis;True;True;0.09;
3222;21625;KSR-6211;Sal. Jl. Kenanga Raya;Kota Adm. Jakarta Timur;Pasar Rebo;290.0;0.3;0.3;Tercatat;Cor Tempat/Saluran Non Teknis;True;True;0.09;
3223;21626;KSR-6212;Sal. Jl. Kenanga Raya;Kota Adm. Jakarta Timur;Pasar Rebo;290.0;0.3;0.3;Tercatat;Cor Tempat/Saluran Non Teknis;True;True;0.09;
3224;21627;KSR-6213;;Kota Adm. Jakarta Timur;Pasar Rebo;;;;Tercatat;Uditch Tertutup/Saluran Teknis;True;False;;dimensi_tidak_lengkap
3225;21628;KSR-6214;;Kota Adm. Jakarta Timur;Pasar Rebo;;;;Tercatat;Uditch Tertutup/Saluran Teknis;True;False;;dimensi_tidak_lengkap
3226;21629;KSR-6215;;Kota Adm. Jakarta Timur;Pasar Rebo;;;;Tercatat;Uditch Tertutup/Saluran Teknis;True;False;;dimensi_tidak_lengkap
3227;21630;KSR-6216;;Kota Adm. Jakarta Timur;Pasar Rebo;;;;Tercatat;Uditch Tertutup/Saluran Teknis;True;False;;dimensi_tidak_lengkap
3228;21631;KSR-6217;Sal. Jl. Kenanga 1;Kota Adm. Jakarta Timur;Pasar Rebo;100.0;0.6;0.6;Tercatat;Batu Kali/Saluran Teknis;True;True;0.36;
3229;21632;KSR-6218;Sal. Jl. Kenanga 1;Kota Adm. Jakarta Timur;Pasar Rebo;100.0;0.6;0.6;Tercatat;Batu Kali/Saluran Teknis;True;True;0.36;
3230;21633;KSR-6219;Sal. Jl. Kenanga 1;Kota Adm. Jakarta Timur;Pasar Rebo;100.0;0.6;0.6;Tercatat;Batu Kali/Saluran Teknis;True;True;0.36;
3231;21634;KSR-6220;Sal. Jl. Kenanga 1;Kota Adm. Jakarta Timur;Pasar Rebo;100.0;0.6;0.6;Tercatat;Batu Kali/Saluran Teknis;True;True;0.36;
3232;21635;KSR-6221;Sal. Jl. Kenanga Raya;Kota Adm. Jakarta Timur;Pasar Rebo;107.0;0.3;0.3;Tercatat;Cor Tempat/Saluran Non Teknis;True;True;0.09;
3233;21636;KSR-6222;Sal. Jl. Kenanga 2;Kota Adm. Jakarta Timur;Pasar Rebo;110.0;0.4;0.4;Tercatat;Cor Tempat/Saluran Teknis;True;True;0.16;
3234;21637;KSR-6223;;Kota Adm. Jakarta Timur;Pasar Rebo;;;;Tercatat;Uditch Tertutup/Saluran Teknis;True;False;;dimensi_tidak_lengkap
3235;21638;KSR-6224;Sal. Jl. Kenanga 2;Kota Adm. Jakarta Timur;Pasar Rebo;110.0;0.4;0.4;Tercatat;Cor Tempat/Saluran Teknis;True;True;0.16;
3236;21639;KSR-6225;Sal. Jl. Kenanga 2;Kota Adm. Jakarta Timur;Pasar Rebo;110.0;0.4;0.4;Tercatat;Cor Tempat/Saluran Teknis;True;True;0.16;
3237;21640;KSR-6226;Sal. Jl. Sabeni;Kota Adm. Jakarta Timur;Pasar Rebo;176.0;0.2;0.2;Tercatat;Cor Tempat/Saluran Non Teknis;True;True;0.04;
3238;21641;KSR-6227;Sal. Jl. Sabenih;Kota Adm. Jakarta Timur;Pasar Rebo;66.0;0.5;0.5;Tercatat;Uditch/Saluran Teknis;True;True;0.25;
3239;21642;KSR-6228;Sal. Jl. Sabenih;Kota Adm. Jakarta Timur;Pasar Rebo;66.0;0.5;0.5;Tercatat;Uditch/Saluran Teknis;True;True;0.25;
3240;21643;KSR-6229;Sal. Jl. Sabenih;Kota Adm. Jakarta Timur;Pasar Rebo;66.0;0.5;0.5;Tercatat;Uditch/Saluran Teknis;True;True;0.25;
3241;21644;KSR-6230;Sal. Jl. Sabenih;Kota Adm. Jakarta Timur;Pasar Rebo;66.0;0.5;0.5;Tercatat;Uditch/Saluran Teknis;True;True;0.25;
3242;21645;KSR-6231;Sal. Jl. Sabenih;Kota Adm. Jakarta Timur;Pasar Rebo;66.0;0.5;0.5;Tercatat;Uditch/Saluran Teknis;True;True;0.25;
3243;21646;KSR-6232;Sal. Jl. Sabenih;Kota Adm. Jakarta Timur;Pasar Rebo;66.0;0.5;0.5;Tercatat;Uditch/Saluran Teknis;True;True;0.25;
3244;21647;KSR-6233;Sal. Jl. H. Balok;Kota Adm. Jakarta Timur;Pasar Rebo;215.0;0.3;0.3;Tercatat;Cor Tempat/Saluran Non Teknis;True;True;0.09;
3245;21648;KSR-6234;Sal. Jl. H. Balok;Kota Adm. Jakarta Timur;Pasar Rebo;215.0;0.3;0.3;Tercatat;Cor Tempat/Saluran Non Teknis;True;True;0.09;
3246;21649;KSR-6235;Sal. Jl. H. Balok;Kota Adm. Jakarta Timur;Pasar Rebo;55.0;0.3;0.3;Tercatat;Cor Tempat/Saluran Non Teknis;True;True;0.09;
3247;21650;KSR-6236;Sal. Jl. Dolang 2;Kota Adm. Jakarta Timur;Pasar Rebo;230.0;0.4;0.4;Tercatat;Uditch Tertutup/Saluran Teknis;True;True;0.16;
3248;21651;KSR-6237;Sal. Jl. Dolang 2;Kota Adm. Jakarta Timur;Pasar Rebo;230.0;0.4;0.4;Tercatat;Uditch Tertutup/Saluran Teknis;True;True;0.16;
3249;21652;KSR-6239;Sal. Jl. Dolang 2;Kota Adm. Jakarta Timur;Pasar Rebo;300.0;0.4;0.4;Tercatat;Uditch Tertutup/Saluran Teknis;True;True;0.16;
3250;21653;KSR-6240;Sal. Jl. Dolang;Kota Adm. Jakarta Timur;Pasar Rebo;215.0;0.3;0.3;Tercatat;Uditch Tertutup/Saluran Teknis;True;True;0.09;
3251;21654;KSR-6241;Sal. Jl. Dolang;Kota Adm. Jakarta Timur;Pasar Rebo;215.0;0.3;0.3;Tercatat;Uditch Tertutup/Saluran Teknis;True;True;0.09;
3252;21655;KSR-6242;Sal. Jl. Dolang;Kota Adm. Jakarta Timur;Pasar Rebo;215.0;0.3;0.3;Tercatat;Uditch Tertutup/Saluran Teknis;True;True;0.09;
3253;21656;KSR-6258;Sal. Jl. Kalisari 3;Kota Adm. Jakarta Timur;Pasar Rebo;1079.0;0.5;0.5;Tercatat;Cor Tempat Terbuka/Saluran Teknis;True;True;0.25;
3254;21657;KSR-6259;Sal. Jl. Kalisari 3;Kota Adm. Jakarta Timur;Pasar Rebo;1079.0;0.5;0.5;Tercatat;Cor Tempat Terbuka/Saluran Teknis;True;True;0.25;
3255;21658;KSR-6260;Sal. Jl. Kalisari 2;Kota Adm. Jakarta Timur;Pasar Rebo;682.0;0.6;0.6;Tercatat;Batu Kali/Saluran Teknis;True;True;0.36;
3256;21659;KSR-6261;Sal. Jl. Kalisari 2;Kota Adm. Jakarta Timur;Pasar Rebo;682.0;0.6;0.6;Tercatat;Batu Kali/Saluran Teknis;True;True;0.36;
3257;21660;KSR-6262;Sal. Jl. Kalisari RW. 01;Kota Adm. Jakarta Timur;Pasar Rebo;770.0;0.6;0.6;Tercatat;Uditch/Saluran Teknis;True;True;0.36;
3258;21661;KSR-6263;Sal. Jl. Kalisari RW. 01;Kota Adm. Jakarta Timur;Pasar Rebo;770.0;0.6;0.6;Tercatat;Uditch/Saluran Teknis;True;True;0.36;
3259;21662;KSR-6264;Sal. Jl. Kalisari RW. 01;Kota Adm. Jakarta Timur;Pasar Rebo;770.0;0.6;0.6;Tercatat;Uditch/Saluran Teknis;True;True;0.36;
3260;21663;KSR-6265;Sal. Jl. Kalisari RW. 01;Kota Adm. Jakarta Timur;Pasar Rebo;770.0;0.6;0.6;Tercatat;Uditch/Saluran Teknis;True;True;0.36;
3261;21664;KSR-6272;Sal. Jl. Damai 2;Kota Adm. Jakarta Timur;Pasar Rebo;270.0;0.3;0.3;Tercatat;Cor Tempat/Saluran Non Teknis;True;True;0.09;
3262;21665;KSR-6273;Sal. Jl. Damai 2;Kota Adm. Jakarta Timur;Pasar Rebo;270.0;0.3;0.3;Tercatat;Cor Tempat/Saluran Non Teknis;True;True;0.09;
3263;21666;KSR-6274;Sal. Jl. Damai 2;Kota Adm. Jakarta Timur;Pasar Rebo;270.0;0.3;0.3;Tercatat;Cor Tempat/Saluran Non Teknis;True;True;0.09;
3264;21667;KSR-6275;Sal. Jl. Damai 2;Kota Adm. Jakarta Timur;Pasar Rebo;270.0;0.3;0.3;Tercatat;Cor Tempat/Saluran Non Teknis;True;True;0.09;
3265;21668;KSR-6278;Sal. Jl. Damai 2;Kota Adm. Jakarta Timur;Pasar Rebo;270.0;0.3;0.3;Tercatat;Cor Tempat/Saluran Non Teknis;True;True;0.09;
3266;21669;KSR-6280;Sal. Jl. Saoma;Kota Adm. Jakarta Timur;Pasar Rebo;420.0;0.5;0.5;Tercatat;Uditch Tertutup/Saluran Teknis;True;True;0.25;
3267;21670;KSR-6281;Sal. Jl. Saoma;Kota Adm. Jakarta Timur;Pasar Rebo;420.0;0.5;0.5;Tercatat;Uditch Tertutup/Saluran Teknis;True;True;0.25;
3268;21671;KSR-6282;Sal. Jl. Saoma;Kota Adm. Jakarta Timur;Pasar Rebo;420.0;0.5;0.5;Tercatat;Uditch Tertutup/Saluran Teknis;True;True;0.25;
3269;21672;KSR-6283;Sal. Jl. Saoma;Kota Adm. Jakarta Timur;Pasar Rebo;420.0;0.5;0.5;Tercatat;Uditch Tertutup/Saluran Teknis;True;True;0.25;
3270;21673;KSR-6284;Sal. Jl. Saoma;Kota Adm. Jakarta Timur;Pasar Rebo;420.0;0.5;0.5;Tercatat;Uditch Tertutup/Saluran Teknis;True;True;0.25;
3271;21674;KSR-6285;;Kota Adm. Jakarta Timur;Pasar Rebo;;;;Tercatat;Uditch Tertutup/Saluran Teknis;True;False;;dimensi_tidak_lengkap
3272;21675;KSR-6286;Sal. Jl. H. Uding;Kota Adm. Jakarta Timur;Pasar Rebo;325.0;0.4;;Tercatat;Uditch/Saluran Teknis;True;False;;dimensi_tidak_lengkap
3273;21676;KSR-6287;Sal. Jl. H. Uding;Kota Adm. Jakarta Timur;Pasar Rebo;325.0;0.4;;Tercatat;Uditch/Saluran Teknis;True;False;;dimensi_tidak_lengkap
3274;21677;KSR-6288;Sal. Jl. Jimy;Kota Adm. Jakarta Timur;Pasar Rebo;210.0;0.5;0.5;Tercatat;Uditch Terbuka/Saluran Teknis;True;True;0.25;
3275;21678;KSR-6289;Sal. Jl. Kalisari RW. 01;Kota Adm. Jakarta Timur;Pasar Rebo;770.0;0.6;0.6;Tercatat;Uditch/Saluran Teknis;True;True;0.36;
3276;21679;KSR-6292;Sal. Jl. Kalisari RW. 01;Kota Adm. Jakarta Timur;Pasar Rebo;770.0;0.6;0.6;Tercatat;Uditch/Saluran Teknis;True;True;0.36;
3277;21680;KSR-6293;Sal. Jl. Enjong;Kota Adm. Jakarta Timur;Pasar Rebo;435.0;0.6;0.6;Tercatat;Uditch/Saluran Teknis;True;True;0.36;
3278;21681;KSR-6294;Sal. Jl. Enjong;Kota Adm. Jakarta Timur;Pasar Rebo;435.0;0.6;0.6;Tercatat;Uditch/Saluran Teknis;True;True;0.36;
3279;21682;KSR-6295;Sal. Jl. Intisari;Kota Adm. Jakarta Timur;Pasar Rebo;600.0;0.6;0.6;Tercatat;Uditch/Saluran Teknis;True;True;0.36;
3280;21683;KSR-6296;Sal. Jl. Intisari;Kota Adm. Jakarta Timur;Pasar Rebo;600.0;0.6;0.6;Tercatat;Uditch/Saluran Teknis;True;True;0.36;
3281;21684;KSR-6297;Sal. Jl. Bulak Sari;Kota Adm. Jakarta Timur;Pasar Rebo;200.0;0.3;0.3;Tercatat;Cor Tempat/Saluran Teknis;True;True;0.09;
3282;21685;KSR-6298;Sal. Jl. Bulak Sari;Kota Adm. Jakarta Timur;Pasar Rebo;200.0;0.3;0.3;Tercatat;Cor Tempat/Saluran Teknis;True;True;0.09;
3283;21686;KSR-6299;Sal. Jl. Pesona;Kota Adm. Jakarta Timur;Pasar Rebo;600.0;0.2;0.2;Tercatat;Cor Tempat/Saluran Non Teknis;True;True;0.04;
3284;21687;KSR-6300;Sal. Jl. Pesona;Kota Adm. Jakarta Timur;Pasar Rebo;600.0;0.2;0.2;Tercatat;Cor Tempat/Saluran Non Teknis;True;True;0.04;
3285;21688;KSR-6301;Sal. Jl. Gondang Sari;Kota Adm. Jakarta Timur;Pasar Rebo;181.0;0.3;0.3;Tercatat;Uditch Tertutup/Saluran Teknis;True;True;0.09;
3286;21689;KSR-6302;Sal. Jl. Gondang Sari;Kota Adm. Jakarta Timur;Pasar Rebo;180.0;0.3;0.3;Tercatat;Uditch Tertutup/Saluran Teknis;True;True;0.09;
3287;21690;KSR-6303;Sal. Jl. Gondang Sari;Kota Adm. Jakarta Timur;Pasar Rebo;77.0;0.3;0.3;Tercatat;Uditch Tertutup/Saluran Teknis;True;True;0.09;
3288;21691;KSR-6304;Sal. Jl. Pesona;Kota Adm. Jakarta Timur;Pasar Rebo;600.0;0.2;0.2;Tercatat;Cor Tempat/Saluran Non Teknis;True;True;0.04;
3289;21692;KSR-6305;Sal. Jl. Pesona;Kota Adm. Jakarta Timur;Pasar Rebo;600.0;0.2;0.2;Tercatat;Cor Tempat/Saluran Non Teknis;True;True;0.04;
3290;21693;KSR-6306;Sal. Jl. Pesona;Kota Adm. Jakarta Timur;Pasar Rebo;600.0;0.2;0.2;Tercatat;Cor Tempat/Saluran Non Teknis;True;True;0.04;
3291;21694;KSR-6307;;Kota Adm. Jakarta Timur;Pasar Rebo;;;;Tercatat;Uditch Tertutup/Saluran Teknis;True;False;;dimensi_tidak_lengkap
3292;21695;KSR-6308;Sal. Jl. Menara;Kota Adm. Jakarta Timur;Pasar Rebo;206.0;0.5;0.5;Tercatat;Uditch Tertutup/Saluran Teknis;True;True;0.25;
3293;21696;KSR-6309;;Kota Adm. Jakarta Timur;Pasar Rebo;;;;Tercatat;Uditch Tertutup/Saluran Teknis;True;False;;dimensi_tidak_lengkap
3294;21697;KSR-6310;Sal. Jl. Menara;Kota Adm. Jakarta Timur;Pasar Rebo;206.0;0.5;0.5;Tercatat;Uditch Tertutup/Saluran Teknis;True;True;0.25;
3295;21698;KSR-6311;Sal. Jl. Jaha;Kota Adm. Jakarta Timur;Pasar Rebo;310.0;0.3;0.3;Tercatat;Saluran Teknis;True;True;0.09;
3296;21699;KSR-6312;Sal. Jl. Jaha;Kota Adm. Jakarta Timur;Pasar Rebo;160.0;0.5;0.5;Tercatat;Saluran Teknis;True;True;0.25;
3297;21700;KSR-6313;Sal. Jl. Kirai Indah;Kota Adm. Jakarta Timur;Pasar Rebo;170.0;0.2;0.2;Tercatat;Cor Tempat/Saluran Non Teknis;True;True;0.04;
3298;21701;KSR-6314;;Kota Adm. Jakarta Timur;Pasar Rebo;;;;Tercatat;Uditch Tertutup/Saluran Teknis;True;False;;dimensi_tidak_lengkap
3299;21702;KSR-6315;;Kota Adm. Jakarta Timur;Pasar Rebo;;;;Tercatat;Uditch Tertutup/Saluran Teknis;True;False;;dimensi_tidak_lengkap
3300;21703;KSR-6316;Sal. Jl. Manunggal Bakti RT. 001;Kota Adm. Jakarta Timur;Pasar Rebo;260.0;0.5;0.5;Tercatat;Uditch/Saluran Teknis;True;True;0.25;
3301;21704;KSR-6317;Sal. Jl. Manunggal Bakti RT. 001;Kota Adm. Jakarta Timur;Pasar Rebo;260.0;0.5;0.5;Tercatat;Uditch/Saluran Teknis;True;True;0.25;
3302;21705;KSR-6382;Sal. Jl. RA Fadhillah;Kota Adm. Jakarta Timur;Pasar Rebo;700.0;0.7;0.7;Tercatat;Uditch Tertutup/Saluran Teknis;True;True;0.49;
3303;21706;KSR-6383;Sal. Jl. RA Fadhillah;Kota Adm. Jakarta Timur;Pasar Rebo;700.0;0.7;0.7;Tercatat;Uditch Tertutup/Saluran Teknis;True;True;0.49;
3305;21708;KSR-6390;Sal. Jl. Batas;Kota Adm. Jakarta Timur;Pasar Rebo;300.0;0.4;0.4;Tercatat;Cor Tempat/Saluran Non Teknis;True;True;0.16;
3306;21709;KSR-6392;Sal. Jl. Batas;Kota Adm. Jakarta Timur;Pasar Rebo;621.0;0.4;0.4;Tercatat;Cor Tempat/Saluran Non Teknis;True;True;0.16;
3308;21711;KSR-6397;Sal. Jl. Nilam Sari;Kota Adm. Jakarta Timur;Pasar Rebo;100.0;0.4;0.4;Tercatat;Uditch Tertutup/Saluran Teknis;True;True;0.16;
3309;21712;KSR-6410;Sal. Jl. Manunggal 2;Kota Adm. Jakarta Timur;Pasar Rebo;280.0;0.3;0.3;Tercatat;Cor Tempat Terbuka/Saluran Non Teknis;True;True;0.09;
3364;21767;PKY-5344;Sal. Jl. Raya Bogor RW. 07;Kota Adm. Jakarta Timur;Pasar Rebo;1500.0;0.6;0.6;Tercatat;Uditch/Saluran Teknis;True;True;0.36;
3365;21768;PKY-5347;Sal. Jl. Cibubur;Kota Adm. Jakarta Timur;Pasar Rebo;600.0;0.6;0.6;Tercatat;Batu Kali/Saluran Teknis;True;True;0.36;
3366;21769;PKY-5348;Sal. Jl. Cibubur;Kota Adm. Jakarta Timur;Pasar Rebo;600.0;0.6;0.6;Tercatat;Batu Kali/Saluran Teknis;True;True;0.36;
3367;21770;PKY-5349;Sal. Jl. Raya Bogor RW. 04;Kota Adm. Jakarta Timur;Pasar Rebo;650.0;0.6;0.6;Tercatat;Uditch/Saluran Teknis;True;True;0.36;
3368;21771;PKY-5350;Sal. Jl. Raya Bogor RW 04;Kota Adm. Jakarta Timur;Pasar Rebo;650.0;0.6;0.6;Tercatat;Uditch/Saluran Teknis;True;True;0.36;
3369;21772;PKY-5354;Sal. Jl. Kiwi;Kota Adm. Jakarta Timur;Pasar Rebo;600.0;0.6;0.6;Tercatat;Uditch / Saluran Teknis;True;True;0.36;
3370;21773;PKY-5356;Sal. Jl. Buah;Kota Adm. Jakarta Timur;Pasar Rebo;350.0;0.6;0.6;Tercatat;Cor Tempat/Saluran Teknis;True;True;0.36;
3371;21774;PKY-5357;Sal. Jl. Buah;Kota Adm. Jakarta Timur;Pasar Rebo;350.0;0.6;0.6;Tidak diketahui;Cor Tempat/Saluran Teknis;False;True;0.36;status_belum_tercatat
3372;21775;PKY-5359;Sal. Jl. Buah;Kota Adm. Jakarta Timur;Pasar Rebo;90.0;0.6;0.6;Tercatat;Cor Tempat/Saluran Teknis;True;True;0.36;
3373;21776;PKY-5360;Sal. Jl. Tipar RT. 01 RW. 07;Kota Adm. Jakarta Timur;Pasar Rebo;80.0;1.0;1.0;Tercatat;Batu Kali/Saluran Teknis;True;True;1.0;
3374;21777;PKY-5361;Sal. Jl. Tipar Raya;Kota Adm. Jakarta Timur;Pasar Rebo;100.0;0.4;0.4;Tercatat;Batu Kali/Saluran Teknis;True;True;0.16;
3375;21778;PKY-5362;Sal. Jl. Tipar Raya;Kota Adm. Jakarta Timur;Pasar Rebo;100.0;0.4;0.4;Tercatat;Batu Kali/Saluran Teknis;True;True;0.16;
3376;21779;PKY-5363;Sal. Jl. Sawal SMP XCI;Kota Adm. Jakarta Timur;Pasar Rebo;100.0;0.4;0.4;Tercatat;Batu Kali/Saluran Teknis;True;True;0.16;
3377;21780;PKY-5364;Sal. Jl. Kopi RT. 006 dan RT. 007 RW. 03;Kota Adm. Jakarta Timur;Pasar Rebo;188.0;0.5;0.5;Tercatat;Uditch/Saluran Teknis;True;True;0.25;
3378;21781;PKY-5365;Sal. Jl. Kopi RT. 006 dan RT. 007 RW. 03;Kota Adm. Jakarta Timur;Pasar Rebo;188.0;0.5;0.5;Tercatat;Uditch/Saluran Teknis;True;True;0.25;
3379;21782;PKY-5366;Sal. Jl. Kopi RT. 08 RW. 03;Kota Adm. Jakarta Timur;Pasar Rebo;170.0;0.5;0.5;Tercatat;Saluran Teknis;True;True;0.25;
3380;21783;PKY-5367;Sal. Jl. Kopi RT. 08 RW. 03;Kota Adm. Jakarta Timur;Pasar Rebo;145.0;0.5;0.5;Tercatat;Saluran Teknis;True;True;0.25;
3381;21784;PKY-5368;Sal. Jl. Gandaria RT. 01 RW. 09;Kota Adm. Jakarta Timur;Pasar Rebo;175.0;0.6;0.6;Tercatat;Cor Tempat/Saluran Teknis;True;True;0.36;
3382;21785;PKY-5369;Sal. Jl. Gandaria RT. 01 RW. 09;Kota Adm. Jakarta Timur;Pasar Rebo;175.0;0.6;0.6;Tercatat;Cor Tempat/Saluran Teknis;True;True;0.36;
3383;21786;PKY-5370;Sal. Jl. Gandaria RT. 01 RW. 09;Kota Adm. Jakarta Timur;Pasar Rebo;175.0;0.6;0.6;Tercatat;Cor Tempat/Saluran Teknis;True;True;0.36;
3384;21787;PKY-5371;Sal. Jl. Gandaria RT. 01 RW. 09;Kota Adm. Jakarta Timur;Pasar Rebo;175.0;0.6;0.6;Tercatat;Cor Tempat/Saluran Teknis;True;True;0.36;
3385;21788;PKY-5372;Sal. Jl. Gandaria RT. 10 RW. 03;Kota Adm. Jakarta Timur;Pasar Rebo;220.0;0.6;0.6;Tercatat;Cor Tempat/Saluran Teknis;True;True;0.36;
3386;21789;PKY-5373;Sal. Jl. Gandaria RT. 10 RW. 03;Kota Adm. Jakarta Timur;Pasar Rebo;220.0;0.6;0.6;Tercatat;Cor Tempat/Saluran Teknis;True;True;0.36;
3387;21790;PKY-5374;Sal. Jl. Gandaria RT. 10 RW. 03;Kota Adm. Jakarta Timur;Pasar Rebo;220.0;0.6;0.6;Tercatat;Cor Tempat/Saluran Teknis;True;True;0.36;
3388;21791;PKY-5375;Sal. Jl. Gandaria 1 RT 01 RW 02;Kota Adm. Jakarta Timur;Pasar Rebo;270.0;0.4;0.4;Tercatat;Uditch/Saluran Teknis;True;True;0.16;
3389;21792;PKY-5376;Sal. Jl. Gandaria 1 RT 01 RW 02;Kota Adm. Jakarta Timur;Pasar Rebo;270.0;0.4;0.4;Tercatat;Uditch/Saluran Teknis;True;True;0.16;
3390;21793;PKY-5377;Sal. Jl. Gandaria 1 RT 05 RW 02;Kota Adm. Jakarta Timur;Pasar Rebo;60.0;0.4;0.4;Tercatat;Batu Kali/Saluran Teknis;True;True;0.16;
3391;21794;PKY-5378;Sal. Jl. Pendidikan;Kota Adm. Jakarta Timur;Pasar Rebo;1000.0;0.4;0.4;Tercatat;Uditch/Saluran Teknis;True;True;0.16;
3392;21795;PKY-5380;Sal. Jl. Pendidikan;Kota Adm. Jakarta Timur;Pasar Rebo;287.0;0.4;0.4;Tercatat;Uditch/Saluran Teknis;True;True;0.16;
3393;21796;PKY-5381;Sal. Jl. Raya Lapan RW. 01;Kota Adm. Jakarta Timur;Pasar Rebo;446.0;0.6;0.6;Tercatat;Uditch/Saluran Teknis;True;True;0.36;
3394;21797;PKY-5382;Sal. Jl. Raya Lapan;Kota Adm. Jakarta Timur;Pasar Rebo;300.0;0.5;0.5;Tercatat;Uditch/Saluran Teknis;True;True;0.25;
3395;21798;PKY-5383;Sal. Jl. Raya Lapan;Kota Adm. Jakarta Timur;Pasar Rebo;300.0;0.5;0.5;Tercatat;Uditch/Saluran Teknis;True;True;0.25;
3396;21799;PKY-5384;Sal. Jl. Raya Lapan RW. 01;Kota Adm. Jakarta Timur;Pasar Rebo;446.0;0.6;0.6;Tercatat;Uditch/Saluran Teknis;True;True;0.36;
3397;21800;PKY-5385;Sal. Jl. Raya Lapan RW. 01;Kota Adm. Jakarta Timur;Pasar Rebo;446.0;0.6;0.6;Tercatat;Uditch/Saluran Teknis;True;True;0.36;
3398;21801;PKY-5386;;Kota Adm. Jakarta Timur;Pasar Rebo;;;;Tercatat;Uditch/Saluran Teknis;True;False;;dimensi_tidak_lengkap
3399;21802;PKY-5387;;Kota Adm. Jakarta Timur;Pasar Rebo;;;;Tercatat;Uditch/Saluran Teknis;True;False;;dimensi_tidak_lengkap
3400;21803;PKY-5388;Sal. Jl. Kalisari Lapan;Kota Adm. Jakarta Timur;Pasar Rebo;630.0;0.8;0.8;Tercatat;Batu Kali/Saluran Teknis;True;True;0.64;
3401;21804;PKY-5389;Sal. Jl. Kalisari Lapan;Kota Adm. Jakarta Timur;Pasar Rebo;630.0;0.8;0.8;Tercatat;Batu Kali/Saluran Teknis;True;True;0.64;
3403;21806;PKY-5391;Sal. Jl. Kalisari Lapan;Kota Adm. Jakarta Timur;Pasar Rebo;630.0;0.8;0.8;Tercatat;Batu Kali/Saluran Teknis;True;True;0.64;
3404;21807;PKY-5392;Sal. Jl. Gg. Lapan IV;Kota Adm. Jakarta Timur;Pasar Rebo;217.0;0.3;0.3;Tercatat;Cor Tempat/Saluran Non Teknis;True;True;0.09;
3405;21808;PKY-5393;Sal. Jl. Lapan I;Kota Adm. Jakarta Timur;Pasar Rebo;240.0;0.4;0.4;Tercatat;Uditch/Saluran Teknis;True;True;0.16;
3408;21811;PKY-5396;Sal. Jl. H. Balok;Kota Adm. Jakarta Timur;Pasar Rebo;320.0;0.3;0.3;Tercatat;Cor Tempat/Saluran Non Teknis;True;True;0.09;
3410;21813;PKY-5398;Sal. Jl. H. Balok;Kota Adm. Jakarta Timur;Pasar Rebo;320.0;0.3;0.3;Tercatat;Cor Tempat/Saluran Non Teknis;True;True;0.09;
3411;21814;PKY-5399;Sal. Jl. Telaga;Kota Adm. Jakarta Timur;Pasar Rebo;275.0;0.4;0.4;Tercatat;Batu Kali/Saluran Teknis;True;True;0.16;
3412;21815;PKY-5400;Sal. Jl. Telaga;Kota Adm. Jakarta Timur;Pasar Rebo;50.0;0.4;0.4;Tercatat;Batu Kali/Saluran Teknis;True;True;0.16;
3413;21816;PKY-5401;Sal. Jl. Telaga;Kota Adm. Jakarta Timur;Pasar Rebo;50.0;0.4;0.4;Tercatat;Batu Kali/Saluran Teknis;True;True;0.16;
3414;21817;PKY-5402;Sal. Jl. Telaga;Kota Adm. Jakarta Timur;Pasar Rebo;275.0;0.4;0.4;Tercatat;Batu Kali/Saluran Teknis;True;True;0.16;
3415;21818;PKY-5403;Sal. Jl. H. Jamal;Kota Adm. Jakarta Timur;Pasar Rebo;116.0;0.4;0.4;Tercatat;Uditch/Saluran Teknis;True;True;0.16;
3416;21819;PKY-5404;Sal. Jl. H. Jamal;Kota Adm. Jakarta Timur;Pasar Rebo;116.0;0.4;0.4;Tercatat;Uditch/Saluran Teknis;True;True;0.16;
3417;21820;PKY-5406;Sal. Jl. Pekayon;Kota Adm. Jakarta Timur;Pasar Rebo;335.0;0.4;0.4;Tercatat;Batu Kali/Saluran Teknis;True;True;0.16;
3418;21821;PKY-5407;Sal. Jl. Madrasah;Kota Adm. Jakarta Timur;Pasar Rebo;222.0;0.4;0.4;Tercatat;Cor Tempat/Saluran Teknis;True;True;0.16;
3419;21822;PKY-5408;Sal. Jl. Kalisari Depan Menzikon;Kota Adm. Jakarta Timur;Pasar Rebo;250.0;0.5;0.5;Tercatat;Batu Kali/Saluran Teknis;True;True;0.25;
3420;21823;PKY-5409;Sal. Jl. Lapan V;Kota Adm. Jakarta Timur;Pasar Rebo;200.0;0.4;0.4;Tercatat;Cor Tempat/Saluran Teknis;True;True;0.16;
3421;21824;PKY-5410;Sal. Jl. Lapan V;Kota Adm. Jakarta Timur;Pasar Rebo;200.0;0.4;0.4;Tercatat;Cor Tempat/Saluran Teknis;True;True;0.16;
3422;21825;PKY-5412;Sal. Jl. Lapan V;Kota Adm. Jakarta Timur;Pasar Rebo;200.0;0.4;0.4;Tercatat;Cor Tempat/Saluran Teknis;True;True;0.16;
3423;21826;PKY-5413;Sal. Jl. Lapan V;Kota Adm. Jakarta Timur;Pasar Rebo;200.0;0.4;0.4;Tercatat;Cor Tempat/Saluran Teknis;True;True;0.16;
3424;21827;PKY-5414;Sal. Jl. Lewa;Kota Adm. Jakarta Timur;Pasar Rebo;330.0;0.5;0.5;Tercatat;Uditch/Saluran Teknis;True;True;0.25;
3425;21828;PKY-5415;Sal. Jl. Lewa;Kota Adm. Jakarta Timur;Pasar Rebo;330.0;0.5;0.5;Tercatat;Uditch/Saluran Teknis;True;True;0.25;
3427;21830;PKY-5417;Sal. Jl. Lapan V;Kota Adm. Jakarta Timur;Pasar Rebo;200.0;0.4;0.4;Tercatat;Cor Tempat/Saluran Teknis;True;True;0.16;
3428;21831;PKY-5418;Sal. Jl. Lapan V;Kota Adm. Jakarta Timur;Pasar Rebo;200.0;0.4;0.4;Tercatat;Cor Tempat/Saluran Teknis;True;True;0.16;
3429;21832;PKY-5420;Sal. Jl. Kalisari Depan Menzikon;Kota Adm. Jakarta Timur;Pasar Rebo;250.0;0.5;0.5;Tercatat;Batu Kali/Saluran Teknis;True;True;0.25;
3430;21833;PKY-5424;Sal. Jl. Gandaria RT. 10 RW. 03;Kota Adm. Jakarta Timur;Pasar Rebo;220.0;0.6;0.6;Tercatat;Cor Tempat/Saluran Teknis;True;True;0.36;
3431;21834;PKY-5428;Sal. Jl. Belly;Kota Adm. Jakarta Timur;Pasar Rebo;200.0;0.6;0.6;Tercatat;Uditch/Saluran Teknis;True;True;0.36;
3673;23550;CPN-247;Sal. Jl. Sodong Raya;Kota Adm. Jakarta Timur;Pulo Gadung;534.0;0.54;0.4;Tidak diketahui;Tidak diketahui;False;True;0.216;status_belum_tercatat
3674;23551;CPN-248;Sal. Jl. Sodong Raya;Kota Adm. Jakarta Timur;Pulo Gadung;531.0;0.54;0.4;Tidak diketahui;Tidak diketahui;False;True;0.216;status_belum_tercatat
3675;23552;CPN-249;Sal. Jl. Sodong Raya;Kota Adm. Jakarta Timur;Pulo Gadung;137.0;0.54;0.4;Tidak diketahui;Tidak diketahui;False;True;0.216;status_belum_tercatat
3676;23553;CPN-250;Sal. Jl. Perikani;Kota Adm. Jakarta Timur;Pulo Gadung;402.0;1.1;1.1;Tidak diketahui;Tidak diketahui;False;True;1.21;status_belum_tercatat
3677;23554;CPN-251;Sal. Jl. Kramat Kosambi II;Kota Adm. Jakarta Timur;Pulo Gadung;700.0;0.7;0.7;Tidak diketahui;Tidak diketahui;False;True;0.49;status_belum_tercatat
3678;23555;CPN-252;Sal. Jl. C. Raya;Kota Adm. Jakarta Timur;Pulo Gadung;257.0;0.6;0.4;Tidak diketahui;Tidak diketahui;False;True;0.24;status_belum_tercatat
3679;23556;CPN-253;Sal. Jl. Tj. Keliling;Kota Adm. Jakarta Timur;Pulo Gadung;106.0;0.6;0.6;Tidak diketahui;Tidak diketahui;False;True;0.36;status_belum_tercatat
3680;23557;CPN-254;Sal. Jl. Tj. Keliling;Kota Adm. Jakarta Timur;Pulo Gadung;105.0;0.6;0.6;Tidak diketahui;Tidak diketahui;False;True;0.36;status_belum_tercatat
3681;23558;CPN-255;Sal. Jl. Tj. Keliling;Kota Adm. Jakarta Timur;Pulo Gadung;96.0;0.6;0.6;Tidak diketahui;Tidak diketahui;False;True;0.36;status_belum_tercatat
3682;23559;CPN-256;Sal. Jl. Tj. Keliling;Kota Adm. Jakarta Timur;Pulo Gadung;97.0;0.6;0.6;Tidak diketahui;Tidak diketahui;False;True;0.36;status_belum_tercatat
3683;23560;CPN-257;Sal. Jl. Perikani I;Kota Adm. Jakarta Timur;Pulo Gadung;137.0;0.5;0.5;Tidak diketahui;Tidak diketahui;False;True;0.25;status_belum_tercatat
3684;23561;CPN-258;Sal. Jl. Perikani I;Kota Adm. Jakarta Timur;Pulo Gadung;156.0;0.5;0.5;Tidak diketahui;Tidak diketahui;False;True;0.25;status_belum_tercatat
3685;23562;CPN-259;Sal. Jl. Perikani II;Kota Adm. Jakarta Timur;Pulo Gadung;125.0;0.3;0.4;Tidak diketahui;Tidak diketahui;False;True;0.12;status_belum_tercatat
3686;23563;CPN-260;Sal. Jl. Perikani II;Kota Adm. Jakarta Timur;Pulo Gadung;137.0;0.3;0.4;Tidak diketahui;Tidak diketahui;False;True;0.12;status_belum_tercatat
3687;23564;CPN-261;Sal. Jl. Perikani III;Kota Adm. Jakarta Timur;Pulo Gadung;314.0;0.4;0.3;Tidak diketahui;Tidak diketahui;False;True;0.12;status_belum_tercatat
3688;23565;CPN-262;Sal. Jl. Kramat Kosambi I;Kota Adm. Jakarta Timur;Pulo Gadung;563.0;0.6;0.6;Tidak diketahui;Tidak diketahui;False;True;0.36;status_belum_tercatat
3689;23566;CPN-263;Sal. Jl. Perikani IV;Kota Adm. Jakarta Timur;Pulo Gadung;249.0;0.4;0.4;Tidak diketahui;Tidak diketahui;False;True;0.16;status_belum_tercatat
3690;23567;CPN-264;Sal. Jl. E;Kota Adm. Jakarta Timur;Pulo Gadung;218.0;0.6;0.6;Tidak diketahui;Tidak diketahui;False;True;0.36;status_belum_tercatat
3691;23568;CPN-265;Sal. Jl. E;Kota Adm. Jakarta Timur;Pulo Gadung;216.0;0.6;0.6;Tidak diketahui;Tidak diketahui;False;True;0.36;status_belum_tercatat
3692;23569;CPN-266;Sal. Jl. E;Kota Adm. Jakarta Timur;Pulo Gadung;130.0;0.6;0.6;Tidak diketahui;Tidak diketahui;False;True;0.36;status_belum_tercatat
3693;23570;CPN-267;Sal. Jl. E;Kota Adm. Jakarta Timur;Pulo Gadung;131.0;0.6;0.6;Tidak diketahui;Tidak diketahui;False;True;0.36;status_belum_tercatat
3694;23571;CPN-268;Sal. Jl. Cipinang Timur Raya;Kota Adm. Jakarta Timur;Pulo Gadung;425.0;0.8;1.0;Tidak diketahui;Tidak diketahui;False;True;0.8;status_belum_tercatat
3695;23572;CPN-269;Sal. Jl. Cipinang Timur Raya;Kota Adm. Jakarta Timur;Pulo Gadung;424.0;0.8;1.0;Tidak diketahui;Tidak diketahui;False;True;0.8;status_belum_tercatat
3696;23573;CPN-270;Sal. Jl. Cipinang Empang;Kota Adm. Jakarta Timur;Pulo Gadung;106.0;0.6;0.8;Tidak diketahui;Tidak diketahui;False;True;0.48;status_belum_tercatat
3697;23574;CPN-271;Sal. Jl. Cipinang Empang;Kota Adm. Jakarta Timur;Pulo Gadung;104.0;0.6;0.8;Tidak diketahui;Tidak diketahui;False;True;0.48;status_belum_tercatat
3698;23575;CPN-272;Sal. Jl. Cipinang Lontar II;Kota Adm. Jakarta Timur;Pulo Gadung;169.83;0.6;0.6;Tidak diketahui;Tidak diketahui;False;True;0.36;status_belum_tercatat
3699;23576;CPN-273;Sal. Jl. Cipinang Lontar II;Kota Adm. Jakarta Timur;Pulo Gadung;169.67;0.6;0.6;Tidak diketahui;Tidak diketahui;False;True;0.36;status_belum_tercatat
3700;23577;CPN-274;Sal. Jl. Cipinang Baru;Kota Adm. Jakarta Timur;Pulo Gadung;148.09;0.6;0.6;Tidak diketahui;Tidak diketahui;False;True;0.36;status_belum_tercatat
3701;23578;CPN-275;Sal. Jl. Cipinang Baru;Kota Adm. Jakarta Timur;Pulo Gadung;149.63;0.6;0.6;Tidak diketahui;Tidak diketahui;False;True;0.36;status_belum_tercatat
3702;23579;CPN-276;Sal. Jl. Cipinang Baru 3;Kota Adm. Jakarta Timur;Pulo Gadung;144.94;0.7;0.4;Tidak diketahui;Tidak diketahui;False;True;0.28;status_belum_tercatat
3703;23580;CPN-277;Sal. Jl. Cipinang Baru 3;Kota Adm. Jakarta Timur;Pulo Gadung;154.72;0.7;0.4;Tidak diketahui;Tidak diketahui;False;True;0.28;status_belum_tercatat
3704;23581;CPN-278;Sal. Jl. Cipinang Baru 4;Kota Adm. Jakarta Timur;Pulo Gadung;133.53;0.7;0.4;Tidak diketahui;Tidak diketahui;False;True;0.28;status_belum_tercatat
3705;23582;CPN-279;Sal. Jl. Cipinang Baru 4;Kota Adm. Jakarta Timur;Pulo Gadung;134.97;0.7;0.4;Tidak diketahui;Tidak diketahui;False;True;0.28;status_belum_tercatat
3706;23583;CPN-280;Sal. Jl. Cipinang Timur 4;Kota Adm. Jakarta Timur;Pulo Gadung;472.0;0.6;0.4;Tidak diketahui;Tidak diketahui;False;True;0.24;status_belum_tercatat
3707;23584;CPN-281;Sal. Jl. Cipinang Timur 3;Kota Adm. Jakarta Timur;Pulo Gadung;301.0;0.7;0.3;Tidak diketahui;Tidak diketahui;False;True;0.21;status_belum_tercatat
3708;23585;CPN-282;Sal. Jl. Cipinang Timur 1;Kota Adm. Jakarta Timur;Pulo Gadung;272.0;0.7;0.7;Tidak diketahui;Tidak diketahui;False;True;0.49;status_belum_tercatat
3709;23586;CPN-283;Sal. Jl. Cipinang Baru 1;Kota Adm. Jakarta Timur;Pulo Gadung;588.8;0.7;0.5;Tidak diketahui;Tidak diketahui;False;True;0.35;status_belum_tercatat
3710;23587;CPN-284;Sal. Jl. Cipinang Baru 2;Kota Adm. Jakarta Timur;Pulo Gadung;295.83;0.7;0.6;Tidak diketahui;Tidak diketahui;False;True;0.42;status_belum_tercatat
3711;23588;CPN-285;;Kota Adm. Jakarta Timur;Pulo Gadung;;;;Tidak diketahui;Tidak diketahui;False;False;;dimensi_tidak_lengkap, status_belum_tercatat
3712;23589;CPN-286;Sal. Jl. Cipinang Baru Raya;Kota Adm. Jakarta Timur;Pulo Gadung;259.53;0.8;0.8;Tidak diketahui;Tidak diketahui;False;True;0.64;status_belum_tercatat
3713;23590;CPN-287;Sal. Jl. Cipinang Baru Raya;Kota Adm. Jakarta Timur;Pulo Gadung;259.87;0.8;0.8;Tidak diketahui;Tidak diketahui;False;True;0.64;status_belum_tercatat
3714;23591;CPN-288;Sal. Jl. Cipinang Baru Raya;Kota Adm. Jakarta Timur;Pulo Gadung;245.09;0.8;0.8;Tidak diketahui;Tidak diketahui;False;True;0.64;status_belum_tercatat
3715;23592;CPN-289;Sal. Jl. Cipinang Baru Raya;Kota Adm. Jakarta Timur;Pulo Gadung;247.53;0.8;0.8;Tidak diketahui;Tidak diketahui;False;True;0.64;status_belum_tercatat
3716;23593;CPN-290;Sal. Jl. Bumi Putra IV;Kota Adm. Jakarta Timur;Pulo Gadung;242.0;0.8;0.8;Tidak diketahui;Tidak diketahui;False;True;0.64;status_belum_tercatat
3717;23594;CPN-291;Sal. Jl. Bumi Putra Raya;Kota Adm. Jakarta Timur;Pulo Gadung;477.0;0.8;0.8;Tidak diketahui;Tidak diketahui;False;True;0.64;status_belum_tercatat
3718;23595;CPN-292;Sal. Jl. Bajubang;Kota Adm. Jakarta Timur;Pulo Gadung;479.0;0.5;0.8;Tidak diketahui;Tidak diketahui;False;True;0.4;status_belum_tercatat
3719;23596;CPN-293;Sal. Jl. Cipinang Baru Bunder;Kota Adm. Jakarta Timur;Pulo Gadung;909.56;0.8;0.8;Tidak diketahui;Tidak diketahui;False;True;0.64;status_belum_tercatat
3720;23597;CPN-294;Sal. Jl. Persahabatan Raya;Kota Adm. Jakarta Timur;Pulo Gadung;509.0;0.8;0.8;Tidak diketahui;Tidak diketahui;False;True;0.64;status_belum_tercatat
3721;23598;CPN-295;Sal. Jl. Cipinang Kebembem (Ps. Induk);Kota Adm. Jakarta Timur;Pulo Gadung;257.0;0.9;0.4;Tercatat;Turap Batu Kali/Saluran Terbuka Sebagian Tertutup;True;True;0.36;
3722;23599;CPN-296;Sal. Jl. Cipinang Empang II;Kota Adm. Jakarta Timur;Pulo Gadung;50.0;0.6;0.6;Tidak diketahui;Tidak diketahui;False;True;0.36;status_belum_tercatat
3723;23600;CPN-297;Sal. Jl. Cipinang Empang II;Kota Adm. Jakarta Timur;Pulo Gadung;49.0;0.6;0.6;Tidak diketahui;Tidak diketahui;False;True;0.36;status_belum_tercatat
3724;23601;CPN-298;Sal. Jl. Cipinang Empang III;Kota Adm. Jakarta Timur;Pulo Gadung;196.0;0.5;0.6;Tidak diketahui;Tidak diketahui;False;True;0.3;status_belum_tercatat
3725;23602;CPN-299;Sal. Jl. Cipinang Empang IV;Kota Adm. Jakarta Timur;Pulo Gadung;50.0;0.4;0.4;Tidak diketahui;Tidak diketahui;False;True;0.16;status_belum_tercatat
3726;23603;CPN-300;Sal. Jl. Cipinang Empang IV;Kota Adm. Jakarta Timur;Pulo Gadung;51.0;0.4;0.4;Tidak diketahui;Tidak diketahui;False;True;0.16;status_belum_tercatat
3727;23604;CPN-301;Sal. Jl. Cipinang Empang II;Kota Adm. Jakarta Timur;Pulo Gadung;45.0;0.6;0.6;Tidak diketahui;Tidak diketahui;False;True;0.36;status_belum_tercatat
3728;23605;CPN-302;Sal. Jl. Cipinang Empang II;Kota Adm. Jakarta Timur;Pulo Gadung;46.0;0.6;0.6;Tidak diketahui;Tidak diketahui;False;True;0.36;status_belum_tercatat
3729;23606;CPN-303;Sal. Jl. Cipinang Empang Raya;Kota Adm. Jakarta Timur;Pulo Gadung;144.0;0.6;0.5;Tidak diketahui;Tidak diketahui;False;True;0.3;status_belum_tercatat
3730;23607;CPN-304;Sal. Jl. Cipinang Empang Raya;Kota Adm. Jakarta Timur;Pulo Gadung;144.0;0.6;0.5;Tidak diketahui;Tidak diketahui;False;True;0.3;status_belum_tercatat
3731;23608;CPN-305;Sal. Jl. Cipinang Empang Raya;Kota Adm. Jakarta Timur;Pulo Gadung;142.0;0.6;0.5;Tidak diketahui;Tidak diketahui;False;True;0.3;status_belum_tercatat
3732;23609;CPN-306;Sal. Jl. Cipinang Empang Raya;Kota Adm. Jakarta Timur;Pulo Gadung;143.0;0.6;0.5;Tidak diketahui;Tidak diketahui;False;True;0.3;status_belum_tercatat
3733;23610;CPN-307;Sal. Jl. Cipinang Empang IV;Kota Adm. Jakarta Timur;Pulo Gadung;50.0;0.4;0.4;Tidak diketahui;Tidak diketahui;False;True;0.16;status_belum_tercatat
3734;23611;CPN-308;Sal. Jl. Cipinang Empang IV;Kota Adm. Jakarta Timur;Pulo Gadung;50.0;0.4;0.4;Tidak diketahui;Tidak diketahui;False;True;0.16;status_belum_tercatat
3735;23612;CPN-309;Sal. Jl. Bekasi Timur Raya;Kota Adm. Jakarta Timur;Pulo Gadung;421.0;0.75;1.05;Tidak diketahui;Tidak diketahui;False;True;0.788;status_belum_tercatat
3736;23613;CPN-310;Sal. Jl. Bekasi Timur Raya;Kota Adm. Jakarta Timur;Pulo Gadung;440.0;0.75;1.05;Tidak diketahui;Tidak diketahui;False;True;0.788;status_belum_tercatat
3737;23614;CPN-311;Sal. Jl. Bekasi Timur Raya;Kota Adm. Jakarta Timur;Pulo Gadung;478.0;0.75;1.05;Tidak diketahui;Tidak diketahui;False;True;0.788;status_belum_tercatat
3738;23615;CPN-312;Sal. Jl. Cipinang Lontar II;Kota Adm. Jakarta Timur;Pulo Gadung;485.69;0.6;0.6;Tidak diketahui;Tidak diketahui;False;True;0.36;status_belum_tercatat
3739;23616;CPN-313;Sal. Jl. Cipinang Lontar II;Kota Adm. Jakarta Timur;Pulo Gadung;466.84;0.6;0.6;Tidak diketahui;Tidak diketahui;False;True;0.36;status_belum_tercatat
3740;23617;CPN-314;Sal. Jl. Cipinang Jagal;Kota Adm. Jakarta Timur;Pulo Gadung;225.48;0.5;0.6;Tidak diketahui;Tidak diketahui;False;True;0.3;status_belum_tercatat
3741;23618;CPN-315;Sal. Jl. Cipinang Jagal;Kota Adm. Jakarta Timur;Pulo Gadung;259.36;0.5;0.6;Tidak diketahui;Tidak diketahui;False;True;0.3;status_belum_tercatat
3742;23619;CPN-316;Sal. Jl. Albezia Raya;Kota Adm. Jakarta Timur;Pulo Gadung;145.0;0.65;0.5;Tidak diketahui;Tidak diketahui;False;True;0.325;status_belum_tercatat
3743;23620;CPN-317;Sal. Jl. Albezia Raya;Kota Adm. Jakarta Timur;Pulo Gadung;145.0;0.65;0.5;Tidak diketahui;Tidak diketahui;False;True;0.325;status_belum_tercatat
3744;23621;CPN-318;Sal. Jl. Albezia Raya;Kota Adm. Jakarta Timur;Pulo Gadung;136.0;0.65;0.5;Tidak diketahui;Tidak diketahui;False;True;0.325;status_belum_tercatat
3745;23622;CPN-319;Sal. Jl. Albezia Raya;Kota Adm. Jakarta Timur;Pulo Gadung;135.0;0.65;0.65;Tidak diketahui;Tidak diketahui;False;True;0.423;status_belum_tercatat
3746;23623;CPN-320;Sal. Jl. Albezia VI;Kota Adm. Jakarta Timur;Pulo Gadung;283.0;0.7;0.6;Tidak diketahui;Tidak diketahui;False;True;0.42;status_belum_tercatat
3747;23624;CPN-321;Sal. Jl. Albezia VII;Kota Adm. Jakarta Timur;Pulo Gadung;236.0;0.65;0.6;Tidak diketahui;Tidak diketahui;False;True;0.39;status_belum_tercatat
3748;23625;CPN-322;Sal. Jl. Albezia III;Kota Adm. Jakarta Timur;Pulo Gadung;246.0;0.7;0.8;Tidak diketahui;Tidak diketahui;False;True;0.56;status_belum_tercatat
3749;23626;CPN-323;Sal. Jl. Abezia I;Kota Adm. Jakarta Timur;Pulo Gadung;133.0;0.5;0.4;Tidak diketahui;Tidak diketahui;False;True;0.2;status_belum_tercatat
3750;23627;CPN-324;Sal. Jl. Abezia IV;Kota Adm. Jakarta Timur;Pulo Gadung;418.0;0.85;0.85;Tidak diketahui;Tidak diketahui;False;True;0.722;status_belum_tercatat
3751;23628;CPN-325;Sal. Jl. Abezia II;Kota Adm. Jakarta Timur;Pulo Gadung;122.0;0.5;0.65;Tidak diketahui;Tidak diketahui;False;True;0.325;status_belum_tercatat
3752;23629;CPN-326;Sal. Jl. Abezia II;Kota Adm. Jakarta Timur;Pulo Gadung;131.0;0.5;0.65;Tidak diketahui;Tidak diketahui;False;True;0.325;status_belum_tercatat
3753;23630;CPN-327;Sal. Jl. Abezia II;Kota Adm. Jakarta Timur;Pulo Gadung;83.0;0.5;0.65;Tidak diketahui;Tidak diketahui;False;True;0.325;status_belum_tercatat
3754;23631;CPN-328;Sal. Jl. Abezia II;Kota Adm. Jakarta Timur;Pulo Gadung;86.0;0.5;0.65;Tidak diketahui;Tidak diketahui;False;True;0.325;status_belum_tercatat
3755;23632;CPN-329;Sal. Jl. Alkasia Raya;Kota Adm. Jakarta Timur;Pulo Gadung;284.0;0.6;0.7;Tidak diketahui;Tidak diketahui;False;True;0.42;status_belum_tercatat
3756;23633;CPN-330;Sal. Jl. Cipinang Kebembem I;Kota Adm. Jakarta Timur;Pulo Gadung;264.35;1.0;1.0;Tidak diketahui;Tidak diketahui;False;True;1.0;status_belum_tercatat
4041;23918;CPN-4645;Sal. Jl. Cipinang Empang Timur;Kota Adm. Jakarta Timur;Pulo Gadung;241.0;0.7;0.7;Tercatat;Tidak diketahui;True;True;0.49;
4042;23919;CPN-4646;Sal. Jl. Cipinang Empang Timur;Kota Adm. Jakarta Timur;Pulo Gadung;241.0;0.7;0.7;Tercatat;Tidak diketahui;True;True;0.49;
4078;23955;CPN-4708;Sal. Jl. Cipinang Kebembem (Ps. Burung);Kota Adm. Jakarta Timur;Pulo Gadung;126.0;0.8;0.8;Tercatat;Uditch/Saluran Tertutup;True;True;0.64;
4185;24062;CPN-4894;Sal. Jl. Cipinang Baru Raya;Kota Adm. Jakarta Timur;Pulo Gadung;512.0;0.8;0.8;Tidak diketahui;Tidak diketahui;False;True;0.64;status_belum_tercatat
4186;24063;CPN-4895;Sal. Jl. Cipinang Baru Raya;Kota Adm. Jakarta Timur;Pulo Gadung;512.0;0.8;0.8;Tidak diketahui;Tidak diketahui;False;True;0.64;status_belum_tercatat
3959;23836;JNK-4554;Sal. Jl. Palad (Terusan Kali Sunter);Kota Adm. Jakarta Timur;Pulo Gadung;140.0;1.0;1.0;Tercatat;Uditch/Saluran tertutup;True;True;1.0;
4081;23958;JNK-4735;Sal. Jl. Raya Bekasi (Depan Asrama Brimob);Kota Adm. Jakarta Timur;Pulo Gadung;516.0;0.5;0.4;Tercatat;Turap Beton/Saluran Tertutup Sebagian Terbuka;True;True;0.2;
4082;23959;JNK-4736;Sal. Jl. Raya Bekasi (Depan Asrama Brimob);Kota Adm. Jakarta Timur;Pulo Gadung;516.0;0.5;0.4;Tercatat;Turap Beton/Saluran Tertutup Sebagian Terbuka;True;True;0.2;
4083;23960;JNK-4737;Sal. Jl. Pemuda Sisi Utara;Kota Adm. Jakarta Timur;Pulo Gadung;613.0;1.3;1.2;Tercatat;Turap Batu Kali/Saluran Tertutup Sebagian Terbuka;True;True;1.56;
4084;23961;JNK-4738;Sal. Jl. Pemuda Sisi Selatan;Kota Adm. Jakarta Timur;Pulo Gadung;471.0;0.9;1.0;Tercatat;Turap Beton & Batu Kali/Saluran Terbuka;True;True;0.9;
4085;23962;JNK-4739;Sal. Jl. Raya Bekasi (Arah Tugas);Kota Adm. Jakarta Timur;Pulo Gadung;1200.0;0.8;0.8;Tercatat;Uditch/Saluran Tertutup;True;True;0.64;
4086;23963;JNK-4740;Sal. Jl. Raya Bekasi (Arah Tugas);Kota Adm. Jakarta Timur;Pulo Gadung;1200.0;0.8;0.8;Tercatat;Uditch/Saluran Tertutup;True;True;0.64;
4087;23964;JNK-4741;Sal. Jl. Remaja I;Kota Adm. Jakarta Timur;Pulo Gadung;344.0;0.5;0.3;Tercatat;Turap Beton/Saluran Tertutup Sebagian Terbuka;True;True;0.15;
4088;23965;JNK-4742;Sal. Jl. Remaja I;Kota Adm. Jakarta Timur;Pulo Gadung;344.0;0.5;0.3;Tercatat;Turap Beton/Saluran Tertutup Sebagian Terbuka;True;True;0.15;
4089;23966;JNK-4743;Sal. Jl. Remaja;Kota Adm. Jakarta Timur;Pulo Gadung;501.0;0.8;0.5;Tercatat;Turap Beton/Saluran Tertutup Sebagian Terbuka;True;True;0.4;
4090;23967;JNK-4744;Sal. Jl. 40 Kaum Raya;Kota Adm. Jakarta Timur;Pulo Gadung;698.0;0.8;0.8;Tercatat;Uditch/Saluran Tertutup;True;True;0.64;
4091;23968;JNK-4745;Sal. Jl. 40 Kaum Raya;Kota Adm. Jakarta Timur;Pulo Gadung;698.0;0.8;0.8;Tercatat;Uditch/Saluran Tertutup;True;True;0.64;
4092;23969;JNK-4746;Sal. Jl. Bekasi Raya;Kota Adm. Jakarta Timur;Pulo Gadung;802.0;0.8;0.8;Tercatat;Uditch/Saluran Tertutup;True;True;0.64;
4093;23970;JNK-4747;Sal. Jl. Bekasi Timur Raya;Kota Adm. Jakarta Timur;Pulo Gadung;807.0;0.8;0.8;Tercatat;Uditch/Saluran Tertutup;True;True;0.64;
4094;23971;JNK-4748;Sal. Jl. Tugabus Badarudin;Kota Adm. Jakarta Timur;Pulo Gadung;290.0;0.5;0.5;Tercatat;Turap Beton & Batu Kali/Saluran Tertutup Sebagian Terbuka;True;True;0.25;
4095;23972;JNK-4749;Sal. Jl. Tugabus Badarudin;Kota Adm. Jakarta Timur;Pulo Gadung;290.0;0.5;0.5;Tidak diketahui;Turap Beton & Batu Kali/Saluran Tertutup Sebagian Terbuka;False;True;0.25;status_belum_tercatat
4096;23973;JNK-4750;Sal. Jl. Tugabus Badarudin;Kota Adm. Jakarta Timur;Pulo Gadung;290.0;0.5;0.5;Tidak diketahui;Turap Beton & Batu Kali/Saluran Tertutup Sebagian Terbuka;False;True;0.25;status_belum_tercatat
4097;23974;JNK-4751;Sal. Jl. Tugabus Badarudin;Kota Adm. Jakarta Timur;Pulo Gadung;290.0;0.5;0.5;Tercatat;Turap Beton & Batu Kali/Saluran Tertutup Sebagian Terbuka;True;True;0.25;
4098;23975;JNK-4752;Sal. Jl. Tanah 13 II;Kota Adm. Jakarta Timur;Pulo Gadung;361.0;0.5;0.4;Tercatat;Turap Beton/Saluran Tertutup Sebagian Terbuka;True;True;0.2;
4099;23976;JNK-4753;Sal. Jl. Tanah 13 II;Kota Adm. Jakarta Timur;Pulo Gadung;361.0;0.5;0.4;Tercatat;Turap Beton/Saluran Tertutup Sebagian Terbuka;True;True;0.2;
4100;23977;JNK-4754;Sal. Jl. Arus Jati;Kota Adm. Jakarta Timur;Pulo Gadung;395.0;0.5;0.4;Tercatat;Turap Beton/Saluran Tertutup Sebagian Terbuka;True;True;0.2;
4101;23978;JNK-4755;Sal. Jl. Arus Jati;Kota Adm. Jakarta Timur;Pulo Gadung;395.0;0.5;0.4;Tercatat;Turap Beton/Saluran Tertutup Sebagian Terbuka;True;True;0.2;
4102;23979;JNK-4756;Sal. Jl. 40 Kaum IA;Kota Adm. Jakarta Timur;Pulo Gadung;408.0;0.5;0.4;Tercatat;Turap Beton/Saluran Tertutup Sebagian Terbuka;True;True;0.2;
4103;23980;JNK-4757;Sal. Jl. 40 Kaum IA;Kota Adm. Jakarta Timur;Pulo Gadung;408.0;0.5;0.4;Tercatat;Turap Beton/Saluran Tertutup Sebagian Terbuka;True;True;0.2;
4104;23981;JNK-4758;Sal. Jl. 40 Kaum IA;Kota Adm. Jakarta Timur;Pulo Gadung;408.0;0.5;0.4;Tercatat;Turap Beton/Saluran Tertutup Sebagian Terbuka;True;True;0.2;
4105;23982;JNK-4759;Sal. Jl. 40 Kaum IA;Kota Adm. Jakarta Timur;Pulo Gadung;408.0;0.5;0.4;Tercatat;Turap Beton/Saluran Tertutup Sebagian Terbuka;True;True;0.2;
4106;23983;JNK-4760;Sal. Jl. Arus Jati II;Kota Adm. Jakarta Timur;Pulo Gadung;307.0;1.0;1.1;Tidak diketahui;Turap Batu Kali/Saluran Tertutup Sebagian Terbuka;False;True;1.1;status_belum_tercatat
4107;23984;JNK-4761;Sal. Jl. Arus Jati II;Kota Adm. Jakarta Timur;Pulo Gadung;307.0;1.0;1.1;Tidak diketahui;Turap Batu Kali/Saluran Tertutup Sebagian Terbuka;False;True;1.1;status_belum_tercatat
4108;23985;JNK-4762;Sal. Jl. Pam Jaya;Kota Adm. Jakarta Timur;Pulo Gadung;464.0;1.0;1.0;Tercatat;Turap Batu Kali/Saluran Tertutup Sebagian Terbuka;True;True;1.0;
4109;23986;JNK-4763;Sal. Jl. Pam Jaya;Kota Adm. Jakarta Timur;Pulo Gadung;464.0;1.0;1.0;Tercatat;Turap Batu Kali/Saluran Tertutup Sebagian Terbuka;True;True;1.0;
3938;23815;JTI-4533;Sal. Jl. Palad (Terusan Kali Sunter);Kota Adm. Jakarta Timur;Pulo Gadung;140.0;1.0;1.0;Tercatat;Uditch/Saluran tertutup;True;True;1.0;
4110;23987;JTI-4764;Sal. Jl. Taman Pulo Asem Utara (Sisi Utara);Kota Adm. Jakarta Timur;Pulo Gadung;237.0;0.6;1.0;Tercatat;Turap Beton/Saluran Tertutup Sebagian Terbuka;True;True;0.6;
4111;23988;JTI-4765;Sal. Jl. Taman Pulo Asem Utara (Sisi Utara);Kota Adm. Jakarta Timur;Pulo Gadung;237.0;0.6;1.0;Tercatat;Turap Beton/Saluran Tertutup Sebagian Terbuka;True;True;0.6;
4112;23989;JTI-4766;Sal. Jl. Pulo Asem Utara;Kota Adm. Jakarta Timur;Pulo Gadung;233.0;0.8;0.7;Tercatat;Turap Beton/Saluran Tertutup Sebagian Terbuka;True;True;0.56;
4113;23990;JTI-4767;Sal. Jl. Pulo Asem Utara;Kota Adm. Jakarta Timur;Pulo Gadung;233.0;0.8;0.7;Tercatat;Turap Beton/Saluran Tertutup Sebagian Terbuka;True;True;0.56;
4114;23991;JTI-4768;Sal. Jl. Balap Sepeda;Kota Adm. Jakarta Timur;Pulo Gadung;272.0;1.1;1.5;Tercatat;Turap Batu Kali/Saluran Tertutup Sebagian Terbuka;True;True;1.65;
4115;23992;JTI-4769;Sal. Jl. Pulo Asem Utara Raya;Kota Adm. Jakarta Timur;Pulo Gadung;641.0;0.8;0.7;Tercatat;Turap Beton & Turap Batu Kali/Saluran Tertutup Sebagian Terbuka;True;True;0.56;
4116;23993;JTI-4770;Sal. Jl. Pulo Asem Utara Raya;Kota Adm. Jakarta Timur;Pulo Gadung;641.0;0.8;0.7;Tercatat;Turap Beton & Turap Batu Kali/Saluran Tertutup Sebagian Terbuka;True;True;0.56;
4117;23994;JTI-4771;Sal. Jl. Taman Pulo Asem Utara;Kota Adm. Jakarta Timur;Pulo Gadung;354.0;1.1;0.8;Tercatat;Turap Beton & Turap Batu Kali/Saluran Tertutup Sebagian Terbuka;True;True;0.88;
4118;23995;JTI-4772;;Kota Adm. Jakarta Timur;Pulo Gadung;;;;Tercatat;Turap Beton/Saluran Tertutup Sebagian Terbuka;True;False;;dimensi_tidak_lengkap
4119;23996;JTI-4773;;Kota Adm. Jakarta Timur;Pulo Gadung;;;;Tercatat;Turap Beton/Saluran Tertutup Sebagian Terbuka;True;False;;dimensi_tidak_lengkap
4120;23997;JTI-4774;;Kota Adm. Jakarta Timur;Pulo Gadung;;;;Tercatat;Turap Beton/Saluran Tertutup Sebagian Terbuka;True;False;;dimensi_tidak_lengkap
4121;23998;JTI-4775;;Kota Adm. Jakarta Timur;Pulo Gadung;;;;Tercatat;Turap Beton/Saluran Tertutup Sebagian Terbuka;True;False;;dimensi_tidak_lengkap
4122;23999;JTI-4776;;Kota Adm. Jakarta Timur;Pulo Gadung;;;;Tercatat;Turap Beton/Saluran Tertutup Sebagian Terbuka;True;False;;dimensi_tidak_lengkap
4123;24000;JTI-4777;Sal. Jl. Taman Pulo Asem Utara (Sisi Utara);Kota Adm. Jakarta Timur;Pulo Gadung;237.0;0.6;1.0;Tercatat;Turap Beton/Saluran Tertutup Sebagian Terbuka;True;True;0.6;
4124;24001;JTI-4778;Sal. Jl. Taman Pulo Asem Utara;Kota Adm. Jakarta Timur;Pulo Gadung;354.0;1.1;0.8;Tercatat;Turap Beton & Turap Batu Kali/Saluran Tertutup Sebagian Terbuka;True;True;0.88;
4125;24002;JTI-4779;Sal. Jl. Pulo Asem;Kota Adm. Jakarta Timur;Pulo Gadung;307.0;0.7;0.5;Tercatat;Turap Beton/Saluran Tertutup Sebagian Terbuka;True;True;0.35;
4126;24003;JTI-4780;Sal. Jl. Pulo Asem;Kota Adm. Jakarta Timur;Pulo Gadung;307.0;0.7;0.5;Tercatat;Turap Beton/Saluran Tertutup Sebagian Terbuka;True;True;0.35;
4127;24004;JTI-4781;Sal. Jl. Pulo Asem IV;Kota Adm. Jakarta Timur;Pulo Gadung;142.0;0.5;0.5;Tercatat;Turap Beton & Turap Batu Kali/Saluran Tertutup Sebagian Terbuka;True;True;0.25;
4128;24005;JTI-4782;Sal. Jl. Pulo Asem IV;Kota Adm. Jakarta Timur;Pulo Gadung;142.0;0.5;0.5;Tercatat;Turap Beton & Turap Batu Kali/Saluran Tertutup Sebagian Terbuka;True;True;0.25;
4129;24006;JTI-4783;Sal. Jl. Pulo Asem IV;Kota Adm. Jakarta Timur;Pulo Gadung;142.0;0.5;0.5;Tercatat;Turap Beton & Turap Batu Kali/Saluran Tertutup Sebagian Terbuka;True;True;0.25;
4130;24007;JTI-4784;Sal. Jl. Pulo Asem IV;Kota Adm. Jakarta Timur;Pulo Gadung;142.0;0.5;0.5;Tercatat;Turap Beton & Turap Batu Kali/Saluran Tertutup Sebagian Terbuka;True;True;0.25;
4131;24008;JTI-4785;Sal. Jl. Pulo Asem V;Kota Adm. Jakarta Timur;Pulo Gadung;104.0;0.5;0.5;Tercatat;Turap Beton & Turap Batu Kali/Saluran Tertutup Sebagian Terbuka;True;True;0.25;
4132;24009;JTI-4786;Sal. Jl. Pulo Asem V;Kota Adm. Jakarta Timur;Pulo Gadung;104.0;0.5;0.5;Tercatat;Turap Beton & Turap Batu Kali/Saluran Tertutup Sebagian Terbuka;True;True;0.25;
4133;24010;JTI-4787;Sal. Jl. Pulo Asem V;Kota Adm. Jakarta Timur;Pulo Gadung;104.0;0.5;0.5;Tercatat;Turap Beton & Turap Batu Kali/Saluran Tertutup Sebagian Terbuka;True;True;0.25;
4134;24011;JTI-4788;Sal. Jl. Pulo Asem V;Kota Adm. Jakarta Timur;Pulo Gadung;104.0;0.5;0.5;Tercatat;Turap Beton & Turap Batu Kali/Saluran Tertutup Sebagian Terbuka;True;True;0.25;
4135;24012;JTI-4789;Sal. Jl. Pulo Asem VI;Kota Adm. Jakarta Timur;Pulo Gadung;142.0;0.5;0.5;Tercatat;Turap Beton & Turap Batu Kali/Saluran Tertutup Sebagian Terbuka;True;True;0.25;
4136;24013;JTI-4790;Sal. Jl. Pulo Asem VI;Kota Adm. Jakarta Timur;Pulo Gadung;142.0;0.5;0.5;Tercatat;Turap Beton & Turap Batu Kali/Saluran Tertutup Sebagian Terbuka;True;True;0.25;
4137;24014;JTI-4791;Sal. Jl. Pulo Asem VI;Kota Adm. Jakarta Timur;Pulo Gadung;142.0;0.5;0.5;Tercatat;Turap Beton & Turap Batu Kali/Saluran Tertutup Sebagian Terbuka;True;True;0.25;
4138;24015;JTI-4792;Sal. Jl. Pulo Asem VI;Kota Adm. Jakarta Timur;Pulo Gadung;142.0;0.5;0.5;Tercatat;Turap Beton & Turap Batu Kali/Saluran Tertutup Sebagian Terbuka;True;True;0.25;
4139;24016;JTI-4793;Sal. Jl. Pulo Asem VII;Kota Adm. Jakarta Timur;Pulo Gadung;244.0;0.7;0.6;Tercatat;Turap Beton & Turap Batu Kali/Saluran Tertutup Sebagian Terbuka;True;True;0.42;
4140;24017;JTI-4794;Sal. Jl. Pulo Asem VII;Kota Adm. Jakarta Timur;Pulo Gadung;244.0;0.7;0.6;Tercatat;Turap Beton & Turap Batu Kali/Saluran Tertutup Sebagian Terbuka;True;True;0.42;
4141;24018;JTI-4795;Sal. Jl. Pulo Asem VII;Kota Adm. Jakarta Timur;Pulo Gadung;244.0;0.7;0.6;Tercatat;Turap Beton & Turap Batu Kali/Saluran Tertutup Sebagian Terbuka;True;True;0.42;
4142;24019;JTI-4796;Sal. Jl. Pulo Asem VII;Kota Adm. Jakarta Timur;Pulo Gadung;244.0;0.7;0.6;Tercatat;Turap Beton & Turap Batu Kali/Saluran Tertutup Sebagian Terbuka;True;True;0.42;
4143;24020;JTI-4797;Sal. Jl. Pulo Asem III;Kota Adm. Jakarta Timur;Pulo Gadung;186.0;0.6;0.6;Tercatat;Turap Beton & Turap Batu Kali/Saluran Tertutup Sebagian Terbuka;True;True;0.36;
4144;24021;JTI-4798;Sal. Jl. Pulo Asem III;Kota Adm. Jakarta Timur;Pulo Gadung;186.0;0.6;0.6;Tercatat;Turap Beton & Turap Batu Kali/Saluran Tertutup Sebagian Terbuka;True;True;0.36;
4145;24022;JTI-4799;Sal. Jl. Pulo Asem III;Kota Adm. Jakarta Timur;Pulo Gadung;186.0;0.6;0.6;Tercatat;Turap Beton & Turap Batu Kali/Saluran Tertutup Sebagian Terbuka;True;True;0.36;
4146;24023;JTI-4800;Sal. Jl. Pulo Asem III;Kota Adm. Jakarta Timur;Pulo Gadung;186.0;0.6;0.6;Tercatat;Turap Beton & Turap Batu Kali/Saluran Tertutup Sebagian Terbuka;True;True;0.36;
4147;24024;JTI-4801;Sal. Jl. Pulo Asem Timur I;Kota Adm. Jakarta Timur;Pulo Gadung;208.0;0.7;0.6;Tercatat;Turap Beton/Saluran Tertutup Sebagian Terbuka;True;True;0.42;
4148;24025;JTI-4802;Sal. Jl. Pulo Asem Timur I;Kota Adm. Jakarta Timur;Pulo Gadung;208.0;0.7;0.6;Tercatat;Turap Beton/Saluran Tertutup Sebagian Terbuka;True;True;0.42;
4149;24026;JTI-4803;Sal. Jl. Pulo Asem Timur II;Kota Adm. Jakarta Timur;Pulo Gadung;257.0;0.7;0.7;Tercatat;Turap Beton/Saluran Tertutup Sebagian Terbuka;True;True;0.49;
4150;24027;JTI-4804;Sal. Jl. Pulo Asem Timur II;Kota Adm. Jakarta Timur;Pulo Gadung;257.0;0.7;0.7;Tercatat;Turap Beton/Saluran Tertutup Sebagian Terbuka;True;True;0.49;
4151;24028;JTI-4805;Sal. Jl. Jati Asem;Kota Adm. Jakarta Timur;Pulo Gadung;112.0;0.6;0.4;Tercatat;Turap Beton/Saluran Tertutup Sebagian Terbuka;True;True;0.24;
4152;24029;JTI-4806;Sal. Jl. Jati Asem;Kota Adm. Jakarta Timur;Pulo Gadung;112.0;0.6;0.4;Tercatat;Turap Beton/Saluran Tertutup Sebagian Terbuka;True;True;0.24;
4153;24030;JTI-4807;Sal. Jl. Pulo Asem Timur VI;Kota Adm. Jakarta Timur;Pulo Gadung;250.0;0.7;0.7;Tercatat;Turap Beton/Saluran Tertutup Sebagian Terbuka;True;True;0.49;
4154;24031;JTI-4808;Sal. Jl. Pulo Asem Timur VI;Kota Adm. Jakarta Timur;Pulo Gadung;250.0;0.7;0.7;Tercatat;Turap Beton/Saluran Tertutup Sebagian Terbuka;True;True;0.49;
4155;24032;JTI-4809;Sal. Jl. Pulo Asem Timur II;Kota Adm. Jakarta Timur;Pulo Gadung;257.0;0.7;0.7;Tercatat;Turap Beton/Saluran Tertutup Sebagian Terbuka;True;True;0.49;
4156;24033;JTI-4810;Sal. Jl. Pulo Asem Timur VIII;Kota Adm. Jakarta Timur;Pulo Gadung;240.0;0.5;0.3;Tercatat;Turap Beton/Saluran Tertutup Sebagian Terbuka;True;True;0.15;
4157;24034;JTI-4811;Sal. Jl. Pulo Asem Timur II;Kota Adm. Jakarta Timur;Pulo Gadung;257.0;0.7;0.7;Tercatat;Turap Beton/Saluran Tertutup Sebagian Terbuka;True;True;0.49;
4158;24035;JTI-4812;Sal. Jl. Pulo Asem Timur VIII;Kota Adm. Jakarta Timur;Pulo Gadung;240.0;0.5;0.3;Tercatat;Turap Beton/Saluran Tertutup Sebagian Terbuka;True;True;0.15;
4159;24036;JTI-4813;Sal. Jl. Taruna (Alfamidi Taruna);Kota Adm. Jakarta Timur;Pulo Gadung;274.0;0.8;1.0;Tercatat;Uditch/Saluran Tertutup Sebagian Terbuka;True;True;0.8;
4160;24037;JTI-4814;Sal. Jl. Taruna (Alfamidi Taruna s.d. Kali Sunter);Kota Adm. Jakarta Timur;Pulo Gadung;793.0;1.6;1.1;Tercatat;Turap Beton & Batu Kali/Saluran Tertutup Sebagian Terbuka;True;True;1.76;
4161;24038;JTI-4815;Sal. Jl. Jati Perwira;Kota Adm. Jakarta Timur;Pulo Gadung;273.0;1.0;1.0;Tercatat;Turap Batu Kali/Saluran Tertutup Sebagian Terbuka;True;True;1.0;
4162;24039;JTI-4816;Sal. Jl. Sindang Raya;Kota Adm. Jakarta Timur;Pulo Gadung;282.0;0.6;1.0;Tercatat;Turap Beton/Saluran Terbuka;True;True;0.6;
4163;24040;JTI-4817;Sal. Jl. Sindang Raya;Kota Adm. Jakarta Timur;Pulo Gadung;282.0;0.6;1.0;Tercatat;Turap Beton/Saluran Terbuka;True;True;0.6;
4164;24041;JTI-4818;Sal. Jl. Kaplongan Raya;Kota Adm. Jakarta Timur;Pulo Gadung;281.0;0.8;1.0;Tercatat;Turap Beton/Saluran Tertutup Sebagian Terbuka;True;True;0.8;
4165;24042;JTI-4819;Sal. Jl. Kaplongan Raya;Kota Adm. Jakarta Timur;Pulo Gadung;281.0;0.8;1.0;Tercatat;Turap Beton/Saluran Tertutup Sebagian Terbuka;True;True;0.8;
4166;24043;JTI-4820;Sal. Jl. Pulo Asem Timur Raya (Toserba Berkah);Kota Adm. Jakarta Timur;Pulo Gadung;205.0;0.6;1.0;Tercatat;Turap Beton/Saluran Tertutup Sebagian Terbuka;True;True;0.6;
4167;24044;JTI-4821;Sal. Jl. Jati Pakis;Kota Adm. Jakarta Timur;Pulo Gadung;147.0;0.5;0.5;Tercatat;Turap Beton/Saluran Tertutup Sebagian Terbuka;True;True;0.25;
4168;24045;JTI-4822;Sal. Jl. Jati Pakis;Kota Adm. Jakarta Timur;Pulo Gadung;147.0;0.5;0.5;Tercatat;Turap Beton/Saluran Tertutup Sebagian Terbuka;True;True;0.25;
4169;24046;JTI-4823;Sal. Jl. Kaplongan I;Kota Adm. Jakarta Timur;Pulo Gadung;90.0;0.6;0.8;Tercatat;Turap Beton/Saluran Tertutup Sebagian Terbuka;True;True;0.48;
4170;24047;JTI-4824;Sal. Jl. Kaplongan I;Kota Adm. Jakarta Timur;Pulo Gadung;90.0;0.6;0.8;Tercatat;Turap Beton/Saluran Tertutup Sebagian Terbuka;True;True;0.48;
4171;24048;JTI-4825;Sal. Jl. Jati Palem;Kota Adm. Jakarta Timur;Pulo Gadung;155.0;0.5;0.5;Tercatat;Turap Beton/Saluran Tertutup Sebagian Terbuka;True;True;0.25;
4172;24049;JTI-4826;Sal. Jl. Jati Palem;Kota Adm. Jakarta Timur;Pulo Gadung;155.0;0.5;0.5;Tercatat;Turap Beton/Saluran Tertutup Sebagian Terbuka;True;True;0.25;
4173;24050;JTI-4827;Sal. Jl. Satria Raya;Kota Adm. Jakarta Timur;Pulo Gadung;325.0;0.6;1.0;Tercatat;Turap Beton/Saluran Terbuka;True;True;0.6;
4174;24051;JTI-4828;Sal. Jl. Satria Raya;Kota Adm. Jakarta Timur;Pulo Gadung;325.0;0.6;1.0;Tercatat;Turap Beton/Saluran Terbuka;True;True;0.6;
4175;24052;JTI-4877;Sal. Jl. A Raya;Kota Adm. Jakarta Timur;Pulo Gadung;211.0;0.6;0.6;Tercatat;Uditch/Saluran Tertutup Sebagian Terbuka;True;True;0.36;
4176;24053;JTI-4878;Sal. Jl. A Raya;Kota Adm. Jakarta Timur;Pulo Gadung;211.0;0.6;0.6;Tercatat;Uditch/Saluran Tertutup Sebagian Terbuka;True;True;0.36;
4177;24054;JTI-4880;Sal. Jl. Jati Raya;Kota Adm. Jakarta Timur;Pulo Gadung;316.0;0.5;0.4;Tercatat;Turap Beton/Saluran Tertutup Sebagian Terbuka;True;True;0.2;
4178;24055;JTI-4882;Sal. Jl. Jati Raya;Kota Adm. Jakarta Timur;Pulo Gadung;316.0;0.5;0.4;Tercatat;Turap Beton/Saluran Tertutup Sebagian Terbuka;True;True;0.2;
4179;24056;JTI-4883;Sal. Jl. Jati Rawamangun;Kota Adm. Jakarta Timur;Pulo Gadung;317.0;0.5;0.4;Tercatat;Turap Beton/Saluran Tertutup Sebagian Terbuka;True;True;0.2;
4180;24057;JTI-4884;Sal. Jl. Jati Rawamangun;Kota Adm. Jakarta Timur;Pulo Gadung;317.0;0.5;0.4;Tercatat;Turap Beton/Saluran Tertutup Sebagian Terbuka;True;True;0.2;
4181;24058;JTI-4887;Sal. Jl. Jati Barang Raya;Kota Adm. Jakarta Timur;Pulo Gadung;165.0;0.7;0.7;Tercatat;Turap Beton/Saluran Tertutup Sebagian Terbuka;True;True;0.49;
4182;24059;JTI-4888;Sal. Jl. Jati Barang Raya;Kota Adm. Jakarta Timur;Pulo Gadung;165.0;0.7;0.7;Tercatat;Turap Beton/Saluran Tertutup Sebagian Terbuka;True;True;0.49;
4183;24060;JTI-4891;Sal. Jl. Paus;Kota Adm. Jakarta Timur;Pulo Gadung;361.0;0.8;1.3;Tercatat;Turap Beton/Saluran Tertutup;True;True;1.04;
4184;24061;JTI-4893;Sal. Jl. Pe8an;Kota Adm. Jakarta Timur;Pulo Gadung;357.0;1.0;1.2;Tercatat;Turap Beton/Saluran Tertutup;True;True;1.2;
4187;24064;JTI-4896;Sal. Jl. Alu-Alu;Kota Adm. Jakarta Timur;Pulo Gadung;717.0;0.6;0.6;Tercatat;Turap Beton & Turap Batu Kali/Saluran Tertutup Sebagian Terbuka;True;True;0.36;
4188;24065;JTI-4897;Sal. Jl. Alu-Alu;Kota Adm. Jakarta Timur;Pulo Gadung;717.0;0.6;0.6;Tercatat;Turap Beton & Turap Batu Kali/Saluran Tertutup Sebagian Terbuka;True;True;0.36;
4189;24066;JTI-4902;Sal. Jl. Kincir Raya;Kota Adm. Jakarta Timur;Pulo Gadung;177.0;0.8;0.6;Tercatat;Turap Beton & Turap Batu Kali/Saluran Tertutup Sebagian Terbuka;True;True;0.48;
4190;24067;JTI-4903;Sal. Jl. Kincir Raya;Kota Adm. Jakarta Timur;Pulo Gadung;177.0;0.8;0.6;Tercatat;Turap Beton & Turap Batu Kali/Saluran Tertutup Sebagian Terbuka;True;True;0.48;
4191;24068;JTI-4906;Sal. Jl. Belanak Raya;Kota Adm. Jakarta Timur;Pulo Gadung;272.0;0.7;0.6;Tercatat;Turap Beton & Turap Batu Kali/Saluran Tertutup Sebagian Terbuka;True;True;0.42;
4192;24069;JTI-4907;Sal. Jl. Belanak Raya;Kota Adm. Jakarta Timur;Pulo Gadung;272.0;0.7;0.6;Tercatat;Turap Beton & Turap Batu Kali/Saluran Tertutup Sebagian Terbuka;True;True;0.42;
4193;24070;JTI-4908;Sal. Jl. Belanak Raya;Kota Adm. Jakarta Timur;Pulo Gadung;272.0;0.7;0.6;Tercatat;Turap Beton & Turap Batu Kali/Saluran Tertutup Sebagian Terbuka;True;True;0.42;
4194;24071;JTI-4909;Sal. Jl. Belanak Raya;Kota Adm. Jakarta Timur;Pulo Gadung;272.0;0.7;0.6;Tercatat;Turap Beton & Turap Batu Kali/Saluran Tertutup Sebagian Terbuka;True;True;0.42;
4195;24072;JTI-4910;;Kota Adm. Jakarta Timur;Pulo Gadung;;;;Tercatat;Turap Beton/Saluran Tertutup Sebagian Terbuka;True;False;;dimensi_tidak_lengkap
4196;24073;JTI-4911;;Kota Adm. Jakarta Timur;Pulo Gadung;;;;Tercatat;Turap Beton/Saluran Tertutup Sebagian Terbuka;True;False;;dimensi_tidak_lengkap
4197;24074;JTI-4912;Sal. Jl. Belanak I;Kota Adm. Jakarta Timur;Pulo Gadung;38.0;0.7;0.6;Tercatat;Turap Beton & Turap Batu Kali/Saluran Tertutup Sebagian Terbuka;True;True;0.42;
4198;24075;JTI-4913;Sal. Jl. Belanak I;Kota Adm. Jakarta Timur;Pulo Gadung;38.0;0.7;0.6;Tercatat;Turap Beton & Turap Batu Kali/Saluran Tertutup Sebagian Terbuka;True;True;0.42;
4199;24076;JTI-4914;Sal. Jl. Ekor Kuning Raya;Kota Adm. Jakarta Timur;Pulo Gadung;389.0;0.7;0.7;Tercatat;Turap Beton & Turap Batu Kali/Saluran Tertutup Sebagian Terbuka;True;True;0.49;
4200;24077;JTI-4915;Sal. Jl. Ekor Kuning Raya;Kota Adm. Jakarta Timur;Pulo Gadung;389.0;0.7;0.7;Tercatat;Turap Beton & Turap Batu Kali/Saluran Tertutup Sebagian Terbuka;True;True;0.49;
4201;24078;JTI-4916;Sal. Jl. Ekor Kuning Raya;Kota Adm. Jakarta Timur;Pulo Gadung;389.0;0.7;0.7;Tercatat;Turap Beton & Turap Batu Kali/Saluran Tertutup Sebagian Terbuka;True;True;0.49;
4202;24079;JTI-4917;Sal. Jl. Ekor Kuning Raya;Kota Adm. Jakarta Timur;Pulo Gadung;389.0;0.7;0.7;Tercatat;Turap Beton & Turap Batu Kali/Saluran Tertutup Sebagian Terbuka;True;True;0.49;
4203;24080;JTI-4918;;Kota Adm. Jakarta Timur;Pulo Gadung;;;;Tercatat;Turap Beton/Saluran Tertutup Sebagian Terbuka;True;False;;dimensi_tidak_lengkap
4204;24081;JTI-4921;;Kota Adm. Jakarta Timur;Pulo Gadung;;;;Tercatat;Turap Beton/Saluran Tertutup Sebagian Terbuka;True;False;;dimensi_tidak_lengkap
4205;24082;JTI-4923;;Kota Adm. Jakarta Timur;Pulo Gadung;;;;Tercatat;Turap Beton/Saluran Tertutup Sebagian Terbuka;True;False;;dimensi_tidak_lengkap
4206;24083;JTI-4927;;Kota Adm. Jakarta Timur;Pulo Gadung;;;;Tercatat;Turap Beton/Saluran Tertutup Sebagian Terbuka;True;False;;dimensi_tidak_lengkap
4207;24084;JTI-4930;Sal. Jl. Tenggiri (Apotek Sion);Kota Adm. Jakarta Timur;Pulo Gadung;480.0;0.7;0.8;Tercatat;Turap Beton & Turap Batu Kali/Saluran Tertutup Sebagian Terbuka;True;True;0.56;
4208;24085;JTI-4931;Sal. Jl. Tenggiri;Kota Adm. Jakarta Timur;Pulo Gadung;155.0;0.6;0.6;Tercatat;Turap Beton & Turap Batu Kali/Saluran Tertutup Sebagian Terbuka;True;True;0.36;
3488;23365;JTI-5090;Sal. Jl. Tawes;Kota Adm. Jakarta Timur;Pulo Gadung;381.0;0.5;0.6;Tercatat;Turap Beton & Turap Batu Kali/Saluran Tertutup Sebagian Terbuka;True;True;0.3;
3489;23366;JTI-5091;Sal. Jl. Tawes;Kota Adm. Jakarta Timur;Pulo Gadung;381.0;0.5;0.6;Tercatat;Turap Beton & Turap Batu Kali/Saluran Tertutup Sebagian Terbuka;True;True;0.3;
3490;23367;JTI-5092;Sal. Jl. Tawes;Kota Adm. Jakarta Timur;Pulo Gadung;381.0;0.5;0.6;Tercatat;Turap Beton & Turap Batu Kali/Saluran Tertutup Sebagian Terbuka;True;True;0.3;
3491;23368;JTI-5093;Sal. Jl. Tawes;Kota Adm. Jakarta Timur;Pulo Gadung;381.0;0.5;0.6;Tercatat;Turap Beton & Turap Batu Kali/Saluran Tertutup Sebagian Terbuka;True;True;0.3;
3492;23369;JTI-5096;Sal. Jl. Layur (Sisi Barat);Kota Adm. Jakarta Timur;Pulo Gadung;215.0;0.6;0.6;Tercatat;Turap Beton & Turap Batu Kali/Saluran Tertutup Sebagian Terbuka;True;True;0.36;
3493;23370;JTI-5097;Sal. Jl. Layur;Kota Adm. Jakarta Timur;Pulo Gadung;990.0;0.8;1.0;Tercatat;Turap Beton & Batu Kali/Saluran Tertutup Sebagian Terbuka;True;True;0.8;
3494;23371;JTI-5098;Sal. Jl. Layur;Kota Adm. Jakarta Timur;Pulo Gadung;990.0;0.8;1.0;Tercatat;Turap Beton & Batu Kali/Saluran Tertutup Sebagian Terbuka;True;True;0.8;
3495;23372;JTI-5099;Sal. Jl. Layur;Kota Adm. Jakarta Timur;Pulo Gadung;990.0;0.8;1.0;Tercatat;Turap Beton & Batu Kali/Saluran Tertutup Sebagian Terbuka;True;True;0.8;
3496;23373;JTI-5109;Sal. Jl. Komplek Perhubungan;Kota Adm. Jakarta Timur;Pulo Gadung;426.0;0.9;1.0;Tercatat;Turap Beton/Saluran Tertutup Sebagian Terbuka;True;True;0.9;
3497;23374;JTI-5110;Sal. Jl. Komplek Perhubungan;Kota Adm. Jakarta Timur;Pulo Gadung;426.0;0.9;1.0;Tercatat;Turap Beton/Saluran Tertutup Sebagian Terbuka;True;True;0.9;
3498;23375;JTI-5111;Sal. Jl. Layur (Fotocopy Shahila);Kota Adm. Jakarta Timur;Pulo Gadung;335.0;0.5;0.6;Tercatat;Turap Batu Kali/Saluran Tertutup Sebagian Terbuka;True;True;0.3;
3499;23376;JTI-5112;Sal. Jl. Layur (Fotocopy Shahila);Kota Adm. Jakarta Timur;Pulo Gadung;335.0;0.5;0.6;Tercatat;Turap Batu Kali/Saluran Tertutup Sebagian Terbuka;True;True;0.3;
3500;23377;JTI-5113;Sal. Jl. Layur (Fotocopy Shahila);Kota Adm. Jakarta Timur;Pulo Gadung;335.0;0.5;0.6;Tercatat;Turap Batu Kali/Saluran Tertutup Sebagian Terbuka;True;True;0.3;
3501;23378;JTI-5114;Sal. Jl. Layur (Fotocopy Shahila);Kota Adm. Jakarta Timur;Pulo Gadung;335.0;0.5;0.6;Tercatat;Turap Batu Kali/Saluran Tertutup Sebagian Terbuka;True;True;0.3;
3502;23379;JTI-5116;Sal. Jl. Layur (Fotocopy Shahila);Kota Adm. Jakarta Timur;Pulo Gadung;335.0;0.5;0.6;Tercatat;Turap Batu Kali/Saluran Tertutup Sebagian Terbuka;True;True;0.3;
3503;23380;JTI-5117;Sal. Jl. Layur (Fotocopy Shahila);Kota Adm. Jakarta Timur;Pulo Gadung;335.0;0.5;0.6;Tercatat;Turap Batu Kali/Saluran Tertutup Sebagian Terbuka;True;True;0.3;
3504;23381;JTI-5118;Sal. Jl. Kakap Raya;Kota Adm. Jakarta Timur;Pulo Gadung;470.0;0.5;0.5;Tercatat;Turap Beton/Saluran Tertutup Sebagian Terbuka;True;True;0.25;
3505;23382;JTI-5119;Sal. Jl. Kakap Raya;Kota Adm. Jakarta Timur;Pulo Gadung;470.0;0.5;0.5;Tercatat;Turap Beton/Saluran Tertutup Sebagian Terbuka;True;True;0.25;
3506;23383;JTI-5120;Sal. Jl. Kakap Raya;Kota Adm. Jakarta Timur;Pulo Gadung;470.0;0.5;0.5;Tercatat;Turap Beton/Saluran Tertutup Sebagian Terbuka;True;True;0.25;
3507;23384;JTI-5122;Sal. Jl. Kakap Raya;Kota Adm. Jakarta Timur;Pulo Gadung;470.0;0.5;0.5;Tercatat;Turap Beton/Saluran Tertutup Sebagian Terbuka;True;True;0.25;
3508;23385;JTI-5124;Sal. Jl. Lodan Raya;Kota Adm. Jakarta Timur;Pulo Gadung;202.0;0.5;0.6;Tercatat;Turap Batu Kali/Saluran Terbuka;True;True;0.3;
3509;23386;JTI-5126;Sal. Jl. Lodan Raya;Kota Adm. Jakarta Timur;Pulo Gadung;202.0;0.5;0.6;Tercatat;Turap Batu Kali/Saluran Terbuka;True;True;0.3;
3510;23387;JTI-5128;Sal. Jl. Kakap II;Kota Adm. Jakarta Timur;Pulo Gadung;158.0;0.4;0.5;Tercatat;Turap Beton/Saluran Tertutup Sebagian Terbuka;True;True;0.2;
3511;23388;JTI-5129;Sal. Jl. Kakap II;Kota Adm. Jakarta Timur;Pulo Gadung;158.0;0.4;0.5;Tercatat;Turap Beton/Saluran Tertutup Sebagian Terbuka;True;True;0.2;
3512;23389;JTI-5131;Sal. Jl. Lodan II;Kota Adm. Jakarta Timur;Pulo Gadung;140.0;0.6;0.5;Tercatat;Turap Beton/Saluran Tertutup Sebagian Terbuka;True;True;0.3;
3513;23390;JTI-5132;Sal. Jl. Lodan II;Kota Adm. Jakarta Timur;Pulo Gadung;140.0;0.6;0.5;Tercatat;Turap Beton/Saluran Tertutup Sebagian Terbuka;True;True;0.3;
3514;23391;JTI-5133;Sal. Jl. Kakap III;Kota Adm. Jakarta Timur;Pulo Gadung;327.0;0.5;0.5;Tercatat;Turap Beton & Turap Batu Kali/Saluran Tertutup Sebagian Terbuka;True;True;0.25;
3515;23392;JTI-5134;Sal. Jl. Kakap III;Kota Adm. Jakarta Timur;Pulo Gadung;327.0;0.5;0.5;Tercatat;Turap Beton & Turap Batu Kali/Saluran Tertutup Sebagian Terbuka;True;True;0.25;
3516;23393;JTI-5138;Sal. Jl. Lodan I;Kota Adm. Jakarta Timur;Pulo Gadung;142.0;0.5;0.4;Tercatat;Turap Beton/Saluran Tertutup Sebagian Terbuka;True;True;0.2;
3517;23394;JTI-5139;Sal. Jl. Lodan I;Kota Adm. Jakarta Timur;Pulo Gadung;142.0;0.5;0.4;Tercatat;Turap Beton/Saluran Tertutup Sebagian Terbuka;True;True;0.2;
3518;23395;JTI-5140;Sal. Jl. Maskoki Raya;Kota Adm. Jakarta Timur;Pulo Gadung;235.0;0.6;0.5;Tercatat;Turap Beton/Saluran Tertutup Sebagian Terbuka;True;True;0.3;
3519;23396;JTI-5141;Sal. Jl. Maskoki Raya;Kota Adm. Jakarta Timur;Pulo Gadung;235.0;0.6;0.5;Tercatat;Turap Beton/Saluran Tertutup Sebagian Terbuka;True;True;0.3;
3520;23397;JTI-5142;Sal. Jl. Maskoki Raya;Kota Adm. Jakarta Timur;Pulo Gadung;235.0;0.6;0.5;Tercatat;Turap Beton/Saluran Tertutup Sebagian Terbuka;True;True;0.3;
3521;23398;JTI-5143;Sal. Jl. Maskoki Raya;Kota Adm. Jakarta Timur;Pulo Gadung;235.0;0.6;0.5;Tercatat;Turap Beton/Saluran Tertutup Sebagian Terbuka;True;True;0.3;
3522;23399;JTI-5145;Sal. Jl. Tongkol;Kota Adm. Jakarta Timur;Pulo Gadung;381.0;1.1;1.2;Tercatat;Turap Batu Kali/Saluran Terbuka;True;True;1.32;
3523;23400;JTI-5146;Sal. Jl. Tongkol;Kota Adm. Jakarta Timur;Pulo Gadung;381.0;1.1;1.2;Tercatat;Turap Batu Kali/Saluran Terbuka;True;True;1.32;
3524;23401;JTI-5148;Sal. Jl. Gurame;Kota Adm. Jakarta Timur;Pulo Gadung;309.0;0.6;0.8;Tercatat;Turap Beton & Turap Batu Kali/Saluran Tertutup Sebagian Terbuka;True;True;0.48;
3525;23402;JTI-5149;Sal. Jl. Gabus;Kota Adm. Jakarta Timur;Pulo Gadung;204.0;0.6;0.7;Tercatat;Turap Beton/Saluran Tertutup Sebagian Terbuka;True;True;0.42;
3526;23403;JTI-5150;Sal. Jl. Gabus;Kota Adm. Jakarta Timur;Pulo Gadung;204.0;0.6;0.7;Tercatat;Turap Beton/Saluran Tertutup Sebagian Terbuka;True;True;0.42;
3527;23404;JTI-5151;Sal. Jl. Nilam Raya;Kota Adm. Jakarta Timur;Pulo Gadung;184.0;1.0;1.6;Tercatat;Turap Beton & Turap Batu Kali/Saluran Tertutup Sebagian Terbuka;True;True;1.6;
3528;23405;JTI-5152;Sal. Jl. Nilam Raya (Arah Pintu Masuk);Kota Adm. Jakarta Timur;Pulo Gadung;98.0;0.5;0.6;Tercatat;Turap Beton/Saluran Tertutup Sebagian Terbuka;True;True;0.3;
3529;23406;JTI-5153;Sal. Jl. Nilam Raya (Arah Pintu Masuk);Kota Adm. Jakarta Timur;Pulo Gadung;98.0;0.5;0.6;Tercatat;Turap Beton/Saluran Tertutup Sebagian Terbuka;True;True;0.3;
3530;23407;JTI-5154;Sal. Jl. Lindung Raya;Kota Adm. Jakarta Timur;Pulo Gadung;160.0;0.5;0.4;Tercatat;Turap Beton/Saluran Tertutup Sebagian Terbuka;True;True;0.2;
3531;23408;JTI-5155;Sal. Jl. Lindung Raya;Kota Adm. Jakarta Timur;Pulo Gadung;160.0;0.5;0.4;Tercatat;Turap Beton/Saluran Tertutup Sebagian Terbuka;True;True;0.2;
3532;23409;JTI-5156;Sal. Jl. Kepiting Raya;Kota Adm. Jakarta Timur;Pulo Gadung;185.0;0.6;0.5;Tercatat;Turap Beton/Saluran Tertutup Sebagian Terbuka;True;True;0.3;
3533;23410;JTI-5158;Sal. Jl. Kepiting Raya;Kota Adm. Jakarta Timur;Pulo Gadung;185.0;0.6;0.5;Tercatat;Turap Beton/Saluran Tertutup Sebagian Terbuka;True;True;0.3;
3534;23411;JTI-5160;Sal. Jl. Mutiara;Kota Adm. Jakarta Timur;Pulo Gadung;200.0;0.8;0.7;Tercatat;Turap Beton/Saluran Tertutup Sebagian Terbuka;True;True;0.56;
3535;23412;JTI-5162;Sal. Jl. Mutiara;Kota Adm. Jakarta Timur;Pulo Gadung;200.0;0.8;0.7;Tercatat;Turap Beton/Saluran Tertutup Sebagian Terbuka;True;True;0.56;
3536;23413;JTI-5164;Sal. Jl. Mutiara;Kota Adm. Jakarta Timur;Pulo Gadung;200.0;0.8;0.7;Tercatat;Turap Beton/Saluran Tertutup Sebagian Terbuka;True;True;0.56;
3537;23414;JTI-5165;Sal. Jl. Mutiara;Kota Adm. Jakarta Timur;Pulo Gadung;200.0;0.8;0.7;Tercatat;Turap Beton/Saluran Tertutup Sebagian Terbuka;True;True;0.56;
3538;23415;JTI-5166;Sal. Jl. Rajungan I;Kota Adm. Jakarta Timur;Pulo Gadung;165.0;0.5;0.4;Tercatat;Turap Beton/Saluran Tertutup Sebagian Terbuka;True;True;0.2;
3539;23416;JTI-5168;Sal. Jl. Rajungan I;Kota Adm. Jakarta Timur;Pulo Gadung;165.0;0.5;0.4;Tercatat;Turap Beton/Saluran Tertutup Sebagian Terbuka;True;True;0.2;
3540;23417;JTI-5169;Sal. Jl. Rajungan I;Kota Adm. Jakarta Timur;Pulo Gadung;165.0;0.5;0.4;Tercatat;Turap Beton/Saluran Tertutup Sebagian Terbuka;True;True;0.2;
3541;23418;JTI-5171;Sal. Jl. Rajungan I;Kota Adm. Jakarta Timur;Pulo Gadung;165.0;0.5;0.4;Tercatat;Turap Beton/Saluran Tertutup Sebagian Terbuka;True;True;0.2;
3542;23419;JTI-5173;Sal. Jl. Taman Nilam;Kota Adm. Jakarta Timur;Pulo Gadung;182.0;0.5;0.6;Tercatat;Turap Batu Kali/Saluran Terbuka;True;True;0.3;
3543;23420;JTI-5174;Sal. Jl. Taman Nilam;Kota Adm. Jakarta Timur;Pulo Gadung;182.0;0.5;0.6;Tercatat;Turap Batu Kali/Saluran Terbuka;True;True;0.3;
3544;23421;JTI-5175;Sal. Jl. Cumi-Cumi Raya;Kota Adm. Jakarta Timur;Pulo Gadung;257.0;0.6;0.6;Tercatat;Turap Beton & Turap Batu Kali/Saluran Tertutup Sebagian Terbuka;True;True;0.36;
3545;23422;JTI-5176;Sal. Jl. Cumi-Cumi Raya;Kota Adm. Jakarta Timur;Pulo Gadung;257.0;0.6;0.6;Tercatat;Turap Beton & Turap Batu Kali/Saluran Tertutup Sebagian Terbuka;True;True;0.36;
3546;23423;JTI-5177;Sal. Jl. Lumba-Lumba Raya;Kota Adm. Jakarta Timur;Pulo Gadung;115.0;0.5;0.5;Tercatat;Turap Beton & Turap Batu Kali/Saluran Tertutup Sebagian Terbuka;True;True;0.25;
3547;23424;JTI-5178;Sal. Jl. Lumba-Lumba Raya;Kota Adm. Jakarta Timur;Pulo Gadung;115.0;0.5;0.5;Tercatat;Turap Beton & Turap Batu Kali/Saluran Tertutup Sebagian Terbuka;True;True;0.25;
3548;23425;JTI-5179;Sal. Jl. Alu-Alu;Kota Adm. Jakarta Timur;Pulo Gadung;717.0;0.6;0.6;Tercatat;Turap Beton & Turap Batu Kali/Saluran Tertutup Sebagian Terbuka;True;True;0.36;
3549;23426;JTI-5180;Sal. Jl. Komplek Keuangan;Kota Adm. Jakarta Timur;Pulo Gadung;207.0;0.5;0.6;Tercatat;Turap Beton/Saluran Tertutup Sebagian Terbuka;True;True;0.3;
3550;23427;JTI-5181;Sal. Jl. Komplek Keuangan;Kota Adm. Jakarta Timur;Pulo Gadung;207.0;0.5;0.6;Tercatat;Turap Beton/Saluran Tertutup Sebagian Terbuka;True;True;0.3;
3551;23428;JTI-5183;Sal. Jl. Sunan Sedayu;Kota Adm. Jakarta Timur;Pulo Gadung;386.0;1.1;1.0;Tercatat;Turap Batu Kali/Saluran Tertutup Sebagian Terbuka;True;True;1.1;
3552;23429;JTI-5184;Sal. Jl. Sunan Sedayu;Kota Adm. Jakarta Timur;Pulo Gadung;386.0;1.1;1.0;Tercatat;Turap Batu Kali/Saluran Tertutup Sebagian Terbuka;True;True;1.1;
3553;23430;JTI-5187;Sal. Jl. Tambira Raya;Kota Adm. Jakarta Timur;Pulo Gadung;233.0;0.5;0.4;Tercatat;Turap Beton/Saluran Tertutup Sebagian Terbuka;True;True;0.2;
3554;23431;JTI-5189;Sal. Jl. Tambira Raya;Kota Adm. Jakarta Timur;Pulo Gadung;233.0;0.5;0.4;Tercatat;Turap Beton/Saluran Tertutup Sebagian Terbuka;True;True;0.2;
3555;23432;JTI-5193;Sal. Jl. Bawal Raya;Kota Adm. Jakarta Timur;Pulo Gadung;183.0;0.7;0.6;Tercatat;Turap Beton/Saluran Tertutup Sebagian Terbuka;True;True;0.42;
3556;23433;JTI-5194;Sal. Jl. Bawal Raya;Kota Adm. Jakarta Timur;Pulo Gadung;183.0;0.7;0.6;Tercatat;Turap Beton/Saluran Tertutup Sebagian Terbuka;True;True;0.42;
3557;23434;JTI-5195;;Kota Adm. Jakarta Timur;Pulo Gadung;;;;Tercatat;Turap Beton/Saluran Tertutup Sebagian Terbuka;True;False;;dimensi_tidak_lengkap
3558;23435;JTI-5196;;Kota Adm. Jakarta Timur;Pulo Gadung;;;;Tercatat;Turap Beton/Saluran Tertutup Sebagian Terbuka;True;False;;dimensi_tidak_lengkap
3559;23436;JTI-5197;Sal. Jl. Bawal I;Kota Adm. Jakarta Timur;Pulo Gadung;184.0;0.7;0.3;Tercatat;Turap Beton/Saluran Tertutup Sebagian Terbuka;True;True;0.21;
3560;23437;JTI-5198;Sal. Jl. Bawal I;Kota Adm. Jakarta Timur;Pulo Gadung;184.0;0.7;0.3;Tercatat;Turap Beton/Saluran Tertutup Sebagian Terbuka;True;True;0.21;
3561;23438;JTI-5199;Sal. Jl. Cakalang III;Kota Adm. Jakarta Timur;Pulo Gadung;282.0;1.4;1.1;Tercatat;Turap Batu Kali/Saluran Tertutup Sebagian Terbuka;True;True;1.54;
3562;23439;JTI-5200;Sal. Jl. Cakalang III;Kota Adm. Jakarta Timur;Pulo Gadung;282.0;1.4;1.1;Tercatat;Turap Batu Kali/Saluran Tertutup Sebagian Terbuka;True;True;1.54;
3563;23440;JTI-5201;Sal. Jl. Cakalang Raya;Kota Adm. Jakarta Timur;Pulo Gadung;204.0;0.6;0.4;Tercatat;Turap Beton/Saluran Tertutup Sebagian Terbuka;True;True;0.24;
3564;23441;JTI-5202;Sal. Jl. Cakalang Raya;Kota Adm. Jakarta Timur;Pulo Gadung;204.0;0.6;0.4;Tercatat;Turap Beton/Saluran Tertutup Sebagian Terbuka;True;True;0.24;
3565;23442;JTI-5233;Sal. Jl. Satria I;Kota Adm. Jakarta Timur;Pulo Gadung;121.0;0.6;0.7;Tercatat;Turap Beton/Saluran Terbuka;True;True;0.42;
3566;23443;JTI-5234;Sal. Jl. Satria I;Kota Adm. Jakarta Timur;Pulo Gadung;121.0;0.6;0.7;Tercatat;Turap Beton/Saluran Terbuka;True;True;0.42;
3567;23444;JTI-5245;Sal. Jl. Sunan Drajat;Kota Adm. Jakarta Timur;Pulo Gadung;386.0;1.0;1.0;Tidak diketahui;Turap Batu Kali/Saluran Terbuka;False;True;1.0;status_belum_tercatat
3568;23445;JTI-5247;Sal. Jl. Nilam V;Kota Adm. Jakarta Timur;Pulo Gadung;62.0;0.6;0.6;Tercatat;Turap Beton/Saluran Tertutup Sebagian Terbuka;True;True;0.36;
3569;23446;JTI-5248;Sal. Jl. Nilam V;Kota Adm. Jakarta Timur;Pulo Gadung;62.0;0.6;0.6;Tercatat;Turap Beton/Saluran Tertutup Sebagian Terbuka;True;True;0.36;
3570;23447;KYP-144;Sal. Jl. Kayu Putih Raya;Kota Adm. Jakarta Timur;Pulo Gadung;400.0;0.5;1.4;Tercatat;Turap Beton/Saluran Terbuka dan Tertutup;True;True;0.7;
3571;23448;KYP-145;Sal. Jl. Bangunan Timur;Kota Adm. Jakarta Timur;Pulo Gadung;647.0;0.8;1.2;Tercatat;Turap Beton/Saluran Terbuka dan Tertutup;True;True;0.96;
3572;23449;KYP-146;Sal. Jl. Bangunan Timur;Kota Adm. Jakarta Timur;Pulo Gadung;647.0;0.8;1.2;Tercatat;Turap Beton/Saluran Terbuka dan Tertutup;True;True;0.96;
3573;23450;KYP-147;Sal. Jl. Bangunan Timur;Kota Adm. Jakarta Timur;Pulo Gadung;647.0;0.8;1.2;Tercatat;Turap Beton/Saluran Terbuka dan Tertutup;True;True;0.96;
3574;23451;KYP-148;Sal. Jl. Pondasi (arahSal. Jl. Bangunan Timur);Kota Adm. Jakarta Timur;Pulo Gadung;315.0;0.5;0.5;Tercatat;Turap Beton/Saluran Tertutup sebagian Terbuka;True;True;0.25;
3575;23452;KYP-149;Sal. Jl. Pondasi (arahSal. Jl. Bangunan Timur);Kota Adm. Jakarta Timur;Pulo Gadung;315.0;0.5;0.5;Tercatat;Turap Beton/Saluran Tertutup sebagian Terbuka;True;True;0.25;
3576;23453;KYP-150;Sal. Jl. Bangunan Barat;Kota Adm. Jakarta Timur;Pulo Gadung;1230.0;0.8;1.0;Tercatat;Turap Beton dan Batu Kali/Saluran Tertutup sebagian Terbuka;True;True;0.8;
3577;23454;KYP-151;Sal. Jl. Langit-langit;Kota Adm. Jakarta Timur;Pulo Gadung;200.0;0.6;1.0;Tercatat;Turap Beton dan Batu Kali/Saluran Tertutup sebagian Terbuka;True;True;0.6;
3578;23455;KYP-152;Sal. Jl. Langit-langit;Kota Adm. Jakarta Timur;Pulo Gadung;200.0;0.6;1.0;Tercatat;Turap Beton dan Batu Kali/Saluran Tertutup sebagian Terbuka;True;True;0.6;
3579;23456;KYP-153;Sal. Jl. Kikir;Kota Adm. Jakarta Timur;Pulo Gadung;594.0;0.6;0.6;Tercatat;Uditch/Saluran Tertutup;True;True;0.36;
3580;23457;KYP-154;Sal. Jl. Kikir;Kota Adm. Jakarta Timur;Pulo Gadung;594.0;0.6;0.6;Tercatat;Uditch/Saluran Tertutup;True;True;0.36;
3581;23458;KYP-155;Sal. Jl. Kikir;Kota Adm. Jakarta Timur;Pulo Gadung;594.0;0.6;0.6;Tercatat;Uditch/Saluran Tertutup;True;True;0.36;
3582;23459;KYP-156;Sal. Jl. Kikir;Kota Adm. Jakarta Timur;Pulo Gadung;594.0;0.6;0.6;Tercatat;Uditch/Saluran Tertutup;True;True;0.36;
3583;23460;KYP-157;Sal. Jl. H Ten;Kota Adm. Jakarta Timur;Pulo Gadung;614.0;0.8;0.8;Tercatat;Turap Beton & Batu Kali/Saluran Tertutup Sebagian;True;True;0.64;
3586;23463;KYP-160;Sal. Jl. H Ten;Kota Adm. Jakarta Timur;Pulo Gadung;614.0;0.8;0.8;Tercatat;Turap Beton & Batu Kali/Saluran Tertutup Sebagian;True;True;0.64;
3587;23464;KYP-161;Sal. Jl. Temu Giring;Kota Adm. Jakarta Timur;Pulo Gadung;227.0;0.6;0.6;Tercatat;Turap Beton/Saluran Terbuka dan Tertutup;True;True;0.36;
3588;23465;KYP-162;Sal. Jl. Temu Giring;Kota Adm. Jakarta Timur;Pulo Gadung;227.0;0.6;0.6;Tercatat;Turap Beton/Saluran Terbuka dan Tertutup;True;True;0.36;
3589;23466;KYP-163;Sal. Jl. Bangunan Barat;Kota Adm. Jakarta Timur;Pulo Gadung;1230.0;0.8;1.0;Tercatat;Turap Beton dan Batu Kali/Saluran Tertutup sebagian Terbuka;True;True;0.8;
3590;23467;KYP-164;Sal. Jl. Metro Jaya 1;Kota Adm. Jakarta Timur;Pulo Gadung;246.0;0.7;0.6;Tercatat;Turap Beton/Saluran Terbuka dan Tertutup;True;True;0.42;
3591;23468;KYP-165;Sal. Jl. Metro Jaya 1;Kota Adm. Jakarta Timur;Pulo Gadung;246.0;0.7;0.6;Tercatat;Turap Beton/Saluran Terbuka dan Tertutup;True;True;0.42;
3592;23469;KYP-166;Sal. Jl. Metro Jaya (sisi selatan);Kota Adm. Jakarta Timur;Pulo Gadung;290.0;1.0;0.5;Tercatat;Turap Beton/Saluran Terbuka dan Tertutup;True;True;0.5;
3593;23470;KYP-167;Sal. Jl. Metro Jaya (sisi utara);Kota Adm. Jakarta Timur;Pulo Gadung;272.0;0.7;0.4;Tercatat;Turap Beton/Saluran Terbuka dan Tertutup;True;True;0.28;
3594;23471;KYP-168;Sal. Jl. Waringinn Raya (sisi selatan);Kota Adm. Jakarta Timur;Pulo Gadung;324.0;1.0;0.7;Tercatat;Turap Beton/Saluran Terbuka dan Tertutup;True;True;0.7;
3595;23472;KYP-169;Sal. Jl. Waringin Raya (sisi selatan);Kota Adm. Jakarta Timur;Pulo Gadung;330.0;0.7;0.7;Tercatat;Turap Beton/Saluran Terbuka dan Tertutup;True;True;0.49;
3596;23473;KYP-170;Sal. Jl. Pondasi (arahSal. Jl. Beton);Kota Adm. Jakarta Timur;Pulo Gadung;368.0;0.8;1.2;Tercatat;Turap Beton/Saluran Tertutup sebagian Terbuka;True;True;0.96;
3597;23474;KYP-171;Sal. Jl. Pondasi (arahSal. Jl. Beton);Kota Adm. Jakarta Timur;Pulo Gadung;368.0;0.8;1.2;Tercatat;Turap Beton/Saluran Tertutup sebagian Terbuka;True;True;0.96;
3598;23475;KYP-172;Sal. Jl. Beton (sisi barat);Kota Adm. Jakarta Timur;Pulo Gadung;240.0;1.4;1.3;Tercatat;Turap Batu Kali/Saluran Terbuka sebagian Tertutup;True;True;1.82;
3599;23476;KYP-173;Sal. Jl. Beton (sisi timur);Kota Adm. Jakarta Timur;Pulo Gadung;240.0;0.6;0.8;Tercatat;Turap Beton & Batu Kali/Saluran Terbuka sebagian Tertutup;True;True;0.48;
3600;23477;KYP-174;Sal. Jl. Pondasi Ujung;Kota Adm. Jakarta Timur;Pulo Gadung;244.0;0.6;0.6;Tercatat;Turap Beton/Saluran Tertutup Sebagian Terbuka;True;True;0.36;
3601;23478;KYP-175;Sal. Jl. Pondasi Ujung;Kota Adm. Jakarta Timur;Pulo Gadung;244.0;0.6;0.6;Tercatat;Turap Beton/Saluran Tertutup Sebagian Terbuka;True;True;0.36;
3602;23479;KYP-176;Sal. Jl. Batu Sulaiman;Kota Adm. Jakarta Timur;Pulo Gadung;403.0;0.6;0.5;Tercatat;Turap Beton/Saluran Tertutup Sebagian Terbuka;True;True;0.3;
3603;23480;KYP-177;Sal. Jl. Batu Sulaiman;Kota Adm. Jakarta Timur;Pulo Gadung;403.0;0.6;0.5;Tercatat;Turap Beton/Saluran Tertutup Sebagian Terbuka;True;True;0.3;
3604;23481;KYP-178;Sal. Jl. Batu Topas;Kota Adm. Jakarta Timur;Pulo Gadung;276.0;0.7;0.6;Tercatat;Turap Beton/Saluran Tertutup Sebagian Terbuka;True;True;0.42;
3605;23482;KYP-179;Sal. Jl. Batu Topas;Kota Adm. Jakarta Timur;Pulo Gadung;276.0;0.7;0.6;Tercatat;Turap Beton/Saluran Tertutup Sebagian Terbuka;True;True;0.42;
3606;23483;KYP-180;Sal. Jl. Batu Mutiara II;Kota Adm. Jakarta Timur;Pulo Gadung;192.0;0.6;0.4;Tercatat;Turap Beton/Saluran Tertutup;True;True;0.24;
3607;23484;KYP-181;Sal. Jl. Batu Mutiara II;Kota Adm. Jakarta Timur;Pulo Gadung;192.0;0.6;0.4;Tercatat;Turap Beton/Saluran Tertutup;True;True;0.24;
3608;23485;KYP-182;Sal. Jl. Tembok;Kota Adm. Jakarta Timur;Pulo Gadung;552.0;0.6;0.4;Tercatat;Turap Beton/Saluran Terbuka dan Tertutup;True;True;0.24;
3609;23486;KYP-183;Sal. Jl. Tembok;Kota Adm. Jakarta Timur;Pulo Gadung;552.0;0.6;0.4;Tercatat;Turap Beton/Saluran Terbuka dan Tertutup;True;True;0.24;
3610;23487;KYP-184;Sal. Jl. Tembok;Kota Adm. Jakarta Timur;Pulo Gadung;552.0;0.6;0.4;Tercatat;Turap Beton/Saluran Terbuka dan Tertutup;True;True;0.24;
3611;23488;KYP-185;Sal. Jl. Tembok;Kota Adm. Jakarta Timur;Pulo Gadung;552.0;0.6;0.4;Tercatat;Turap Beton/Saluran Terbuka dan Tertutup;True;True;0.24;
3612;23489;KYP-186;Sal. Jl. Angkur;Kota Adm. Jakarta Timur;Pulo Gadung;598.0;0.6;0.6;Tercatat;Uditch/Saluran Tertutup;True;True;0.36;
3613;23490;KYP-187;Sal. Jl. Angkur;Kota Adm. Jakarta Timur;Pulo Gadung;598.0;0.6;0.6;Tercatat;Uditch/Saluran Tertutup;True;True;0.36;
3614;23491;KYP-188;Sal. Jl. Angkur;Kota Adm. Jakarta Timur;Pulo Gadung;598.0;0.6;0.6;Tercatat;Uditch/Saluran Tertutup;True;True;0.36;
3615;23492;KYP-189;Sal. Jl. Angkur;Kota Adm. Jakarta Timur;Pulo Gadung;598.0;0.6;0.6;Tercatat;Uditch/Saluran Tertutup;True;True;0.36;
3616;23493;KYP-190;Sal. Jl. Plafon (sisi barat);Kota Adm. Jakarta Timur;Pulo Gadung;205.0;0.6;0.8;Tercatat;Turap Beton/Saluran Terbuka dan Tertutup;True;True;0.48;
3617;23494;KYP-191;Sal. Jl. Plafon (sisi timur);Kota Adm. Jakarta Timur;Pulo Gadung;205.0;1.4;1.4;Tercatat;Turap Batu Kali/Saluran Terbuka sebagian Tertutup;True;True;1.96;
3618;23495;KYP-192;Sal. Jl. Porselen;Kota Adm. Jakarta Timur;Pulo Gadung;248.0;0.6;0.6;Tercatat;Turap Beton/Saluran Terbuka dan Tertutup;True;True;0.36;
3619;23496;KYP-193;Sal. Jl. Porselen;Kota Adm. Jakarta Timur;Pulo Gadung;248.0;0.6;0.6;Tercatat;Turap Beton/Saluran Terbuka dan Tertutup;True;True;0.36;
3620;23497;KYP-194;Sal. Jl. Sirap;Kota Adm. Jakarta Timur;Pulo Gadung;230.0;1.1;1.4;Tercatat;Turap Beton/Saluran Terbuka dan Tertutup;True;True;1.54;
3621;23498;KYP-195;Sal. Jl. Sirap;Kota Adm. Jakarta Timur;Pulo Gadung;230.0;1.1;1.4;Tercatat;Turap Beton/Saluran Terbuka dan Tertutup;True;True;1.54;
3622;23499;KYP-196;Sal. Jl. Kunci;Kota Adm. Jakarta Timur;Pulo Gadung;258.0;0.6;0.6;Tercatat;Uditch/Saluran Tertutup;True;True;0.36;
3623;23500;KYP-197;Sal. Jl. Kunci;Kota Adm. Jakarta Timur;Pulo Gadung;258.0;0.6;0.6;Tercatat;Uditch/Saluran Tertutup;True;True;0.36;
3624;23501;KYP-198;Sal. Jl. Tener;Kota Adm. Jakarta Timur;Pulo Gadung;259.0;0.5;0.4;Tercatat;Turap Beton/Saluran Tertutup Sebagian Terbuka;True;True;0.2;
3625;23502;KYP-199;Sal. Jl. Tener;Kota Adm. Jakarta Timur;Pulo Gadung;259.0;0.5;0.4;Tercatat;Turap Beton/Saluran Tertutup Sebagian Terbuka;True;True;0.2;
3626;23503;KYP-200;Sal. Jl. Batu Panca Warna;Kota Adm. Jakarta Timur;Pulo Gadung;170.0;0.9;1.5;Tercatat;Turap Beton/Saluran Tertutup;True;True;1.35;
3627;23504;KYP-201;Sal. Jl. Batu Panca Warna;Kota Adm. Jakarta Timur;Pulo Gadung;170.0;0.9;1.5;Tercatat;Turap Beton/Saluran Tertutup;True;True;1.35;
3628;23505;KYP-202;Sal. Jl. Pulomas Jaya;Kota Adm. Jakarta Timur;Pulo Gadung;515.0;0.8;0.8;Tercatat;Turap Beton/Saluran Tertutup;True;True;0.64;
3629;23506;KYP-203;Sal. Jl. Pulomas Jaya;Kota Adm. Jakarta Timur;Pulo Gadung;515.0;0.8;0.8;Tercatat;Turap Beton/Saluran Tertutup;True;True;0.64;
3630;23507;KYP-204;Sal. Jl. Pulomas Barat;Kota Adm. Jakarta Timur;Pulo Gadung;537.0;0.4;0.4;Tercatat;Turap Beton/Saluran Tertutup sebagian Terbuka;True;True;0.16;
3631;23508;KYP-205;Sal. Jl. Panca Wardi;Kota Adm. Jakarta Timur;Pulo Gadung;382.0;0.8;0.8;Tercatat;Turap Beton/Saluran Tertutup Sebagian Terbuka;True;True;0.64;
3632;23509;KYP-206;Sal. Jl. Panca Wardi;Kota Adm. Jakarta Timur;Pulo Gadung;382.0;0.8;0.8;Tercatat;Turap Beton/Saluran Tertutup Sebagian Terbuka;True;True;0.64;
3633;23510;KYP-207;Sal. Jl. Pulomas Barat VII;Kota Adm. Jakarta Timur;Pulo Gadung;192.0;1.3;1.2;Tercatat;Turap Batu Kali/Saluran Terbuka;True;True;1.56;
3634;23511;KYP-208;Sal. Jl. Pulomas Barat VII;Kota Adm. Jakarta Timur;Pulo Gadung;192.0;1.3;1.2;Tercatat;Turap Batu Kali/Saluran Terbuka;True;True;1.56;
3635;23512;KYP-209;Sal. Jl. Pulomas Barat VI;Kota Adm. Jakarta Timur;Pulo Gadung;348.0;0.6;0.6;Tercatat;Turap Beton/Saluran Terbuka;True;True;0.36;
3636;23513;KYP-210;Sal. Jl. Pulomas Barat VI;Kota Adm. Jakarta Timur;Pulo Gadung;348.0;0.6;0.6;Tercatat;Turap Beton/Saluran Terbuka;True;True;0.36;
3637;23514;KYP-211;Sal. Jl. Pulomas Barat;Kota Adm. Jakarta Timur;Pulo Gadung;596.0;0.7;1.0;Tercatat;Turap Beton/Saluran Terbuka;True;True;0.7;
3638;23515;KYP-212;Sal. Jl. Pulomas Barat;Kota Adm. Jakarta Timur;Pulo Gadung;596.0;0.7;1.0;Tercatat;Turap Beton/Saluran Terbuka;True;True;0.7;
3639;23516;KYP-213;Sal. Jl. Pulomas Utara (Seberang UPK);Kota Adm. Jakarta Timur;Pulo Gadung;823.0;0.4;0.6;Tercatat;Turap Batu Kali/Saluran Terbuka sebagian Tertutup;True;True;0.24;
3640;23517;KYP-214;Sal. Jl. Pulomas Utara (Seberang UPK);Kota Adm. Jakarta Timur;Pulo Gadung;823.0;0.4;0.6;Tercatat;Turap Batu Kali/Saluran Terbuka sebagian Tertutup;True;True;0.24;
3641;23518;KYP-215;Sal. Jl. Pulomas Utara (Seberang UPK);Kota Adm. Jakarta Timur;Pulo Gadung;823.0;0.4;0.6;Tercatat;Turap Batu Kali/Saluran Terbuka sebagian Tertutup;True;True;0.24;
3642;23519;KYP-216;Sal. Jl. Pulomas Utara;Kota Adm. Jakarta Timur;Pulo Gadung;265.0;0.6;0.7;Tercatat;Turap Beton/Saluran Terbuka;True;True;0.42;
3643;23520;KYP-217;Sal. Jl. Pulomas Utara;Kota Adm. Jakarta Timur;Pulo Gadung;265.0;0.6;0.7;Tercatat;Turap Beton/Saluran Terbuka;True;True;0.42;
3644;23521;KYP-218;Sal. Jl. Pulomas Utara II;Kota Adm. Jakarta Timur;Pulo Gadung;238.0;0.6;0.6;Tercatat;Turap Beton/Saluran Terbuka;True;True;0.36;
3645;23522;KYP-219;Sal. Jl. Pulomas Utara II;Kota Adm. Jakarta Timur;Pulo Gadung;238.0;0.6;0.6;Tercatat;Turap Beton/Saluran Terbuka;True;True;0.36;
3646;23523;KYP-220;Sal. Jl. Pulomas Timur K;Kota Adm. Jakarta Timur;Pulo Gadung;328.0;0.6;0.6;Tercatat;Turap Beton/Saluran Terbuka;True;True;0.36;
3647;23524;KYP-221;Sal. Jl. Pulomas Timur K;Kota Adm. Jakarta Timur;Pulo Gadung;328.0;0.6;0.6;Tercatat;Turap Beton/Saluran Terbuka;True;True;0.36;
3648;23525;KYP-222;Sal. Jl. Pulomas Utara III;Kota Adm. Jakarta Timur;Pulo Gadung;258.0;0.6;0.6;Tercatat;Turap Beton/Saluran Terbuka;True;True;0.36;
3649;23526;KYP-223;Sal. Jl. Pulomas Utara III;Kota Adm. Jakarta Timur;Pulo Gadung;258.0;0.6;0.6;Tercatat;Turap Beton/Saluran Terbuka;True;True;0.36;
3650;23527;KYP-224;Sal. Jl. Pulomas Timur (Rs. Kartika);Kota Adm. Jakarta Timur;Pulo Gadung;500.0;0.8;1.0;Tercatat;Turap Beton/Saluran Tertutup sebagian Terbuka;True;True;0.8;
3651;23528;KYP-225;Sal. Jl. Pulomas Timur (Rs. Kartika);Kota Adm. Jakarta Timur;Pulo Gadung;500.0;0.8;1.0;Tercatat;Turap Beton/Saluran Tertutup sebagian Terbuka;True;True;0.8;
3652;23529;KYP-226;Sal. Jl. Pulomas Raya (sisi utara);Kota Adm. Jakarta Timur;Pulo Gadung;746.0;0.7;1.0;Tercatat;Turap Beton/Saluran Terbuka;True;True;0.7;
3653;23530;KYP-227;Sal. Jl. Pulomas Raya (sisi utara);Kota Adm. Jakarta Timur;Pulo Gadung;746.0;0.7;1.0;Tercatat;Turap Beton/Saluran Terbuka;True;True;0.7;
3654;23531;KYP-228;Sal. Jl. Pulomas I;Kota Adm. Jakarta Timur;Pulo Gadung;251.0;0.5;1.0;Tercatat;Turap Beton/Saluran Terbuka;True;True;0.5;
3655;23532;KYP-229;Sal. Jl. Pulomas I;Kota Adm. Jakarta Timur;Pulo Gadung;251.0;0.5;1.0;Tercatat;Turap Beton/Saluran Terbuka;True;True;0.5;
3656;23533;KYP-230;Sal. Jl. Pulomas II;Kota Adm. Jakarta Timur;Pulo Gadung;232.0;0.5;1.0;Tercatat;Turap Beton/Saluran Terbuka;True;True;0.5;
3657;23534;KYP-231;Sal. Jl. Pulomas II;Kota Adm. Jakarta Timur;Pulo Gadung;232.0;0.5;1.0;Tercatat;Turap Beton/Saluran Terbuka;True;True;0.5;
3658;23535;KYP-232;Sal. Jl. Pulomas III;Kota Adm. Jakarta Timur;Pulo Gadung;227.0;0.7;1.0;Tercatat;Turap Beton/Saluran Terbuka;True;True;0.7;
3659;23536;KYP-233;Sal. Jl. Pulomas III;Kota Adm. Jakarta Timur;Pulo Gadung;227.0;0.7;1.0;Tercatat;Turap Beton/Saluran Terbuka;True;True;0.7;
3660;23537;KYP-234;Sal. Jl. Pulomas Utara (Seberang Taman);Kota Adm. Jakarta Timur;Pulo Gadung;238.0;0.6;0.7;Tercatat;Turap Beton/Saluran Terbuka;True;True;0.42;
3661;23538;KYP-235;;Kota Adm. Jakarta Timur;Pulo Gadung;;;;Tidak diketahui;Tidak diketahui;False;False;;dimensi_tidak_lengkap, status_belum_tercatat
3662;23539;KYP-236;Sal. Jl. Pulomas Selatan (Depan Pt. Bintang 7);Kota Adm. Jakarta Timur;Pulo Gadung;590.0;1.0;1.0;Tercatat;Turap Beton/Saluran Tertutup;True;True;1.0;
3663;23540;KYP-237;Sal. Jl. Perintis Kemerdekaan (Kayu Putih);Kota Adm. Jakarta Timur;Pulo Gadung;1705.0;1.2;1.2;Tercatat;Turap Beton/Saluran Tertutup;True;True;1.44;
3664;23541;KYP-238;Sal. Jl. Kayu Putih Raya (LRT);Kota Adm. Jakarta Timur;Pulo Gadung;245.0;0.8;1.0;Tercatat;Turap Beton/Saluran Terbuka;True;True;0.8;
3665;23542;KYP-239;Sal. Jl. Pulomas Timur (depan ASMI);Kota Adm. Jakarta Timur;Pulo Gadung;265.0;0.8;1.0;Tercatat;Turap Beton/Saluran Tertutup;True;True;0.8;
3666;23543;KYP-240;Sal. Jl. Kayu Putih Raya (LRT);Kota Adm. Jakarta Timur;Pulo Gadung;245.0;0.8;1.0;Tercatat;Turap Beton/Saluran Terbuka;True;True;0.8;
3667;23544;KYP-241;Sal. Jl. Tanah Mas (sisi barat);Kota Adm. Jakarta Timur;Pulo Gadung;467.0;0.7;0.9;Tercatat;Turap Beton/Saluran Terbuka dan Tertutup;True;True;0.63;
3668;23545;KYP-242;Sal. Jl. Tanah Mas (sisi timur);Kota Adm. Jakarta Timur;Pulo Gadung;467.0;0.5;0.4;Tercatat;Turap Beton/Saluran Terbuka dan Tertutup;True;True;0.2;
3669;23546;KYP-243;Sal. Jl. Tanah Mas (sisi timur);Kota Adm. Jakarta Timur;Pulo Gadung;467.0;0.5;0.4;Tercatat;Turap Beton/Saluran Terbuka dan Tertutup;True;True;0.2;
3670;23547;KYP-244;Sal. Jl. Tanah Mas (sisi barat);Kota Adm. Jakarta Timur;Pulo Gadung;467.0;0.7;0.9;Tercatat;Turap Beton/Saluran Terbuka dan Tertutup;True;True;0.63;
3671;23548;KYP-245;Sal. Jl. Pulomas Barat VI;Kota Adm. Jakarta Timur;Pulo Gadung;348.0;0.6;0.6;Tercatat;Turap Beton/Saluran Tertutup sebagian Terbuka;True;True;0.36;
3672;23549;KYP-246;Sal. Jl. Pulomas Barat VI;Kota Adm. Jakarta Timur;Pulo Gadung;348.0;0.6;0.6;Tercatat;Turap Beton/Saluran Tertutup sebagian Terbuka;True;True;0.36;
3856;23733;PGD-4451;Sal. Jl. Pulo Nangka Timur;Kota Adm. Jakarta Timur;Pulo Gadung;670.0;0.5;0.5;Tercatat;Turap Beton & Batu Kali/Saluran Terbuka Sebagian Tertutup;True;True;0.25;
3857;23734;PGD-4452;Sal. Jl. Kayu Putih Raya;Kota Adm. Jakarta Timur;Pulo Gadung;246.0;1.0;1.2;Tercatat;Turap Beton & Batu Kali/Saluran Tertutup;True;True;1.2;
3858;23735;PGD-4453;Sal. Jl. Pulo Nangka Timur I;Kota Adm. Jakarta Timur;Pulo Gadung;135.0;0.4;1.0;Tidak diketahui;Turap Beton & Batu Kali/Saluran Terbuka Sebagian Tertutup;False;True;0.4;status_belum_tercatat
3859;23736;PGD-4454;Sal. Jl. Pulo Nangka Timur II;Kota Adm. Jakarta Timur;Pulo Gadung;78.0;0.4;0.8;Tidak diketahui;Turap Beton & Batu Kali/Saluran Terbuka Sebagian Tertutup;False;True;0.32;status_belum_tercatat
3860;23737;PGD-4455;Sal. Jl. Kayu Putih Raya (Tirtamas);Kota Adm. Jakarta Timur;Pulo Gadung;536.0;0.5;0.6;Tercatat;Turap Beton/Saluran Terbuka;True;True;0.3;
3861;23738;PGD-4456;Sal. Jl. Kayu Putih Raya (depan GKI);Kota Adm. Jakarta Timur;Pulo Gadung;554.0;0.6;1.0;Tercatat;Turap Beton & Batu Kali/Saluran Tertutup;True;True;0.6;
3862;23739;PGD-4457;Sal. Jl. Kayu Putih Utara;Kota Adm. Jakarta Timur;Pulo Gadung;331.0;0.5;0.6;Tercatat;Turap Beton & Batu Kali/Saluran Terbuka Sebagian Tertutup;True;True;0.3;
3863;23740;PGD-4458;Sal. Jl. Kayu Putih Utara;Kota Adm. Jakarta Timur;Pulo Gadung;331.0;0.5;0.6;Tercatat;Turap Beton & Batu Kali/Saluran Terbuka Sebagian Tertutup;True;True;0.3;
3864;23741;PGD-4459;Sal. Jl. Kayu Putih Utara;Kota Adm. Jakarta Timur;Pulo Gadung;331.0;0.5;0.6;Tercatat;Turap Beton & Batu Kali/Saluran Terbuka Sebagian Tertutup;True;True;0.3;
3865;23742;PGD-4460;Sal. Jl. Kayu Putih Timur (Sisi Utara);Kota Adm. Jakarta Timur;Pulo Gadung;378.0;0.6;0.8;Tercatat;Turap Beton & Batu Kali/Saluran Terbuka Sebagian Tertutup;True;True;0.48;
3866;23743;PGD-4461;Sal. Jl. Kayu Putih tengah;Kota Adm. Jakarta Timur;Pulo Gadung;764.0;0.4;0.8;Tercatat;Turap Beton & Batu Kali/Saluran Terbuka Sebagian Tertutup;True;True;0.32;
3867;23744;PGD-4462;Sal. Jl. Kayu Putih tengah;Kota Adm. Jakarta Timur;Pulo Gadung;764.0;0.4;0.8;Tercatat;Turap Beton & Batu Kali/Saluran Terbuka Sebagian Tertutup;True;True;0.32;
3868;23745;PGD-4463;Sal. Jl. Kayu Putih tengah;Kota Adm. Jakarta Timur;Pulo Gadung;764.0;0.4;0.8;Tercatat;Turap Beton & Batu Kali/Saluran Terbuka Sebagian Tertutup;True;True;0.32;
3869;23746;PGD-4464;Sal. Jl. Kayu Putih tengah;Kota Adm. Jakarta Timur;Pulo Gadung;764.0;0.4;0.8;Tercatat;Turap Beton & Batu Kali/Saluran Terbuka Sebagian Tertutup;True;True;0.32;
3870;23747;PGD-4465;Sal. Jl. Kayu Putih tengah;Kota Adm. Jakarta Timur;Pulo Gadung;764.0;0.4;0.8;Tercatat;Turap Beton & Batu Kali/Saluran Terbuka Sebagian Tertutup;True;True;0.32;
3871;23748;PGD-4466;Sal. Jl. Kayu Putih tengah;Kota Adm. Jakarta Timur;Pulo Gadung;764.0;0.4;0.8;Tercatat;Turap Beton & Batu Kali/Saluran Terbuka Sebagian Tertutup;True;True;0.32;
3872;23749;PGD-4467;Sal. Jl. Kayu Putih tengah;Kota Adm. Jakarta Timur;Pulo Gadung;764.0;0.4;0.8;Tercatat;Turap Beton & Batu Kali/Saluran Terbuka Sebagian Tertutup;True;True;0.32;
3873;23750;PGD-4468;Sal. Jl. Kayu Putih tengah;Kota Adm. Jakarta Timur;Pulo Gadung;764.0;0.4;0.8;Tercatat;Turap Beton & Batu Kali/Saluran Terbuka Sebagian Tertutup;True;True;0.32;
3874;23751;PGD-4469;Sal. Jl. Kayu Putih tengah;Kota Adm. Jakarta Timur;Pulo Gadung;764.0;0.4;0.8;Tercatat;Turap Beton & Batu Kali/Saluran Terbuka Sebagian Tertutup;True;True;0.32;
3875;23752;PGD-4470;Sal. Jl. Kayu Putih Tengah I;Kota Adm. Jakarta Timur;Pulo Gadung;187.0;0.4;0.4;Tercatat;Turap Beton & Batu Kali/Saluran Terbuka Sebagian Tertutup;True;True;0.16;
3876;23753;PGD-4471;Sal. Jl. Kayu Putih Tengah I;Kota Adm. Jakarta Timur;Pulo Gadung;187.0;0.4;0.4;Tercatat;Turap Beton & Batu Kali/Saluran Terbuka Sebagian Tertutup;True;True;0.16;
3877;23754;PGD-4472;Sal. Jl. Kayu Putih Tengah II;Kota Adm. Jakarta Timur;Pulo Gadung;189.0;0.5;0.5;Tercatat;Turap Beton & Batu Kali/Saluran Terbuka Sebagian Tertutup;True;True;0.25;
3878;23755;PGD-4473;Sal. Jl. Kayu Putih Tengah II;Kota Adm. Jakarta Timur;Pulo Gadung;189.0;0.5;0.5;Tercatat;Turap Beton & Batu Kali/Saluran Terbuka Sebagian Tertutup;True;True;0.25;
3879;23756;PGD-4474;Sal. Jl. Kayu Putih I;Kota Adm. Jakarta Timur;Pulo Gadung;203.0;0.5;0.6;Tercatat;Turap Beton & Batu Kali/Saluran Terbuka Sebagian Tertutup;True;True;0.3;
3880;23757;PGD-4475;Sal. Jl. Kayu Putih I;Kota Adm. Jakarta Timur;Pulo Gadung;203.0;0.5;0.6;Tercatat;Turap Beton & Batu Kali/Saluran Terbuka Sebagian Tertutup;True;True;0.3;
3881;23758;PGD-4476;Sal. Jl. Kayu Putih II (Sisi Utara);Kota Adm. Jakarta Timur;Pulo Gadung;213.0;0.6;0.5;Tercatat;Turap Beton & Batu Kali/Saluran Terbuka Sebagian Tertutup;True;True;0.3;
3882;23759;PGD-4477;Sal. Jl. Kayu Putih II (Sisi Utara);Kota Adm. Jakarta Timur;Pulo Gadung;213.0;0.6;0.5;Tercatat;Turap Beton & Batu Kali/Saluran Terbuka Sebagian Tertutup;True;True;0.3;
3883;23760;PGD-4478;Sal. Jl. Kayu Putih II (Sisi Selatan);Kota Adm. Jakarta Timur;Pulo Gadung;317.0;0.4;0.4;Tercatat;Turap Beton & Batu Kali/Saluran Terbuka Sebagian Tertutup;True;True;0.16;
3884;23761;PGD-4479;Sal. Jl. Kayu Putih II (Sisi Utara);Kota Adm. Jakarta Timur;Pulo Gadung;213.0;0.6;0.5;Tercatat;Turap Beton & Batu Kali/Saluran Terbuka Sebagian Tertutup;True;True;0.3;
3885;23762;PGD-4480;Sal. Jl. Kayu Putih II (Sisi Utara);Kota Adm. Jakarta Timur;Pulo Gadung;213.0;0.6;0.5;Tercatat;Turap Beton & Batu Kali/Saluran Terbuka Sebagian Tertutup;True;True;0.3;
3886;23763;PGD-4481;Sal. Jl. Kayu Putih Utara VI;Kota Adm. Jakarta Timur;Pulo Gadung;224.0;0.6;0.6;Tercatat;Turap Beton & Batu Kali/Saluran Terbuka Sebagian Tertutup;True;True;0.36;
3887;23764;PGD-4482;Sal. Jl. Kayu Putih Utara VI;Kota Adm. Jakarta Timur;Pulo Gadung;224.0;0.6;0.6;Tercatat;Turap Beton & Batu Kali/Saluran Terbuka Sebagian Tertutup;True;True;0.36;
3888;23765;PGD-4483;Sal. Jl. Kayu Putih Utara V;Kota Adm. Jakarta Timur;Pulo Gadung;110.0;0.6;0.6;Tercatat;Turap Beton & Batu Kali/Saluran Terbuka Sebagian Tertutup;True;True;0.36;
3889;23766;PGD-4484;Sal. Jl. Kayu Putih Utara V;Kota Adm. Jakarta Timur;Pulo Gadung;110.0;0.6;0.6;Tercatat;Turap Beton & Batu Kali/Saluran Terbuka Sebagian Tertutup;True;True;0.36;
3890;23767;PGD-4485;Sal. Jl. Kayu Putih Utara III (Sisi Timur);Kota Adm. Jakarta Timur;Pulo Gadung;249.0;0.8;1.0;Tercatat;Turap Beton & Batu Kali/Saluran Terbuka Sebagian Tertutup;True;True;0.8;
3891;23768;PGD-4486;Sal. Jl. Kayu Putih Utara III (Sisi Barat);Kota Adm. Jakarta Timur;Pulo Gadung;181.0;0.5;0.6;Tercatat;Turap Beton & Batu Kali/Saluran Terbuka Sebagian Tertutup;True;True;0.3;
3892;23769;PGD-4487;Sal. Jl. Kayu Putih Utara II (Sisi Barat);Kota Adm. Jakarta Timur;Pulo Gadung;189.0;0.4;0.7;Tercatat;Turap Beton & Batu Kali/Saluran Terbuka Sebagian Tertutup;True;True;0.28;
3893;23770;PGD-4488;Sal. Jl. Kayu Putih Utara II (Sisi Timur);Kota Adm. Jakarta Timur;Pulo Gadung;194.0;0.8;0.8;Tercatat;Uditch/Saluran Tertutup;True;True;0.64;
3894;23771;PGD-4489;Sal. Jl. Kayu Putih Utara I;Kota Adm. Jakarta Timur;Pulo Gadung;225.0;0.4;0.8;Tercatat;Turap Beton & Batu Kali/Saluran Terbuka Sebagian Tertutup;True;True;0.32;
3895;23772;PGD-4490;Sal. Jl. Kayu Putih Utara I;Kota Adm. Jakarta Timur;Pulo Gadung;225.0;0.4;0.8;Tercatat;Turap Beton & Batu Kali/Saluran Terbuka Sebagian Tertutup;True;True;0.32;
3896;23773;PGD-4491;Sal. Jl. Kayu Putih Utara I;Kota Adm. Jakarta Timur;Pulo Gadung;225.0;0.4;0.8;Tercatat;Turap Beton & Batu Kali/Saluran Terbuka Sebagian Tertutup;True;True;0.32;
3897;23774;PGD-4492;Sal. Jl. Kayu Putih Utara I;Kota Adm. Jakarta Timur;Pulo Gadung;225.0;0.4;0.8;Tercatat;Turap Beton & Batu Kali/Saluran Terbuka Sebagian Tertutup;True;True;0.32;
3898;23775;PGD-4493;Sal. Jl. Kayu Putih tengah IV;Kota Adm. Jakarta Timur;Pulo Gadung;152.0;0.6;0.6;Tercatat;Turap Beton & Batu Kali/Saluran Terbuka Sebagian Tertutup;True;True;0.36;
3899;23776;PGD-4494;Sal. Jl. Kayu Putih tengah IV;Kota Adm. Jakarta Timur;Pulo Gadung;152.0;0.6;0.6;Tercatat;Turap Beton & Batu Kali/Saluran Terbuka Sebagian Tertutup;True;True;0.36;
3900;23777;PGD-4495;Sal. Jl. Kayu Putih Tengah III;Kota Adm. Jakarta Timur;Pulo Gadung;174.0;0.4;0.4;Tercatat;Turap Beton & Batu Kali/Saluran Terbuka Sebagian Tertutup;True;True;0.16;
3901;23778;PGD-4496;Sal. Jl. Kayu Putih Tengah III;Kota Adm. Jakarta Timur;Pulo Gadung;174.0;0.4;0.4;Tercatat;Turap Beton & Batu Kali/Saluran Terbuka Sebagian Tertutup;True;True;0.16;
3902;23779;PGD-4497;Sal. Jl. Kayu Putih III;Kota Adm. Jakarta Timur;Pulo Gadung;768.0;0.8;1.0;Tercatat;Turap Beton/Saluran Terbuka;True;True;0.8;
3903;23780;PGD-4498;Sal. Jl. Kayu Putih III;Kota Adm. Jakarta Timur;Pulo Gadung;768.0;0.8;1.0;Tercatat;Turap Beton/Saluran Terbuka;True;True;0.8;
3904;23781;PGD-4499;Sal. Jl. Kayu Putih VIII;Kota Adm. Jakarta Timur;Pulo Gadung;157.0;0.5;0.6;Tercatat;Turap Beton/Saluran Terbuka;True;True;0.3;
3905;23782;PGD-4500;Sal. Jl. Kayu Putih VIII;Kota Adm. Jakarta Timur;Pulo Gadung;157.0;0.5;0.6;Tercatat;Turap Beton/Saluran Terbuka;True;True;0.3;
3906;23783;PGD-4501;Sal. Jl. Kayu Putih VII (Sisi Timur);Kota Adm. Jakarta Timur;Pulo Gadung;158.0;0.7;1.0;Tercatat;Turap Beton/Saluran Terbuka;True;True;0.7;
3907;23784;PGD-4502;Sal. Jl. Kayu Putih VII (Sisi Barat);Kota Adm. Jakarta Timur;Pulo Gadung;158.0;0.5;0.7;Tercatat;Turap Beton/Saluran Terbuka;True;True;0.35;
3908;23785;PGD-4503;Sal. Jl. Kayu Putih VII (Sisi Barat);Kota Adm. Jakarta Timur;Pulo Gadung;158.0;0.5;0.7;Tercatat;Turap Beton/Saluran Terbuka;True;True;0.35;
3909;23786;PGD-4504;Sal. Jl. Kayu Putih VII (Sisi Timur);Kota Adm. Jakarta Timur;Pulo Gadung;158.0;0.7;1.0;Tercatat;Turap Beton/Saluran Terbuka;True;True;0.7;
3910;23787;PGD-4505;Sal. Jl. Kayu Putih VIII;Kota Adm. Jakarta Timur;Pulo Gadung;157.0;0.5;0.6;Tercatat;Turap Beton/Saluran Terbuka;True;True;0.3;
3911;23788;PGD-4506;Sal. Jl. Kayu Putih IV;Kota Adm. Jakarta Timur;Pulo Gadung;440.0;0.7;0.9;Tercatat;Turap Beton/Saluran Terbuka;True;True;0.63;
3912;23789;PGD-4507;Sal. Jl. Kayu Putih IV;Kota Adm. Jakarta Timur;Pulo Gadung;440.0;0.7;0.9;Tercatat;Turap Beton/Saluran Terbuka;True;True;0.63;
3913;23790;PGD-4508;Sal. Jl. Kayu Putih VI;Kota Adm. Jakarta Timur;Pulo Gadung;178.0;0.7;1.0;Tercatat;Turap Beton/Saluran Terbuka;True;True;0.7;
3914;23791;PGD-4509;Sal. Jl. Kayu Putih VI;Kota Adm. Jakarta Timur;Pulo Gadung;178.0;0.7;1.0;Tercatat;Turap Beton/Saluran Terbuka;True;True;0.7;
3915;23792;PGD-4510;Sal. Jl. Kayu Putih VI;Kota Adm. Jakarta Timur;Pulo Gadung;178.0;0.7;1.0;Tercatat;Turap Beton/Saluran Terbuka;True;True;0.7;
3916;23793;PGD-4511;Sal. Jl. Kayu Putih VI;Kota Adm. Jakarta Timur;Pulo Gadung;178.0;0.7;1.0;Tercatat;Turap Beton/Saluran Terbuka;True;True;0.7;
3917;23794;PGD-4512;Sal. Jl. Kayu Putih Selatan I;Kota Adm. Jakarta Timur;Pulo Gadung;236.0;0.8;1.0;Tercatat;Turap Beton/Saluran Terbuka Sebagian Tertutup;True;True;0.8;
3918;23795;PGD-4513;Sal. Jl. Kayu Putih Selatan I;Kota Adm. Jakarta Timur;Pulo Gadung;236.0;0.8;1.0;Tercatat;Turap Beton/Saluran Terbuka Sebagian Tertutup;True;True;0.8;
3919;23796;PGD-4514;Sal. Jl. Kayu Putih Selatan;Kota Adm. Jakarta Timur;Pulo Gadung;760.0;0.6;0.8;Tercatat;Turap Beton/Saluran Terbuka Sebagian Tertutup;True;True;0.48;
3920;23797;PGD-4515;Sal. Jl. Kayu Putih Raya (Tirtamas);Kota Adm. Jakarta Timur;Pulo Gadung;536.0;0.5;0.6;Tercatat;Turap Beton/Saluran Terbuka;True;True;0.3;
3921;23798;PGD-4516;Sal. Jl. Kayu Putih Selatan II;Kota Adm. Jakarta Timur;Pulo Gadung;185.0;0.4;0.4;Tercatat;Turap Beton/Saluran Terbuka Sebagian Tertutup;True;True;0.16;
3922;23799;PGD-4517;Sal. Jl. Kayu Putih Selatan II;Kota Adm. Jakarta Timur;Pulo Gadung;182.0;0.4;0.4;Tercatat;Turap Beton/Saluran Terbuka Sebagian Tertutup;True;True;0.16;
3923;23800;PGD-4518;Sal. Jl. Kayu Putih Selatan III;Kota Adm. Jakarta Timur;Pulo Gadung;170.0;0.6;0.6;Tercatat;Turap Beton/Saluran Terbuka Sebagian Tertutup;True;True;0.36;
3924;23801;PGD-4519;Sal. Jl. Kayu Putih Selatan III;Kota Adm. Jakarta Timur;Pulo Gadung;170.0;0.6;0.6;Tercatat;Turap Beton/Saluran Terbuka Sebagian Tertutup;True;True;0.36;
3925;23802;PGD-4520;Sal. Jl. Kayu Putih Empat (Sisi Utara);Kota Adm. Jakarta Timur;Pulo Gadung;127.0;1.0;1.2;Tercatat;Turap Batu Kali/Saluran Terbuka;True;True;1.2;
3926;23803;PGD-4521;Sal. Jl. Kayu Putih Empat (Sisi Selatan);Kota Adm. Jakarta Timur;Pulo Gadung;310.0;0.6;0.8;Tercatat;Turap Beton & Batu Kali/Saluran Terbuka Sebagian Tertutup;True;True;0.48;
3927;23804;PGD-4522;Sal. Jl. Kayu Putih Selatan VI;Kota Adm. Jakarta Timur;Pulo Gadung;195.0;0.5;0.8;Tercatat;Turap Beton & Batu Kali/Saluran Terbuka Sebagian Tertutup;True;True;0.4;
3928;23805;PGD-4523;Sal. Jl. Kayu Putih Selatan VI;Kota Adm. Jakarta Timur;Pulo Gadung;195.0;0.5;0.8;Tercatat;Turap Beton & Batu Kali/Saluran Terbuka Sebagian Tertutup;True;True;0.4;
3929;23806;PGD-4524;Sal. Jl. Kayu Putih Timur (Sisi Selatan);Kota Adm. Jakarta Timur;Pulo Gadung;368.0;0.5;0.5;Tercatat;Turap Beton & Batu Kali/Saluran Terbuka Sebagian Tertutup;True;True;0.25;
3930;23807;PGD-4525;Sal. Jl. Kayu Mas Raya;Kota Adm. Jakarta Timur;Pulo Gadung;804.0;1.0;1.2;Tercatat;Turap Beton/Saluran Terbuka Sebagian Tertutup;True;True;1.2;
3931;23808;PGD-4526;Sal. Jl. Taruna;Kota Adm. Jakarta Timur;Pulo Gadung;425.0;0.8;1.0;Tercatat;Turap Beton/Saluran Tertutup;True;True;0.8;
3932;23809;PGD-4527;Sal. Jl. Kayu Mas Tengah;Kota Adm. Jakarta Timur;Pulo Gadung;145.0;0.7;1.2;Tercatat;Turap Beton/Saluran Terbuka Sebagian Tertutup;True;True;0.84;
3933;23810;PGD-4528;Sal. Jl. Kayu Mas Tengah;Kota Adm. Jakarta Timur;Pulo Gadung;145.0;0.7;1.2;Tercatat;Turap Beton/Saluran Terbuka Sebagian Tertutup;True;True;0.84;
3934;23811;PGD-4529;Sal. Jl. Kayu Mas Selatan VII;Kota Adm. Jakarta Timur;Pulo Gadung;332.0;1.5;1.2;Tercatat;Turap Batu Kali/Saluran Terbuka;True;True;1.8;
3935;23812;PGD-4530;Sal. Jl. Kayu Mas Selatan VII;Kota Adm. Jakarta Timur;Pulo Gadung;332.0;1.5;1.2;Tercatat;Turap Batu Kali/Saluran Terbuka;True;True;1.8;
3936;23813;PGD-4531;Sal. Jl. Palad;Kota Adm. Jakarta Timur;Pulo Gadung;277.0;0.6;0.6;Tercatat;Uditch/Saluran Tertutup;True;True;0.36;
3937;23814;PGD-4532;Sal. Jl. Palad (Terusan Kali Sunter);Kota Adm. Jakarta Timur;Pulo Gadung;140.0;1.0;1.0;Tercatat;Uditch/Saluran tertutup;True;True;1.0;
3939;23816;PGD-4534;Sal. Jl. Kayu Mas Selatan;Kota Adm. Jakarta Timur;Pulo Gadung;361.0;0.8;0.8;Tercatat;Turap Beton/Saluran Tertutup;True;True;0.64;
3940;23817;PGD-4535;Sal. Jl. Kayu Mas I;Kota Adm. Jakarta Timur;Pulo Gadung;296.0;0.8;1.2;Tercatat;Turap Beton/Saluran Terbuka Sebagian Tertutup;True;True;0.96;
3941;23818;PGD-4536;Sal. Jl. Kayu Mas I;Kota Adm. Jakarta Timur;Pulo Gadung;296.0;0.8;1.2;Tercatat;Turap Beton/Saluran Terbuka Sebagian Tertutup;True;True;0.96;
3942;23819;PGD-4537;Sal. Jl. Kayu Mas Selatan;Kota Adm. Jakarta Timur;Pulo Gadung;361.0;0.8;0.8;Tercatat;Turap Beton/Saluran Tertutup;True;True;0.64;
3943;23820;PGD-4538;Sal. Jl. Kayu Mas Selatan;Kota Adm. Jakarta Timur;Pulo Gadung;361.0;0.8;0.8;Tercatat;Turap Beton/Saluran Tertutup;True;True;0.64;
3944;23821;PGD-4539;Sal. Jl. Kayu Mas Selatan I;Kota Adm. Jakarta Timur;Pulo Gadung;385.0;0.7;0.7;Tercatat;Turap Beton/Saluran Terbuka Sebagian Tertutup;True;True;0.49;
3945;23822;PGD-4540;Sal. Jl. Kayu Mas Selatan I;Kota Adm. Jakarta Timur;Pulo Gadung;385.0;0.7;0.7;Tercatat;Turap Beton/Saluran Terbuka Sebagian Tertutup;True;True;0.49;
3946;23823;PGD-4541;Sal. Jl. Kayu Mas Selatan V;Kota Adm. Jakarta Timur;Pulo Gadung;175.0;0.5;0.8;Tercatat;Turap Beton/Saluran Terbuka Sebagian Tertutup;True;True;0.4;
3947;23824;PGD-4542;Sal. Jl. Kayu Mas Selatan V;Kota Adm. Jakarta Timur;Pulo Gadung;175.0;0.5;0.8;Tercatat;Turap Beton/Saluran Terbuka Sebagian Tertutup;True;True;0.4;
3948;23825;PGD-4543;Sal. Jl. Kayu Mas Selatan V;Kota Adm. Jakarta Timur;Pulo Gadung;175.0;0.5;0.8;Tercatat;Turap Beton/Saluran Terbuka Sebagian Tertutup;True;True;0.4;
3949;23826;PGD-4544;Sal. Jl. Kayu Mas Selatan V;Kota Adm. Jakarta Timur;Pulo Gadung;175.0;0.5;0.8;Tercatat;Turap Beton/Saluran Terbuka Sebagian Tertutup;True;True;0.4;
3950;23827;PGD-4545;Sal. Jl. Kayu Mas Timur Raya;Kota Adm. Jakarta Timur;Pulo Gadung;344.0;0.7;1.2;Tercatat;Turap Beton/Saluran Tertutup Sebagian Terbuka;True;True;0.84;
3951;23828;PGD-4546;Sal. Jl. Kayu Mas Timur Raya;Kota Adm. Jakarta Timur;Pulo Gadung;344.0;0.7;1.2;Tercatat;Turap Beton/Saluran Tertutup Sebagian Terbuka;True;True;0.84;
3952;23829;PGD-4547;Sal. Jl. Kayu Mas Utara;Kota Adm. Jakarta Timur;Pulo Gadung;306.0;0.8;1.2;Tercatat;Turap Beton/Saluran Tertutup Sebagian Terbuka;True;True;0.96;
3953;23830;PGD-4548;Sal. Jl. Kayu Mas Utara;Kota Adm. Jakarta Timur;Pulo Gadung;306.0;0.8;1.2;Tercatat;Turap Beton/Saluran Tertutup Sebagian Terbuka;True;True;0.96;
3954;23831;PGD-4549;Sal. Jl. Kayu Mas Timur I;Kota Adm. Jakarta Timur;Pulo Gadung;133.0;0.6;0.8;Tercatat;Turap Beton/Saluran Terbuka;True;True;0.48;
3955;23832;PGD-4550;Sal. Jl. Kayu Mas Timur I;Kota Adm. Jakarta Timur;Pulo Gadung;133.0;0.6;0.8;Tercatat;Turap Beton/Saluran Terbuka;True;True;0.48;
3956;23833;PGD-4551;Sal. Jl. Kayu Mas Timur I;Kota Adm. Jakarta Timur;Pulo Gadung;133.0;0.6;0.8;Tercatat;Turap Beton/Saluran Terbuka;True;True;0.48;
3957;23834;PGD-4552;Sal. Jl. Kayu Mas Timur I;Kota Adm. Jakarta Timur;Pulo Gadung;133.0;0.6;0.8;Tercatat;Turap Beton/Saluran Terbuka;True;True;0.48;
3958;23835;PGD-4553;Sal. Jl. Raya Bekasi KM. 18;Kota Adm. Jakarta Timur;Pulo Gadung;486.0;0.8;1.2;Tercatat;Uditch/Saluran Tertutup;True;True;0.96;
3960;23837;PGD-4555;Sal. Jl. Palad (Terusan Kali Sunter);Kota Adm. Jakarta Timur;Pulo Gadung;140.0;1.0;1.0;Tercatat;Uditch/Saluran tertutup;True;True;1.0;
3961;23838;PGD-4557;Sal. Jl. Kayu Mas Selatan V;Kota Adm. Jakarta Timur;Pulo Gadung;175.0;0.5;0.8;Tercatat;Turap Beton/Saluran Terbuka Sebagian Tertutup;True;True;0.4;
3962;23839;PGD-4558;Sal. Jl. Kayu Mas Selatan V;Kota Adm. Jakarta Timur;Pulo Gadung;175.0;0.5;0.8;Tercatat;Turap Beton/Saluran Terbuka Sebagian Tertutup;True;True;0.4;
3963;23840;PGD-4559;Sal. Jl. Pulo Nangka Timur I;Kota Adm. Jakarta Timur;Pulo Gadung;135.0;0.4;1.0;Tidak diketahui;Turap Beton & Batu Kali/Saluran Terbuka Sebagian Tertutup;False;True;0.4;status_belum_tercatat
3964;23841;PGD-4560;Sal. Jl. Pulo Nangka Timur II;Kota Adm. Jakarta Timur;Pulo Gadung;78.0;0.4;0.8;Tidak diketahui;Turap Beton & Batu Kali/Saluran Terbuka Sebagian Tertutup;False;True;0.32;status_belum_tercatat
3965;23842;PGD-4561;Sal. Jl. Pulo Nangka Timur III;Kota Adm. Jakarta Timur;Pulo Gadung;117.0;0.8;0.8;Tercatat;Uditch/Saluran Terbuka;True;True;0.64;
3966;23843;PGD-4562;Sal. Jl. Pulo Nangka Timur III;Kota Adm. Jakarta Timur;Pulo Gadung;117.0;0.8;0.8;Tercatat;Uditch/Saluran Terbuka;True;True;0.64;
3967;23844;PGD-4563;Sal. Jl. Pulo Nangka Tengah;Kota Adm. Jakarta Timur;Pulo Gadung;557.0;0.8;0.8;Tercatat;Uditch/Saluran Terbuka;True;True;0.64;
3968;23845;PGD-4564;Sal. Jl. Pulo Nangka Tengah;Kota Adm. Jakarta Timur;Pulo Gadung;557.0;0.8;0.8;Tercatat;Uditch/Saluran Terbuka;True;True;0.64;
3969;23846;PGD-4565;Sal. Jl. Pulo Nangka Tengah;Kota Adm. Jakarta Timur;Pulo Gadung;557.0;0.8;0.8;Tercatat;Uditch/Saluran Terbuka;True;True;0.64;
3970;23847;PGD-4566;Sal. Jl. Pulo Nangka Tengah;Kota Adm. Jakarta Timur;Pulo Gadung;557.0;0.8;0.8;Tercatat;Uditch/Saluran Terbuka;True;True;0.64;
3971;23848;PGD-4567;Sal. Jl. Pulo Nangka Tengah;Kota Adm. Jakarta Timur;Pulo Gadung;557.0;0.8;0.8;Tercatat;Uditch/Saluran Terbuka;True;True;0.64;
3972;23849;PGD-4568;Sal. Jl. Pulo Nangka Timur III;Kota Adm. Jakarta Timur;Pulo Gadung;117.0;0.8;0.8;Tercatat;Uditch/Saluran Terbuka;True;True;0.64;
3973;23850;PGD-4569;Sal. Jl. Pulo Nangka Timur III;Kota Adm. Jakarta Timur;Pulo Gadung;117.0;0.8;0.8;Tercatat;Uditch/Saluran Terbuka;True;True;0.64;
3974;23851;PGD-4570;Sal. Jl. Kayu Putih II (Sisi Selatan);Kota Adm. Jakarta Timur;Pulo Gadung;317.0;0.4;0.4;Tercatat;Turap Beton & Batu Kali/Saluran Terbuka Sebagian Tertutup;True;True;0.16;
3975;23852;PGD-4571;Sal. Jl. Kayu Putih V;Kota Adm. Jakarta Timur;Pulo Gadung;174.0;0.4;0.4;Tercatat;Turap Beton/Saluran Terbuka;True;True;0.16;
3976;23853;PGD-4572;Sal. Jl. Kayu Putih V;Kota Adm. Jakarta Timur;Pulo Gadung;174.0;0.4;0.4;Tercatat;Turap Beton/Saluran Terbuka;True;True;0.16;
3977;23854;PGD-4573;Sal. Jl. Perintis Kemerdekaan;Kota Adm. Jakarta Timur;Pulo Gadung;389.0;1.0;1.0;Tercatat;Turap Beton/Saluran Tertutup Sebagian Terbuka;True;True;1.0;
3978;23855;PGD-4575;Sal. Jl. Kayu Mas Utara;Kota Adm. Jakarta Timur;Pulo Gadung;306.0;0.8;1.2;Tercatat;Turap Beton/Saluran Tertutup Sebagian Terbuka;True;True;0.96;
3979;23856;PGD-4576;Sal. Jl. Kayu Mas Utara;Kota Adm. Jakarta Timur;Pulo Gadung;306.0;0.8;1.2;Tercatat;Turap Beton/Saluran Tertutup Sebagian Terbuka;True;True;0.96;
3980;23857;PST-4584;Sal. Jl. Pisangan Lama Barat;Kota Adm. Jakarta Timur;Pulo Gadung;376.0;0.8;1.0;Tercatat;Turap Beton/Saluran Tertutup;True;True;0.8;
3981;23858;PST-4585;Sal. Jl. Ahmad Yani;Kota Adm. Jakarta Timur;Pulo Gadung;1012.0;1.8;1.2;Tercatat;Turap Batu Kali/Saluran Terbuka;True;True;2.16;
3982;23859;PST-4586;Sal. Jl. Pisangan Lama I;Kota Adm. Jakarta Timur;Pulo Gadung;375.0;1.2;1.4;Tercatat;Turap Beton/Saluran Terbuka;True;True;1.68;
3983;23860;PST-4587;Sal. Jl. Pisangan Lama I;Kota Adm. Jakarta Timur;Pulo Gadung;375.0;1.2;1.4;Tercatat;Turap Beton/Saluran Terbuka;True;True;1.68;
3984;23861;PST-4588;Sal. Jl. Pisangan Lama;Kota Adm. Jakarta Timur;Pulo Gadung;431.0;0.6;0.6;Tercatat;Turap Beton/Saluran Tertutup;True;True;0.36;
3985;23862;PST-4589;Sal. Jl. Pisangan Lama II;Kota Adm. Jakarta Timur;Pulo Gadung;489.0;1.2;1.2;Tercatat;Turap Beton/Saluran Tertutup;True;True;1.44;
3986;23863;PST-4590;Sal. Jl. Pisangan Lama III;Kota Adm. Jakarta Timur;Pulo Gadung;944.0;0.8;0.8;Tercatat;Turap Beton/Saluran Tertutup;True;True;0.64;
3987;23864;PST-4591;Sal. Jl. Jaksa;Kota Adm. Jakarta Timur;Pulo Gadung;334.0;0.6;0.6;Tercatat;Turap Beton/Saluran Tertutup Sebagian Terbuka;True;True;0.36;
3988;23865;PST-4592;Sal. Jl. Jaksa;Kota Adm. Jakarta Timur;Pulo Gadung;334.0;0.6;0.6;Tercatat;Turap Beton/Saluran Tertutup Sebagian Terbuka;True;True;0.36;
3989;23866;PST-4593;Sal. Jl. Pisangan Lama II;Kota Adm. Jakarta Timur;Pulo Gadung;179.0;1.2;1.2;Tercatat;Turap Beton & Batu Kali/Saluran Tertutup Sebagian Terbuka;True;True;1.44;
3990;23867;PST-4594;Sal. Jl. Mugeni I;Kota Adm. Jakarta Timur;Pulo Gadung;312.0;0.7;0.8;Tercatat;Turap Beton & Batu Kali/Saluran Tertutup Sebagian Terbuka;True;True;0.56;
3991;23868;PST-4595;Sal. Jl. Pisangan Lama II;Kota Adm. Jakarta Timur;Pulo Gadung;114.0;1.2;1.2;Tercatat;Turap Beton & Batu Kali/Saluran Tertutup Sebagian Terbuka;True;True;1.44;
3992;23869;PST-4596;Sal. Jl. Pisangan Lama II;Kota Adm. Jakarta Timur;Pulo Gadung;172.0;1.2;1.2;Tercatat;Turap Beton & Batu Kali/Saluran Tertutup Sebagian Terbuka;True;True;1.44;
3993;23870;PST-4597;Sal. Jl. Pisangan Lama II;Kota Adm. Jakarta Timur;Pulo Gadung;176.0;1.2;1.2;Tercatat;Turap Beton & Batu Kali/Saluran Tertutup Sebagian Terbuka;True;True;1.44;
3994;23871;PST-4598;Sal. Jl. Pasar Enjo;Kota Adm. Jakarta Timur;Pulo Gadung;356.0;0.6;0.5;Tercatat;Turap Beton/Saluran Tertutup Sebagian Terbuka;True;True;0.3;
3995;23872;PST-4599;Sal. Jl. Pasar Enjo;Kota Adm. Jakarta Timur;Pulo Gadung;356.0;0.6;0.5;Tercatat;Turap Beton/Saluran Tertutup Sebagian Terbuka;True;True;0.3;
3996;23873;PST-4600;Sal. Jl. Mugeni I;Kota Adm. Jakarta Timur;Pulo Gadung;312.0;0.7;0.8;Tercatat;Turap Beton & Batu Kali/Saluran Tertutup Sebagian Terbuka;True;True;0.56;
3997;23874;PST-4601;Sal. Jl. Mugeni I;Kota Adm. Jakarta Timur;Pulo Gadung;312.0;0.7;0.8;Tercatat;Turap Beton & Batu Kali/Saluran Tertutup Sebagian Terbuka;True;True;0.56;
3998;23875;PST-4602;Sal. Jl. Mugeni II;Kota Adm. Jakarta Timur;Pulo Gadung;263.0;0.6;0.6;Tercatat;Uditch/Saluran Tertutup;True;True;0.36;
3999;23876;PST-4603;Sal. Jl. Mugeni II;Kota Adm. Jakarta Timur;Pulo Gadung;263.0;0.6;0.6;Tercatat;Uditch/Saluran Tertutup;True;True;0.36;
4000;23877;PST-4604;Sal. Jl. Mugeni II;Kota Adm. Jakarta Timur;Pulo Gadung;263.0;0.6;0.6;Tercatat;Uditch/Saluran Tertutup;True;True;0.36;
4001;23878;PST-4605;Sal. Jl. Mugeni II;Kota Adm. Jakarta Timur;Pulo Gadung;263.0;0.6;0.6;Tercatat;Uditch/Saluran Tertutup;True;True;0.36;
4002;23879;PST-4606;Sal. Jl. Mugeni III;Kota Adm. Jakarta Timur;Pulo Gadung;261.0;0.5;0.6;Tercatat;Turap Beton/Saluran Terbuka;True;True;0.3;
4003;23880;PST-4607;Sal. Jl. Mugeni III;Kota Adm. Jakarta Timur;Pulo Gadung;261.0;0.5;0.6;Tercatat;Turap Beton/Saluran Terbuka;True;True;0.3;
4004;23881;PST-4608;Sal. Jl. Mugeni III;Kota Adm. Jakarta Timur;Pulo Gadung;261.0;0.5;0.6;Tercatat;Turap Beton/Saluran Terbuka;True;True;0.3;
4005;23882;PST-4609;;Kota Adm. Jakarta Timur;Pulo Gadung;;;;Tercatat;Turap Beton/Saluran Tertutup Sebagian Terbuka;True;False;;dimensi_tidak_lengkap
4006;23883;PST-4610;;Kota Adm. Jakarta Timur;Pulo Gadung;;;;Tercatat;Turap Beton/Saluran Tertutup Sebagian Terbuka;True;False;;dimensi_tidak_lengkap
4007;23884;PST-4611;;Kota Adm. Jakarta Timur;Pulo Gadung;;;;Tercatat;Turap Beton/Saluran Tertutup Sebagian Terbuka;True;False;;dimensi_tidak_lengkap
4008;23885;PST-4612;Sal. Jl. Bojana Tirta;Kota Adm. Jakarta Timur;Pulo Gadung;492.0;0.7;0.6;Tercatat;Turap Beton/Saluran Terbuka;True;True;0.42;
4009;23886;PST-4613;Sal. Jl. Bojana Tirta;Kota Adm. Jakarta Timur;Pulo Gadung;492.0;0.7;0.6;Tercatat;Turap Beton/Saluran Terbuka;True;True;0.42;
4010;23887;PST-4614;Sal. Jl. Bojana Tirta;Kota Adm. Jakarta Timur;Pulo Gadung;492.0;0.7;0.6;Tercatat;Turap Beton/Saluran Terbuka;True;True;0.42;
4011;23888;PST-4615;Sal. Jl. Bojana Tirta;Kota Adm. Jakarta Timur;Pulo Gadung;492.0;0.7;0.6;Tercatat;Turap Beton/Saluran Terbuka;True;True;0.42;
4012;23889;PST-4616;Sal. Jl. Bojana Tirta;Kota Adm. Jakarta Timur;Pulo Gadung;492.0;0.7;0.6;Tercatat;Turap Beton/Saluran Terbuka;True;True;0.42;
4013;23890;PST-4617;Sal. Jl. Bojana Tirta;Kota Adm. Jakarta Timur;Pulo Gadung;492.0;0.7;0.6;Tercatat;Turap Beton/Saluran Terbuka;True;True;0.42;
4014;23891;PST-4618;Sal. Jl. Bujana Tirta IV;Kota Adm. Jakarta Timur;Pulo Gadung;317.0;0.8;0.8;Tercatat;Turap Beton/Saluran Tertutup Sebagian Terbuka;True;True;0.64;
4015;23892;PST-4619;;Kota Adm. Jakarta Timur;Pulo Gadung;;;;Tercatat;Turap Beton/Saluran Tertutup Sebagian Terbuka;True;False;;dimensi_tidak_lengkap
4016;23893;PST-4620;Sal. Jl. Rawajaya;Kota Adm. Jakarta Timur;Pulo Gadung;195.0;0.6;0.6;Tercatat;Turap Beton/Saluran Tertutup;True;True;0.36;
4017;23894;PST-4621;Sal. Jl. Rawajaya II;Kota Adm. Jakarta Timur;Pulo Gadung;190.0;0.5;0.4;Tercatat;Turap Beton/Saluran Tertutup;True;True;0.2;
4018;23895;PST-4622;Sal. Jl. Rawajaya II;Kota Adm. Jakarta Timur;Pulo Gadung;190.0;0.5;0.4;Tercatat;Turap Beton/Saluran Tertutup;True;True;0.2;
4019;23896;PST-4623;Sal. Jl. Rawajaya III;Kota Adm. Jakarta Timur;Pulo Gadung;193.0;0.6;0.5;Tercatat;Turap Beton/Saluran Tertutup;True;True;0.3;
4020;23897;PST-4624;Sal. Jl. Rawajaya III;Kota Adm. Jakarta Timur;Pulo Gadung;193.0;0.6;0.5;Tercatat;Turap Beton/Saluran Tertutup;True;True;0.3;
4021;23898;PST-4625;Sal. Jl. Gg. Kana;Kota Adm. Jakarta Timur;Pulo Gadung;153.0;0.4;0.4;Tercatat;Uditch/Saluran Tertutup;True;True;0.16;
4022;23899;PST-4626;Sal. Jl. Gading Raya I;Kota Adm. Jakarta Timur;Pulo Gadung;388.0;0.5;0.4;Tercatat;Turap Beton/Saluran Tertutup Sebagian Terbuka;True;True;0.2;
4023;23900;PST-4627;Sal. Jl. Gading Raya I;Kota Adm. Jakarta Timur;Pulo Gadung;388.0;0.5;0.4;Tercatat;Turap Beton/Saluran Tertutup Sebagian Terbuka;True;True;0.2;
4024;23901;PST-4628;Sal. Jl. Gading Raya I;Kota Adm. Jakarta Timur;Pulo Gadung;388.0;0.5;0.4;Tercatat;Turap Beton/Saluran Tertutup Sebagian Terbuka;True;True;0.2;
4025;23902;PST-4629;Sal. Jl. Gading Raya I;Kota Adm. Jakarta Timur;Pulo Gadung;388.0;0.5;0.4;Tercatat;Turap Beton/Saluran Tertutup Sebagian Terbuka;True;True;0.2;
4026;23903;PST-4630;Sal. Jl. Sinar Jaya;Kota Adm. Jakarta Timur;Pulo Gadung;328.0;0.6;0.5;Tercatat;Turap Beton/Saluran Tertutup Sebagian Terbuka;True;True;0.3;
4027;23904;PST-4631;Sal. Jl. Sinar Jaya;Kota Adm. Jakarta Timur;Pulo Gadung;328.0;0.6;0.5;Tercatat;Turap Beton/Saluran Tertutup Sebagian Terbuka;True;True;0.3;
4028;23905;PST-4632;Sal. Jl. Sinar Jaya;Kota Adm. Jakarta Timur;Pulo Gadung;328.0;0.6;0.5;Tercatat;Turap Beton/Saluran Tertutup Sebagian Terbuka;True;True;0.3;
4029;23906;PST-4633;Sal. Jl. Sinar Jaya;Kota Adm. Jakarta Timur;Pulo Gadung;328.0;0.6;0.5;Tercatat;Turap Beton/Saluran Tertutup Sebagian Terbuka;True;True;0.3;
4030;23907;PST-4634;Sal. Jl. Sinar Jaya;Kota Adm. Jakarta Timur;Pulo Gadung;328.0;0.6;0.5;Tercatat;Turap Beton/Saluran Tertutup Sebagian Terbuka;True;True;0.3;
4031;23908;PST-4635;Sal. Jl. Sinar Jaya;Kota Adm. Jakarta Timur;Pulo Gadung;328.0;0.6;0.5;Tercatat;Turap Beton/Saluran Tertutup Sebagian Terbuka;True;True;0.3;
4032;23909;PST-4636;Sal. Jl. Sinar Jaya;Kota Adm. Jakarta Timur;Pulo Gadung;328.0;0.6;0.5;Tercatat;Turap Beton/Saluran Tertutup Sebagian Terbuka;True;True;0.3;
4033;23910;PST-4637;Sal. Jl. Sinar Jaya;Kota Adm. Jakarta Timur;Pulo Gadung;328.0;0.6;0.5;Tercatat;Turap Beton/Saluran Tertutup Sebagian Terbuka;True;True;0.3;
4034;23911;PST-4638;Sal. Jl. Pori Raya;Kota Adm. Jakarta Timur;Pulo Gadung;615.0;0.6;0.4;Tercatat;Turap Beton/Saluran Terbuka;True;True;0.24;
4035;23912;PST-4639;Sal. Jl. Pori Raya;Kota Adm. Jakarta Timur;Pulo Gadung;615.0;0.6;0.4;Tercatat;Turap Beton/Saluran Terbuka;True;True;0.24;
4036;23913;PST-4640;Sal. Jl. Pori Raya;Kota Adm. Jakarta Timur;Pulo Gadung;615.0;0.6;0.4;Tercatat;Turap Beton/Saluran Terbuka;True;True;0.24;
4037;23914;PST-4641;Sal. Jl. Pori Raya;Kota Adm. Jakarta Timur;Pulo Gadung;615.0;0.6;0.4;Tercatat;Turap Beton/Saluran Terbuka;True;True;0.24;
4038;23915;PST-4642;Sal. Jl. Pori Raya;Kota Adm. Jakarta Timur;Pulo Gadung;615.0;0.6;0.4;Tercatat;Turap Beton/Saluran Terbuka;True;True;0.24;
4039;23916;PST-4643;Sal. Jl. Pori Raya;Kota Adm. Jakarta Timur;Pulo Gadung;615.0;0.6;0.4;Tercatat;Turap Beton/Saluran Terbuka;True;True;0.24;
4040;23917;PST-4644;Sal. Jl. Pori Raya;Kota Adm. Jakarta Timur;Pulo Gadung;615.0;0.6;0.4;Tidak diketahui;Turap Beton/Saluran Terbuka;False;True;0.24;status_belum_tercatat
4043;23920;PST-4647;;Kota Adm. Jakarta Timur;Pulo Gadung;;;;Tercatat;Turap Beton/Saluran Tertutup Sebagian Terbuka;True;False;;dimensi_tidak_lengkap
4044;23921;PST-4648;;Kota Adm. Jakarta Timur;Pulo Gadung;;;;Tercatat;Turap Beton/Saluran Tertutup Sebagian Terbuka;True;False;;dimensi_tidak_lengkap
4045;23922;PST-4649;Sal. Jl. Cipinang Kebembem II;Kota Adm. Jakarta Timur;Pulo Gadung;253.0;1.0;1.4;Tercatat;Uditch/Saluran Tertutup;True;True;1.4;
4046;23923;PST-4650;Sal. Jl. Cipinang Kebembem V;Kota Adm. Jakarta Timur;Pulo Gadung;157.0;0.5;0.6;Tercatat;Turap Beton/Saluran Tertutup Sebagian Terbuka;True;True;0.3;
4047;23924;PST-4651;Sal. Jl. Cipinang Kebembem V;Kota Adm. Jakarta Timur;Pulo Gadung;157.0;0.5;0.6;Tercatat;Turap Beton/Saluran Tertutup Sebagian Terbuka;True;True;0.3;
4048;23925;PST-4652;Sal. Jl. Cipinang Kebembem IV;Kota Adm. Jakarta Timur;Pulo Gadung;177.0;0.5;0.6;Tercatat;Turap Beton/Saluran Tertutup Sebagian Terbuka;True;True;0.3;
4049;23926;PST-4653;Sal. Jl. Cipinang Kebembem IV;Kota Adm. Jakarta Timur;Pulo Gadung;177.0;0.5;0.6;Tercatat;Turap Beton/Saluran Tertutup Sebagian Terbuka;True;True;0.3;
4050;23927;PST-4654;Sal. Jl. Cipinang Kebembem III;Kota Adm. Jakarta Timur;Pulo Gadung;280.0;0.5;0.7;Tercatat;Turap Beton/Saluran Tertutup Sebagian Terbuka;True;True;0.35;
4051;23928;PST-4655;Sal. Jl. Cipinang Kebembem III;Kota Adm. Jakarta Timur;Pulo Gadung;280.0;0.5;0.7;Tercatat;Turap Beton/Saluran Tertutup Sebagian Terbuka;True;True;0.35;
4052;23929;PST-4656;Sal. Jl. Cipinang Kebembem II;Kota Adm. Jakarta Timur;Pulo Gadung;253.0;1.0;1.4;Tercatat;Uditch/Saluran Tertutup;True;True;1.4;
4053;23930;PST-4657;Sal. Jl. Cipinang Kebembem (Ps. Induk);Kota Adm. Jakarta Timur;Pulo Gadung;257.0;0.9;0.4;Tercatat;Turap Batu Kali/Saluran Terbuka Sebagian Tertutup;True;True;0.36;
4054;23931;PST-4658;Sal. Jl. Cipinang Kebembem (Ps. Burung);Kota Adm. Jakarta Timur;Pulo Gadung;126.0;0.8;0.8;Tercatat;Uditch/Saluran Tertutup;True;True;0.64;
4055;23932;PST-4659;Sal. Jl. Pisangan Lama Sisi Utara;Kota Adm. Jakarta Timur;Pulo Gadung;1150.0;0.6;2.0;Tercatat;Turap Batu Kali/Saluran Tertutup;True;True;1.2;
4056;23933;PST-4660;Sal. Jl. Pisangan Lama Sisi Selatan;Kota Adm. Jakarta Timur;Pulo Gadung;1150.0;0.8;0.8;Tercatat;Uditch/Saluran Tertutup;True;True;0.64;
4057;23934;PST-4661;Sal. Jl. Pisangan Lama Sisi Selatan;Kota Adm. Jakarta Timur;Pulo Gadung;1150.0;0.8;0.8;Tercatat;Uditch/Saluran Tertutup;True;True;0.64;
4058;23935;PST-4662;Sal. Jl. Pisangan Lama Sisi Utara;Kota Adm. Jakarta Timur;Pulo Gadung;1150.0;0.6;2.0;Tercatat;Turap Batu Kali/Saluran Tertutup;True;True;1.2;
4059;23936;PST-4663;Sal. Jl. Gading Raya;Kota Adm. Jakarta Timur;Pulo Gadung;860.0;0.6;0.6;Tercatat;Turap Beton/Saluran Tertutup Sebagian Terbuka;True;True;0.36;
4060;23937;PST-4664;Sal. Jl. Gading Raya;Kota Adm. Jakarta Timur;Pulo Gadung;860.0;0.6;0.6;Tercatat;Turap Beton/Saluran Tertutup Sebagian Terbuka;True;True;0.36;
4061;23938;PST-4665;Sal. Jl. Gading II;Kota Adm. Jakarta Timur;Pulo Gadung;98.0;0.8;0.8;Tercatat;Uditch/Saluran Tertutup;True;True;0.64;
4062;23939;PST-4666;Sal. Jl. Kebembem 7;Kota Adm. Jakarta Timur;Pulo Gadung;310.0;1.1;0.9;Tercatat;Turap Batu Kali/Saluran Terbuka;True;True;0.99;
4063;23940;PST-4667;Sal. Jl. Kebembem 7;Kota Adm. Jakarta Timur;Pulo Gadung;310.0;1.1;0.9;Tercatat;Turap Batu Kali/Saluran Terbuka;True;True;0.99;
4064;23941;PST-4668;;Kota Adm. Jakarta Timur;Pulo Gadung;;;;Tercatat;Turap Beton/Saluran Tertutup Sebagian Terbuka;True;False;;dimensi_tidak_lengkap
4065;23942;PST-4669;;Kota Adm. Jakarta Timur;Pulo Gadung;;;;Tercatat;Turap Beton/Saluran Tertutup Sebagian Terbuka;True;False;;dimensi_tidak_lengkap
4066;23943;PST-4670;Sal. Jl. Cipinang Kebembem 8;Kota Adm. Jakarta Timur;Pulo Gadung;171.0;0.6;0.4;Tercatat;Turap Beton/Saluran Tertutup Sebagian Terbuka;True;True;0.24;
4067;23944;PST-4671;Sal. Jl. Cipinang Kebembem 8;Kota Adm. Jakarta Timur;Pulo Gadung;171.0;0.6;0.4;Tercatat;Turap Beton/Saluran Tertutup Sebagian Terbuka;True;True;0.24;
4068;23945;PST-4672;Sal. Jl. Cipinang Kebembem 9;Kota Adm. Jakarta Timur;Pulo Gadung;260.0;0.6;0.5;Tercatat;Turap Beton/Saluran Terbuka;True;True;0.3;
4069;23946;PST-4673;Sal. Jl. Cipinang Kebembem 9;Kota Adm. Jakarta Timur;Pulo Gadung;260.0;0.6;0.5;Tercatat;Turap Beton/Saluran Terbuka;True;True;0.3;
4070;23947;PST-4674;Sal. Jl. Cipinang Kebembem;Kota Adm. Jakarta Timur;Pulo Gadung;277.0;0.6;0.5;Tercatat;Turap Beton/Saluran Tertutup Sebagian Terbuka;True;True;0.3;
4071;23948;PST-4675;Sal. Jl. Persahatan Raya;Kota Adm. Jakarta Timur;Pulo Gadung;550.0;0.8;1.0;Tercatat;Turap Beton & Batu Kali/Saluran Tertutup Sebagian Terbuka;True;True;0.8;
4072;23949;PST-4676;Sal. Jl. Persahabatan Utara;Kota Adm. Jakarta Timur;Pulo Gadung;347.0;1.0;1.0;Tercatat;Turap Beton/Saluran Tertutup;True;True;1.0;
4073;23950;PST-4681;;Kota Adm. Jakarta Timur;Pulo Gadung;;;;Tercatat;Turap Beton/Saluran Tertutup Sebagian Terbuka;True;False;;dimensi_tidak_lengkap
4074;23951;PST-4686;Sal. Jl. Pori Raya;Kota Adm. Jakarta Timur;Pulo Gadung;615.0;0.6;0.4;Tercatat;Turap Beton/Saluran Terbuka;True;True;0.24;
4075;23952;PST-4690;Sal. Jl. Gg. E2;Kota Adm. Jakarta Timur;Pulo Gadung;72.0;0.8;0.3;Tercatat;Turap Batu Kali/Saluran Terbuka;True;True;0.24;
4076;23953;PST-4706;Sal. Jl. Cipinang Kebembem (Ps. Induk);Kota Adm. Jakarta Timur;Pulo Gadung;257.0;0.9;0.4;Tercatat;Turap Batu Kali/Saluran Terbuka Sebagian Tertutup;True;True;0.36;
4077;23954;PST-4707;Sal. Jl. Cipinang Kebembem (Ps. Induk);Kota Adm. Jakarta Timur;Pulo Gadung;257.0;0.9;0.4;Tercatat;Turap Batu Kali/Saluran Terbuka Sebagian Tertutup;True;True;0.36;
4079;23956;PST-4711;Sal. Jl. Pisangan Lama;Kota Adm. Jakarta Timur;Pulo Gadung;305.0;0.6;0.5;Tercatat;Turap Beton/Saluran Tertutup Sebagian Terbuka;True;True;0.3;
4080;23957;PST-4712;Sal. Jl. Pisangan Lama;Kota Adm. Jakarta Timur;Pulo Gadung;305.0;0.6;0.5;Tercatat;Turap Beton/Saluran Tertutup Sebagian Terbuka;True;True;0.3;
3584;23461;RWM-158;Sal. Jl. H Ten;Kota Adm. Jakarta Timur;Pulo Gadung;614.0;0.8;0.8;Tercatat;Turap Batu Kali/Saluran Tertutup Sebagian Terbuka;True;True;0.64;
3585;23462;RWM-159;Sal. Jl. H Ten;Kota Adm. Jakarta Timur;Pulo Gadung;614.0;0.8;0.8;Tercatat;Turap Batu Kali/Saluran Tertutup Sebagian Terbuka;True;True;0.64;
3757;23634;RWM-4139;Sal. Jl. Pratekan Raya;Kota Adm. Jakarta Timur;Pulo Gadung;446.0;0.6;0.7;Tercatat;Turap Beton & Batu Kali/Saluran Tertutup Sebagian Terbuka;True;True;0.42;
3758;23635;RWM-4140;Sal. Jl. Pratekan Raya;Kota Adm. Jakarta Timur;Pulo Gadung;446.0;0.6;0.7;Tercatat;Turap Beton & Batu Kali/Saluran Tertutup Sebagian Terbuka;True;True;0.42;
3759;23636;RWM-4143;Sal. Jl. H. Ten IV;Kota Adm. Jakarta Timur;Pulo Gadung;140.0;0.8;0.8;Tercatat;Uditch/Saluran Tertutup;True;True;0.64;
3760;23637;RWM-4148;Sal. Jl. Pemuda Asli 3;Kota Adm. Jakarta Timur;Pulo Gadung;213.0;1.0;1.0;Tercatat;Turap Beton/Saluran Tertutup;True;True;1.0;
3761;23638;RWM-4150;Sal. Jl. Pemuda Asli 1;Kota Adm. Jakarta Timur;Pulo Gadung;212.0;0.8;0.8;Tercatat;Uditch/Saluran Tertutup;True;True;0.64;
3762;23639;RWM-4155;Sal. Jl. Pemuda Asli 2;Kota Adm. Jakarta Timur;Pulo Gadung;158.0;0.8;0.8;Tercatat;Uditch/Saluran Tertutup;True;True;0.64;
3763;23640;RWM-4157;Sal. Jl. Pemuda I;Kota Adm. Jakarta Timur;Pulo Gadung;185.0;0.8;0.8;Tercatat;Turap Beton/Saluran Tertutup;True;True;0.64;
3764;23641;RWM-4158;Sal. Jl. H. Ten II;Kota Adm. Jakarta Timur;Pulo Gadung;57.0;0.6;0.7;Tercatat;Turap Beton/Saluran Tertutup;True;True;0.42;
3765;23642;RWM-4161;Sal. Jl. Gg. Asalam;Kota Adm. Jakarta Timur;Pulo Gadung;168.0;0.8;0.8;Tercatat;Uditch/Saluran Tertutup;True;True;0.64;
3766;23643;RWM-4162;Sal. Jl. H. Ten I;Kota Adm. Jakarta Timur;Pulo Gadung;353.0;0.6;0.6;Tercatat;Uditch/Saluran Tertutup;True;True;0.36;
3767;23644;RWM-4163;Sal. Jl. H. Ten I;Kota Adm. Jakarta Timur;Pulo Gadung;353.0;0.6;0.6;Tercatat;Uditch/Saluran Tertutup;True;True;0.36;
3768;23645;RWM-4176;Sal. Jl. Kayu Jati Raya;Kota Adm. Jakarta Timur;Pulo Gadung;350.0;0.5;0.6;Tercatat;Turap Beton & Batu Kali/Saluran Tertutup Sebagian Terbuka;True;True;0.3;
3769;23646;RWM-4177;Sal. Jl. Kayu Jati Raya;Kota Adm. Jakarta Timur;Pulo Gadung;350.0;0.5;0.6;Tercatat;Turap Beton & Batu Kali/Saluran Tertutup Sebagian Terbuka;True;True;0.3;
3770;23647;RWM-4178;Sal. Jl. Kayu Jati II;Kota Adm. Jakarta Timur;Pulo Gadung;435.0;0.4;0.6;Tercatat;Turap Beton/Saluran Tertutup Sebagian Terbuka;True;True;0.24;
3771;23648;RWM-4179;Sal. Jl. Kayu Jati II;Kota Adm. Jakarta Timur;Pulo Gadung;435.0;0.4;0.6;Tercatat;Turap Beton/Saluran Tertutup Sebagian Terbuka;True;True;0.24;
3772;23649;RWM-4180;Sal. Jl. Kayu Jati I;Kota Adm. Jakarta Timur;Pulo Gadung;260.0;0.5;0.6;Tercatat;Turap Beton/Saluran Tertutup Sebagian Terbuka;True;True;0.3;
3773;23650;RWM-4181;Sal. Jl. Kayu Jati I;Kota Adm. Jakarta Timur;Pulo Gadung;260.0;0.5;0.6;Tercatat;Turap Beton/Saluran Tertutup Sebagian Terbuka;True;True;0.3;
3774;23651;RWM-4182;Sal. Jl. Kayu Jati I;Kota Adm. Jakarta Timur;Pulo Gadung;260.0;0.5;0.6;Tercatat;Turap Beton/Saluran Tertutup Sebagian Terbuka;True;True;0.3;
3775;23652;RWM-4183;Sal. Jl. Kayu Jati I;Kota Adm. Jakarta Timur;Pulo Gadung;260.0;0.5;0.6;Tercatat;Turap Beton/Saluran Tertutup Sebagian Terbuka;True;True;0.3;
3776;23653;RWM-4184;Sal. Jl. Kayu Jati V;Kota Adm. Jakarta Timur;Pulo Gadung;435.0;0.6;0.6;Tercatat;Turap Beton/Saluran Tertutup Sebagian Terbuka;True;True;0.36;
3777;23654;RWM-4185;Sal. Jl. Kayu Jati V;Kota Adm. Jakarta Timur;Pulo Gadung;435.0;0.6;0.6;Tercatat;Turap Beton/Saluran Tertutup Sebagian Terbuka;True;True;0.36;
3778;23655;RWM-4186;Sal. Jl. Kayu Jati V;Kota Adm. Jakarta Timur;Pulo Gadung;435.0;0.6;0.6;Tercatat;Turap Beton/Saluran Tertutup Sebagian Terbuka;True;True;0.36;
3779;23656;RWM-4187;Sal. Jl. Kayu Jati V;Kota Adm. Jakarta Timur;Pulo Gadung;435.0;0.6;0.6;Tercatat;Turap Beton/Saluran Tertutup Sebagian Terbuka;True;True;0.36;
3780;23657;RWM-4188;Sal. Jl. Balap Sepeda;Kota Adm. Jakarta Timur;Pulo Gadung;491.0;1.2;1.4;Tercatat;Turap Beton/Saluran Tertutup;True;True;1.68;
3781;23658;RWM-4189;Sal. Jl. Sunan Giri;Kota Adm. Jakarta Timur;Pulo Gadung;403.0;0.8;0.6;Tercatat;Turap Beton/Saluran Tertutup;True;True;0.48;
3782;23659;RWM-4190;Sal. Jl. Balai Pustaka;Kota Adm. Jakarta Timur;Pulo Gadung;341.0;1.0;1.3;Tercatat;Turap Beton & Batu Kali/Saluran Tertutup Sebagian Terbuka;True;True;1.3;
3783;23660;RWM-4191;Sal. Jl. Balai Pustaka Baru (Bakamla);Kota Adm. Jakarta Timur;Pulo Gadung;334.0;1.0;1.0;Tercatat;Uditch/Saluran Tertutup;True;True;1.0;
3784;23661;RWM-4192;Sal. Jl. Balai Pustaka Baru (SMK 26);Kota Adm. Jakarta Timur;Pulo Gadung;340.0;1.0;1.0;Tercatat;Turap Beton & Batu Kali/Saluran Tertutup Sebagian Terbuka;True;True;1.0;
3785;23662;RWM-4193;Sal. Jl. Waru;Kota Adm. Jakarta Timur;Pulo Gadung;545.0;0.8;1.0;Tercatat;Turap Beton & Batu Kali/Saluran Tertutup Sebagian Terbuka;True;True;0.8;
3786;23663;RWM-4194;Sal. Jl. Balai Pustaka Baru 1;Kota Adm. Jakarta Timur;Pulo Gadung;114.0;0.5;0.5;Tercatat;Turap Beton/Saluran Tertutup Sebagian Terbuka;True;True;0.25;
3787;23664;RWM-4195;Sal. Jl. Balai Pustaka Baru 1;Kota Adm. Jakarta Timur;Pulo Gadung;114.0;0.5;0.5;Tercatat;Turap Beton/Saluran Tertutup Sebagian Terbuka;True;True;0.25;
3788;23665;RWM-4196;Sal. Jl. Baru;Kota Adm. Jakarta Timur;Pulo Gadung;195.0;1.0;1.0;Tercatat;Uditch/Saluran Tertutup;True;True;1.0;
3789;23666;RWM-4197;Sal. Jl. Baru;Kota Adm. Jakarta Timur;Pulo Gadung;195.0;1.0;1.0;Tercatat;Uditch/Saluran Tertutup;True;True;1.0;
3790;23667;RWM-4198;;Kota Adm. Jakarta Timur;Pulo Gadung;;;;Tercatat;Turap Beton & Batu Kali/Saluran Tertutup Sebagian Terbuka;True;False;;dimensi_tidak_lengkap
3791;23668;RWM-4199;;Kota Adm. Jakarta Timur;Pulo Gadung;;;;Tercatat;Turap Beton & Batu Kali/Saluran Tertutup Sebagian Terbuka;True;False;;dimensi_tidak_lengkap
3792;23669;RWM-4210;Sal. Jl. Waru;Kota Adm. Jakarta Timur;Pulo Gadung;545.0;0.8;1.0;Tercatat;Turap Beton & Batu Kali/Saluran Tertutup Sebagian Terbuka;True;True;0.8;
3793;23670;RWM-4217;Sal. Jl. Rawamangun Muka Raya;Kota Adm. Jakarta Timur;Pulo Gadung;443.0;1.9;2.0;Tercatat;Turap Beton & Batu Kali/Saluran Tertutup Sebagian Terbuka;True;True;3.8;
3794;23671;RWM-4218;Sal. Jl. Daksinapati Raya;Kota Adm. Jakarta Timur;Pulo Gadung;210.0;0.9;1.3;Tercatat;Turap Beton/Saluran Tertutup Sebagian Terbuka;True;True;1.17;
3795;23672;RWM-4219;Sal. Jl. Daksinapati Raya;Kota Adm. Jakarta Timur;Pulo Gadung;210.0;0.9;1.3;Tercatat;Turap Beton/Saluran Tertutup Sebagian Terbuka;True;True;1.17;
3796;23673;RWM-4220;Sal. Jl. Daksinapati;Kota Adm. Jakarta Timur;Pulo Gadung;100.0;0.4;0.6;Tercatat;Turap Beton/Saluran Tertutup Sebagian Terbuka;True;True;0.24;
3797;23674;RWM-4221;Sal. Jl. Daksinapati;Kota Adm. Jakarta Timur;Pulo Gadung;100.0;0.4;0.6;Tercatat;Turap Beton/Saluran Tertutup Sebagian Terbuka;True;True;0.24;
3798;23675;RWM-4222;Sal. Jl. Rawamangun Muka Barat;Kota Adm. Jakarta Timur;Pulo Gadung;490.0;1.1;1.1;Tercatat;Turap Batu Kali/Saluran Tertutup Sebagian Terbuka;True;True;1.21;
3799;23676;RWM-4223;Sal. Jl. Rawamangun Muka Barat;Kota Adm. Jakarta Timur;Pulo Gadung;490.0;1.1;1.1;Tercatat;Turap Batu Kali/Saluran Tertutup Sebagian Terbuka;True;True;1.21;
3800;23677;RWM-4224;Sal. Jl. Rawamangun Muka Timur;Kota Adm. Jakarta Timur;Pulo Gadung;592.0;0.8;0.8;Tercatat;Turap Beton/Saluran Tertutup Sebagian Terbuka;True;True;0.64;
3801;23678;RWM-4225;Sal. Jl. Rawamangun Muka Timur;Kota Adm. Jakarta Timur;Pulo Gadung;592.0;0.8;0.8;Tercatat;Turap Beton/Saluran Tertutup Sebagian Terbuka;True;True;0.64;
3802;23679;RWM-4228;Sal. Jl. Rawamangun Muka Selatan I;Kota Adm. Jakarta Timur;Pulo Gadung;385.0;0.8;0.9;Tercatat;Turap Batu Kali/Saluran Tertutup Sebagian Terbuka;True;True;0.72;
3803;23680;RWM-4229;Sal. Jl. Rawamangun Muka Selatan I;Kota Adm. Jakarta Timur;Pulo Gadung;385.0;0.8;0.9;Tercatat;Turap Batu Kali/Saluran Tertutup Sebagian Terbuka;True;True;0.72;
3804;23681;RWM-4231;Sal. Jl. Rawamangun Muka I;Kota Adm. Jakarta Timur;Pulo Gadung;241.0;0.7;0.6;Tercatat;Turap Beton/Saluran Tertutup Sebagian Terbuka;True;True;0.42;
3805;23682;RWM-4232;Sal. Jl. Rawamangun Muka I;Kota Adm. Jakarta Timur;Pulo Gadung;241.0;0.7;0.6;Tercatat;Turap Beton/Saluran Tertutup Sebagian Terbuka;True;True;0.42;
3806;23683;RWM-4234;Sal. Jl. Rawamangun Muka I;Kota Adm. Jakarta Timur;Pulo Gadung;241.0;0.7;0.6;Tercatat;Turap Beton/Saluran Tertutup Sebagian Terbuka;True;True;0.42;
3807;23684;RWM-4236;Sal. Jl. Rawamangun Muka I;Kota Adm. Jakarta Timur;Pulo Gadung;241.0;0.7;0.6;Tercatat;Turap Beton/Saluran Tertutup Sebagian Terbuka;True;True;0.42;
3808;23685;RWM-4240;Sal. Jl. Rawamangun Muka II;Kota Adm. Jakarta Timur;Pulo Gadung;350.0;1.0;1.0;Tercatat;Turap Beton/Saluran Tertutup;True;True;1.0;
3809;23686;RWM-4241;Sal. Jl. Rawamangun Muka II;Kota Adm. Jakarta Timur;Pulo Gadung;350.0;1.0;1.0;Tercatat;Turap Beton/Saluran Tertutup;True;True;1.0;
3810;23687;RWM-4246;Sal. Jl. Rawamangun Muka IX;Kota Adm. Jakarta Timur;Pulo Gadung;137.0;0.6;0.6;Tercatat;Turap Batu Kali/Saluran Tertutup Sebagian Terbuka;True;True;0.36;
3811;23688;RWM-4247;Sal. Jl. Rawamangun Muka IX;Kota Adm. Jakarta Timur;Pulo Gadung;137.0;0.6;0.6;Tercatat;Turap Batu Kali/Saluran Tertutup Sebagian Terbuka;True;True;0.36;
3812;23689;RWM-4249;Sal. Jl. Rawamangun Muka IV;Kota Adm. Jakarta Timur;Pulo Gadung;135.0;0.8;0.5;Tercatat;Turap Beton/Saluran Tertutup Sebagian Terbuka;True;True;0.4;
3813;23690;RWM-4251;Sal. Jl. Rawamangun Muka IV;Kota Adm. Jakarta Timur;Pulo Gadung;135.0;0.8;0.5;Tercatat;Turap Beton/Saluran Tertutup Sebagian Terbuka;True;True;0.4;
3814;23691;RWM-4252;Sal. Jl. Rawamangun Muka III;Kota Adm. Jakarta Timur;Pulo Gadung;285.0;0.7;0.6;Tercatat;Turap Beton/Saluran Tertutup Sebagian Terbuka;True;True;0.42;
3815;23692;RWM-4254;Sal. Jl. Rawamangun Muka III;Kota Adm. Jakarta Timur;Pulo Gadung;285.0;0.7;0.6;Tercatat;Turap Beton/Saluran Tertutup Sebagian Terbuka;True;True;0.42;
3816;23693;RWM-4256;Sal. Jl. Balai Pustaka Barat;Kota Adm. Jakarta Timur;Pulo Gadung;603.0;0.6;0.6;Tercatat;Turap Beton & Batu Kali/Saluran Tertutup Sebagian Terbuka;True;True;0.36;
3817;23694;RWM-4257;Sal. Jl. Balai Pustaka Barat;Kota Adm. Jakarta Timur;Pulo Gadung;603.0;0.6;0.6;Tercatat;Turap Beton & Batu Kali/Saluran Tertutup Sebagian Terbuka;True;True;0.36;
3818;23695;RWM-4258;Sal. Jl. Balai Pustaka Barat;Kota Adm. Jakarta Timur;Pulo Gadung;603.0;0.6;0.6;Tercatat;Turap Beton & Batu Kali/Saluran Tertutup Sebagian Terbuka;True;True;0.36;
3819;23696;RWM-4259;Sal. Jl. Balai Pustaka Barat;Kota Adm. Jakarta Timur;Pulo Gadung;603.0;0.6;0.6;Tercatat;Turap Beton & Batu Kali/Saluran Tertutup Sebagian Terbuka;True;True;0.36;
3820;23697;RWM-4271;Sal. Jl. Taman Jelita Utara;Kota Adm. Jakarta Timur;Pulo Gadung;329.0;0.6;0.5;Tercatat;Turap Beton/Saluran Tertutup Sebagian Terbuka;True;True;0.3;
3821;23698;RWM-4273;Sal. Jl. Taman Jelita Utara;Kota Adm. Jakarta Timur;Pulo Gadung;329.0;0.6;0.5;Tercatat;Turap Beton/Saluran Tertutup Sebagian Terbuka;True;True;0.3;
3822;23699;RWM-4274;Sal. Jl. Taman Jelita Utara;Kota Adm. Jakarta Timur;Pulo Gadung;329.0;0.6;0.5;Tercatat;Turap Beton/Saluran Tertutup Sebagian Terbuka;True;True;0.3;
3823;23700;RWM-4275;Sal. Jl. Taman Jelita Utara;Kota Adm. Jakarta Timur;Pulo Gadung;329.0;0.6;0.5;Tercatat;Turap Beton/Saluran Tertutup Sebagian Terbuka;True;True;0.3;
3824;23701;RWM-4276;Sal. Jl. Mustika Jaya;Kota Adm. Jakarta Timur;Pulo Gadung;190.0;0.7;0.8;Tercatat;Turap Beton & Batu Kali/Saluran Tertutup Sebagian Terbuka;True;True;0.56;
3825;23702;RWM-4277;Sal. Jl. Mustika Jaya;Kota Adm. Jakarta Timur;Pulo Gadung;190.0;0.7;0.8;Tercatat;Turap Beton & Batu Kali/Saluran Tertutup Sebagian Terbuka;True;True;0.56;
3826;23703;RWM-4278;Sal. Jl. Wisma Jaya;Kota Adm. Jakarta Timur;Pulo Gadung;350.0;0.5;0.5;Tercatat;Turap Beton & Batu Kali/Saluran Tertutup Sebagian Terbuka;True;True;0.25;
3827;23704;RWM-4280;;Kota Adm. Jakarta Timur;Pulo Gadung;;;;Tercatat;Turap Beton & Batu Kali/Saluran Tertutup Sebagian Terbuka;True;False;;dimensi_tidak_lengkap
3828;23705;RWM-4281;;Kota Adm. Jakarta Timur;Pulo Gadung;;;;Tercatat;Turap Beton & Batu Kali/Saluran Tertutup Sebagian Terbuka;True;False;;dimensi_tidak_lengkap
3829;23706;RWM-4287;Sal. Jl. Pe8an;Kota Adm. Jakarta Timur;Pulo Gadung;631.0;1.2;1.2;Tercatat;Turap Beton & Batu Kali/Saluran Tertutup Sebagian Terbuka;True;True;1.44;
3830;23707;RWM-4288;Sal. Jl. Pe8an;Kota Adm. Jakarta Timur;Pulo Gadung;631.0;1.2;1.2;Tercatat;Turap Beton & Batu Kali/Saluran Tertutup Sebagian Terbuka;True;True;1.44;
3831;23708;RWM-4289;Sal. Jl. Jeruk Taman;Kota Adm. Jakarta Timur;Pulo Gadung;104.0;0.7;;Tercatat;Turap Batu Kali/Saluran Tertutup Sebagian Terbuka;True;False;;dimensi_tidak_lengkap, tinggi_sama_dengan_panjang_dikosongkan
3832;23709;RWM-4290;Sal. Jl. Jeruk Taman;Kota Adm. Jakarta Timur;Pulo Gadung;104.0;0.6;;Tercatat;Turap Batu Kali/Saluran Tertutup Sebagian Terbuka;True;False;;dimensi_tidak_lengkap, tinggi_sama_dengan_panjang_dikosongkan
3833;23710;RWM-4291;Sal. Jl. Jeruk;Kota Adm. Jakarta Timur;Pulo Gadung;141.0;0.6;0.5;Tercatat;Turap Beton/Saluran Terbuka;True;True;0.3;
3834;23711;RWM-4292;Sal. Jl. Jeruk;Kota Adm. Jakarta Timur;Pulo Gadung;141.0;0.6;0.5;Tercatat;Turap Beton/Saluran Terbuka;True;True;0.3;
3835;23712;RWM-4313;Sal. Jl. Pinang Raya;Kota Adm. Jakarta Timur;Pulo Gadung;224.0;1.3;1.0;Tercatat;Turap Batu Kali/Saluran Tertutup Sebagian Terbuka;True;True;1.3;
3836;23713;RWM-4314;Sal. Jl. Pinang Raya;Kota Adm. Jakarta Timur;Pulo Gadung;224.0;1.3;1.0;Tercatat;Turap Batu Kali/Saluran Tertutup Sebagian Terbuka;True;True;1.3;
3837;23714;RWM-4317;Sal. Jl. Masjid;Kota Adm. Jakarta Timur;Pulo Gadung;223.0;0.5;0.7;Tercatat;Turap Beton/Saluran Tertutup Sebagian Terbuka;True;True;0.35;
3838;23715;RWM-4318;Sal. Jl. Masjid;Kota Adm. Jakarta Timur;Pulo Gadung;223.0;0.5;0.7;Tercatat;Turap Beton/Saluran Tertutup Sebagian Terbuka;True;True;0.35;
3839;23716;RWM-4319;Sal. Jl. Sawo;Kota Adm. Jakarta Timur;Pulo Gadung;211.0;0.5;0.7;Tercatat;Turap Beton & Batu Kali/Saluran Tertutup Sebagian Terbuka;True;True;0.35;
3840;23717;RWM-4320;Sal. Jl. Sawo;Kota Adm. Jakarta Timur;Pulo Gadung;211.0;0.5;0.7;Tercatat;Turap Beton & Batu Kali/Saluran Tertutup Sebagian Terbuka;True;True;0.35;
3841;23718;RWM-4323;Sal. Jl. Anggrek;Kota Adm. Jakarta Timur;Pulo Gadung;421.0;0.5;0.5;Tercatat;Turap Beton/Saluran Tertutup Sebagian Terbuka;True;True;0.25;
3842;23719;RWM-4324;Sal. Jl. Anggrek;Kota Adm. Jakarta Timur;Pulo Gadung;421.0;0.5;0.5;Tercatat;Turap Beton/Saluran Tertutup Sebagian Terbuka;True;True;0.25;
3843;23720;RWM-4325;Sal. Jl. Anggrek;Kota Adm. Jakarta Timur;Pulo Gadung;421.0;0.5;0.5;Tercatat;Turap Beton/Saluran Tertutup Sebagian Terbuka;True;True;0.25;
3844;23721;RWM-4326;Sal. Jl. Anggrek;Kota Adm. Jakarta Timur;Pulo Gadung;421.0;0.5;0.5;Tercatat;Turap Beton/Saluran Tertutup Sebagian Terbuka;True;True;0.25;
3845;23722;RWM-4329;Sal. Jl. Juwed;Kota Adm. Jakarta Timur;Pulo Gadung;175.0;0.5;0.5;Tercatat;Turap Beton/Saluran Tertutup Sebagian Terbuka;True;True;0.25;
3846;23723;RWM-4331;Sal. Jl. Juwed;Kota Adm. Jakarta Timur;Pulo Gadung;175.0;0.5;0.5;Tercatat;Turap Beton/Saluran Tertutup Sebagian Terbuka;True;True;0.25;
3847;23724;RWM-4332;Sal. Jl. Kedondong I;Kota Adm. Jakarta Timur;Pulo Gadung;350.0;0.6;0.6;Tercatat;Turap Beton/Saluran Terbuka;True;True;0.36;
3848;23725;RWM-4333;Sal. Jl. Kedondong I;Kota Adm. Jakarta Timur;Pulo Gadung;350.0;0.6;0.6;Tercatat;Turap Beton/Saluran Terbuka;True;True;0.36;
3849;23726;RWM-4334;Sal. Jl. Kedondong;Kota Adm. Jakarta Timur;Pulo Gadung;463.0;0.8;0.8;Tercatat;Turap Beton/Saluran Tertutup;True;True;0.64;
3850;23727;RWM-4336;Sal. Jl. Kedondong;Kota Adm. Jakarta Timur;Pulo Gadung;463.0;0.8;0.8;Tercatat;Turap Beton/Saluran Tertutup;True;True;0.64;
3851;23728;RWM-4337;Sal. Jl. Sawo III;Kota Adm. Jakarta Timur;Pulo Gadung;153.0;0.5;0.6;Tercatat;Turap Beton & Batu Kali/Saluran Tertutup Sebagian Terbuka;True;True;0.3;
3852;23729;RWM-4338;Sal. Jl. Sawo III;Kota Adm. Jakarta Timur;Pulo Gadung;153.0;0.5;0.6;Tercatat;Turap Beton & Batu Kali/Saluran Tertutup Sebagian Terbuka;True;True;0.3;
3853;23730;RWM-4442;Sal. Jl. Sunan Bonang;Kota Adm. Jakarta Timur;Pulo Gadung;148.0;1.1;1.0;Tercatat;Turap Batu Kali/Saluran Tertutup Sebagian Terbuka;True;True;1.1;
3854;23731;RWM-4443;Sal. Jl. Sunan Bonang;Kota Adm. Jakarta Timur;Pulo Gadung;148.0;1.1;1.0;Tercatat;Turap Batu Kali/Saluran Tertutup Sebagian Terbuka;True;True;1.1;
3855;23732;RWM-4444;;Kota Adm. Jakarta Timur;Pulo Gadung;;;;Tidak diketahui;Tidak diketahui;False;False;;dimensi_tidak_lengkap, status_belum_tercatat
